sl_no,slide_no,state,district,slide_name,nh_sh_location,latitude,longitude,material,movement,history,source
1,ASM/HKN/83D07/2020/2,Assam,,,,24.27,92.5,,,,uploaded landslide_report.pdf
2,AS/HKN/83D11/2020/1,Assam,,,,24.31,92.56,,,,uploaded landslide_report.pdf
3,AS/HKN/83D10/2020/6,Assam,,,,24.32,92.51,,,,uploaded landslide_report.pdf
4,AS/HKN/83D11/2020/4,Assam,,,,24.43,92.55,,,,uploaded landslide_report.pdf
5,AS/KRJ/83D07/2020/1,Assam,,,,24.44,92.5,,,,uploaded landslide_report.pdf
6,AS/HKN/83D11/2020/3,Assam,,,,24.44,92.56,,,,uploaded landslide_report.pdf
7,AS/HKN/83D11/2020/2,Assam,,,,24.46,92.52,,,,uploaded landslide_report.pdf
8,ASM/HLKD/83D10/2016/58,Assam,,,,24.478972,92.682861,,,,uploaded landslide_report.pdf
9,AS/HKN/83D07/2020/1,Assam,,,,24.48,92.49,,,,uploaded landslide_report.pdf
10,AS/HKN/83D10/2020/7,Assam,,,,24.51,92.64,,,,uploaded landslide_report.pdf
11,AS/HKN/83D10/2020/4,Assam,,,,24.51,92.75,,,,uploaded landslide_report.pdf
12,AS/CHR/83D14/2020/3,Assam,,,,24.51,92.9,,,,uploaded landslide_report.pdf
13,AS/HKN/83D10/2020/5,Assam,,,,24.51,92.71,,,,uploaded landslide_report.pdf
14,ASM/HLKD/83D10/2016/59,Assam,,,,24.511306,92.693028,,,,uploaded landslide_report.pdf
15,ASM/HLKD/83D10/2016/60,Assam,,,,24.515944,92.540889,,,,uploaded landslide_report.pdf
16,AS/HKN/83D10/2020/3,Assam,,,,24.52,92.53,,,,uploaded landslide_report.pdf
17,AS/HKN/83D10/2020/8,Assam,,,,24.53,92.63,,,,uploaded landslide_report.pdf
18,AS/CHR/83D14/2020/4,Assam,,,,24.53,92.84,,,,uploaded landslide_report.pdf
19,AS/CHR/83D14/2020/5,Assam,,,,24.53,92.84,,,,uploaded landslide_report.pdf
20,AS/HKN/83D10/2020/11,Assam,,,,20.0,92.63,,,,uploaded landslide_report.pdf
21,AS/HKN/83D10/2020/1,Assam,,,,21.0,92.74,,,,uploaded landslide_report.pdf
23,AS/HKN/83D10/2020/10,Assam,,,,23.0,92.75,,,,uploaded landslide_report.pdf
24,AS/CHR/83D14/2020/2,Assam,,,,24.0,92.94,,,,uploaded landslide_report.pdf
25,AS/CAC/83D10/2009-10/AS-1,Assam,,,,25.0,92.685,,,,uploaded landslide_report.pdf
26,AS/CHR/83D14/2020/6,Assam,,,,26.0,92.83,,,,uploaded landslide_report.pdf
27,AS/CHR/83D14/2020/7,Assam,,,,27.0,92.84,,,,uploaded landslide_report.pdf
28,AS/HKN/83D10/2020/2,Assam,,,,28.0,92.74,,,,uploaded landslide_report.pdf
29,AS/CHR/83D14/2020/1,Assam,,,,29.0,92.98,,,,uploaded landslide_report.pdf
30,ASM/CCR/83H2/2016/66,Assam,,,,30.0,93.005361,,,,uploaded landslide_report.pdf
31,ASM/KRGJ/83D06/2016/61,Assam,,,,24.659389,92.497361,,,,uploaded landslide_report.pdf
32,ASM/HLK/83D10/2020/003,Assam,,,,24.70364,92.64681,,,,uploaded landslide_report.pdf
33,AS/KRM/83D06/2014/01,Assam,,,,24.70619,92.28997,,,,uploaded landslide_report.pdf
34,ASM/HLK/83D10/2020/004,Assam,,,,24.70656,92.65008,,,,uploaded landslide_report.pdf
35,AS/KAR/83D06/2009-10/AS-2,Assam,,,,24.710833,92.481167,,,,uploaded landslide_report.pdf
36,ASM/CHR/83D14/2020/0002,Assam,,,,24.72192,92.90381,,,,uploaded landslide_report.pdf
37,ASM/HLK/83D10/2020/005,Assam,,,,24.73117,92.64739,,,,uploaded landslide_report.pdf
38,ASM/KGJ/83D05/2020/0008,Assam,,,,24.78002778,92.45372222,,,,uploaded landslide_report.pdf
39,ASM/KGJ/83D05/2020/007,Assam,,,,24.78380556,92.45563889,,,,uploaded landslide_report.pdf
40,ASM/HLK/83D09/2020/006,Assam,,,,24.79489,92.55506,,,,uploaded landslide_report.pdf
41,AS/DIM/83C16/2018/27,Assam,,,,27.0,93.045425,,,,uploaded landslide_report.pdf
42,AS/DIM/83C16/2018/28,Assam,,,,28.0,93.073009,,,,uploaded landslide_report.pdf
43,ASM/CHR/83H01/2020/001,Assam,,,,24.92097,93.07306,,,,uploaded landslide_report.pdf
44,AS/CHR/83D13/2020/9,Assam,,,,27.0,92.84,,,,uploaded landslide_report.pdf
45,AS/CHR/83D09/2020/8,Assam,,,,24.95,92.73,,,,uploaded landslide_report.pdf
46,AS/CHR/83D13/2020/7,Assam,,,,24.95,92.8,,,,uploaded landslide_report.pdf
47,AS/CHR/83D13/2020/5,Assam,,,,24.96,92.92,,,,uploaded landslide_report.pdf
48,AS/CHR/83D09/2020/2,Assam,,,,24.96,92.7,,,,uploaded landslide_report.pdf
49,AS/CHR/83D09/2020/3,Assam,,,,24.96,92.7,,,,uploaded landslide_report.pdf
50,AS/CHR/83D13/2020/4,Assam,,,,24.96,92.95,,,,uploaded landslide_report.pdf
51,AS/CHR/83D09/2020/1,Assam,,,,24.96,92.66,,,,uploaded landslide_report.pdf
52,AS/CHR/83D09/2020/5,Assam,,,,24.96,92.66,,,,uploaded landslide_report.pdf
53,AS/CHR/83D13/2020/8,Assam,,,,24.96,92.98,,,,uploaded landslide_report.pdf
54,AS/CHR/83D13/2020/1,Assam,,,,27.0,92.76,,,,uploaded landslide_report.pdf
55,AS/CHR/83D09/2020/4,Assam,,,,24.97,92.72,,,,uploaded landslide_report.pdf
56,AS/CHR/83D09/2020/6,Assam,,,,24.97,92.72,,,,uploaded landslide_report.pdf
57,AS/CHR/83D09/2020/7,Assam,,,,24.97,92.72,,,,uploaded landslide_report.pdf
58,AS/CAC/83H01/2018/55,Assam,,,,24.97228,93.03289,,,,uploaded landslide_report.pdf
59,AS/CAC/83H01/2018/54,Assam,,,,24.97692,93.033,,,,uploaded landslide_report.pdf
60,AS/CAC/83H01/2018/53,Assam,,,,24.97714,93.03344,,,,uploaded landslide_report.pdf
61,AS/CHR/83D13/2020/6,Assam,,,,27.0,92.75,,,,uploaded landslide_report.pdf
62,AS/CHR/83D13/2020/3,Assam,,,,24.98,92.96,,,,uploaded landslide_report.pdf
63,AS/CHR/83C12/2020/3,Assam,,,,24.98,92.72,,,,uploaded landslide_report.pdf
64,AS/CHR/83D09/2020/9,Assam,,,,24.99,92.6,,,,uploaded landslide_report.pdf
65,AS/CHR/83D05/2020/2,Assam,,,,24.99,92.45,,,,uploaded landslide_report.pdf
66,AS/CHR/83D13/2020/2,Assam,,,,27.0,92.75,,,,uploaded landslide_report.pdf
67,AS/CAC/83H01/2018/42,Assam,,,,24.993,93.161583,,,,uploaded landslide_report.pdf
68,AS/CAC/83H01/2018/43,Assam,,,,24.99561,93.16261,,,,uploaded landslide_report.pdf
69,AS/CHR/83D05/2020/1,Assam,,,,25.0,92.43,,,,uploaded landslide_report.pdf
70,AS/DIM/83G4/2015/61,Assam,,,,25.003,93.164,,,,uploaded landslide_report.pdf
71,AS/DIM/83G4/2015/33,Assam,,,,25.008,93.04,,,,uploaded landslide_report.pdf
72,AS/CHR/83C12/2020/5,Assam,,,,27.0,92.75,,,,uploaded landslide_report.pdf
73,AS/CHR/83C12/2020/6,Assam,,,,27.0,92.75,,,,uploaded landslide_report.pdf
74,AS/CHR/83C12/2020/7,Assam,,,,27.0,92.75,,,,uploaded landslide_report.pdf
75,AS/CHR/83C12/2020/4,Assam,,,,25.01,92.73,,,,uploaded landslide_report.pdf
76,AS/DIM/83C16/2017/10,Assam,,,,25.010379,92.75482,,,,uploaded landslide_report.pdf
77,AS/DIM/83C16/2017/41,Assam,,,,25.01856,92.77011,,,,uploaded landslide_report.pdf
78,AS/DIM/83C16/2018/49,Assam,,,,25.019029,92.770549,,,,uploaded landslide_report.pdf
79,AS/CHR/83C12/2020/1,Assam,,,,25.02,92.52,,,,uploaded landslide_report.pdf
80,AS/CHR/83C12/2020/2,Assam,,,,25.02,92.52,,,,uploaded landslide_report.pdf
81,AS/CAC/83C4/2016/73,Assam,,,,25.029708,92.463967,,,,uploaded landslide_report.pdf
82,AS/CAC/83C4/2016/74,Assam,,,,25.031431,92.463231,,,,uploaded landslide_report.pdf
83,AS/CAC/83C4/2016/75,Assam,,,,25.032119,92.462636,,,,uploaded landslide_report.pdf
84,AS/CAC/83C4/2016/76,Assam,,,,25.032989,92.462214,,,,uploaded landslide_report.pdf
85,AS/DIM/83C16/2017/58,Assam,,,,25.034948,92.778753,,,,uploaded landslide_report.pdf
86,AS/DIM/83C16/2017/40,Assam,,,,25.0365,92.780417,,,,uploaded landslide_report.pdf
87,MEG/WJH/83C4/2016/45,Assam,,,,25.037203,92.450339,,,,uploaded landslide_report.pdf
88,AS/DIM/83C16/2017/39,Assam,,,,25.039722,92.781889,,,,uploaded landslide_report.pdf
89,AS/DIM/83C16/2017/38,Assam,,,,25.041083,92.783111,,,,uploaded landslide_report.pdf
90,AS/DIM/83C16/2017/37,Assam,,,,25.046444,92.789667,,,,uploaded landslide_report.pdf
91,AS/DIM/83C16/2017/36,Assam,,,,25.046778,92.790111,,,,uploaded landslide_report.pdf
92,AS/DIM/83C16/2017/25,Assam,,,,25.0,92.793389,,,,uploaded landslide_report.pdf
93,AS/DIM/83C16/2018/29,Assam,,,,29.0,92.78931,,,,uploaded landslide_report.pdf
94,AS/DIM/83C16/2017/24,Assam,,,,24.0,92.796722,,,,uploaded landslide_report.pdf
95,AS/DIM/83C16/2017/23,Assam,,,,23.0,92.79725,,,,uploaded landslide_report.pdf
96,AS/DIM/83C16/2017/22,Assam,,,,22.0,92.799667,,,,uploaded landslide_report.pdf
97,AS/DIM/83C16/2017/21,Assam,,,,21.0,92.800333,,,,uploaded landslide_report.pdf
98,AS/DIM/83C16/2017/20,Assam,,,,20.0,92.801722,,,,uploaded landslide_report.pdf
99,AS/DIM/83C16/2017/18,Assam,,,,25.060088,92.807089,,,,uploaded landslide_report.pdf
100,AS/DIM/83C16/2017/19,Assam,,,,25.060944,92.80675,,,,uploaded landslide_report.pdf
101,AS/DIM/83C16/2017/15,Assam,,,,25.061375,92.795906,,,,uploaded landslide_report.pdf
102,AS/DIM/83C16/2017/17,Assam,,,,25.061417,92.806833,,,,uploaded landslide_report.pdf
103,AS/DIM/83C16/2017/13,Assam,,,,25.061847,92.79345,,,,uploaded landslide_report.pdf
104,AS/DIM/83C16/2017/14,Assam,,,,25.063378,92.795536,,,,uploaded landslide_report.pdf
105,AS/DIM/83C16/2017/12,Assam,,,,25.063472,92.807796,,,,uploaded landslide_report.pdf
106,AS/DIH/83G08/2020/33,Assam,,,,25.07,93.29,,,,uploaded landslide_report.pdf
107,AS/DIM/83C16/2017/16,Assam,,,,25.072636,92.794514,,,,uploaded landslide_report.pdf
108,AS/DIM/83C16/2017/11,Assam,,,,25.073228,92.814734,,,,uploaded landslide_report.pdf
109,AS/DIM/83C16/2017/09,Assam,,,,25.078935,92.95379,,,,uploaded landslide_report.pdf
110,AS/DIM/83C16/2017/08,Assam,,,,25.088389,92.958944,,,,uploaded landslide_report.pdf
111,AS/DIH/83G08/2020/31,Assam,,,,25.1,93.28,,,,uploaded landslide_report.pdf
112,AS/DIH/83G08/2020/32,Assam,,,,25.1,93.28,,,,uploaded landslide_report.pdf
113,AS/DIH/83G08/2020/36,Assam,,,,25.1,93.28,,,,uploaded landslide_report.pdf
114,AS/DIM/83C16/2017/06,Assam,,,,25.10275,92.986944,,,,uploaded landslide_report.pdf
115,AS/DIM/83C16/2017/07,Assam,,,,25.10292,92.986883,,,,uploaded landslide_report.pdf
116,AS/DIM/83C16/2017/01,Assam,,,,25.105414,92.972784,,,,uploaded landslide_report.pdf
117,AS/DIM/83G4/2015/14,Assam,,,,25.106,93.001,,,,uploaded landslide_report.pdf
118,AS/DIM/83C16/2017/02,Assam,,,,25.106956,92.991363,,,,uploaded landslide_report.pdf
119,AS/DIM/83G4/2015/13,Assam,,,,25.107,93.002,,,,uploaded landslide_report.pdf
120,AS/DIM/83C16/2017/31,Assam,,,,25.107546,92.885543,,,,uploaded landslide_report.pdf
121,AS/DIM/83G4/2015/15,Assam,,,,25.108,93.003,,,,uploaded landslide_report.pdf
122,AS/DIM/83C16/2017/03,Assam,,,,25.108759,92.978048,,,,uploaded landslide_report.pdf
123,AS/DIM/83C16/2017/04,Assam,,,,25.108806,92.975139,,,,uploaded landslide_report.pdf
124,AS/DIM/83C16/2017/34,Assam,,,,25.108877,92.929125,,,,uploaded landslide_report.pdf
125,AS/DIM/83C16/2017/33,Assam,,,,25.11219,92.86881,,,,uploaded landslide_report.pdf
126,AS/DIM/83C16/2018/30,Assam,,,,30.0,92.87756,,,,uploaded landslide_report.pdf
127,AS/DIM/83C16/2017/32,Assam,,,,25.11297,92.95433,,,,uploaded landslide_report.pdf
128,AS/DIM/83G4/2015/11,Assam,,,,25.118,93.014,,,,uploaded landslide_report.pdf
129,AS/DIM/83G4/2015/16,Assam,,,,25.119,93.017,,,,uploaded landslide_report.pdf
130,AS/DIM/83G4/2015/17,Assam,,,,25.119,93.018,,,,uploaded landslide_report.pdf
131,AS/DIM/83G4/2015/18,Assam,,,,25.12,93.02,,,,uploaded landslide_report.pdf
132,AS/NC/83C16/2009-10/AS-4,Assam,,,,25.121,92.915028,,,,uploaded landslide_report.pdf
133,AS/DIM/83G4/2015/55,Assam,,,,25.122,93.025,,,,uploaded landslide_report.pdf
134,AS/DIM/83G4/2015/21,Assam,,,,21.0,93.026,,,,uploaded landslide_report.pdf
135,AS/DIM/83G4/2015/19,Assam,,,,25.123,93.034,,,,uploaded landslide_report.pdf
136,AS/DIM/83G4/2015/20,Assam,,,,20.0,93.033,,,,uploaded landslide_report.pdf
137,AS/NC/83C16/2009-10/AS-5,Assam,,,,25.124306,92.904278,,,,uploaded landslide_report.pdf
138,AS/NC/83C16/2009-10/AS-3,Assam,,,,25.124583,92.989111,,,,uploaded landslide_report.pdf
139,AS/DIM/83C16/2017/35,Assam,,,,25.12906,92.97418,,,,uploaded landslide_report.pdf
140,AS/DIH/83G08/2020/17,Assam,,,,25.13,93.27,,,,uploaded landslide_report.pdf
141,AS/DIH/83G08/2020/19,Assam,,,,25.13,93.29,,,,uploaded landslide_report.pdf
142,AS/DIM/83G4/2015/65,Assam,,,,25.134,93.045,,,,uploaded landslide_report.pdf
143,ASM/DH/83G4/2016/19,Assam,,,,25.134472,93.018972,,,,uploaded landslide_report.pdf
144,AS/DIM/83G4/2015/27,Assam,,,,27.0,93.04,,,,uploaded landslide_report.pdf
145,AS/DIM/83G4/2015/32,Assam,,,,25.135,93.04,,,,uploaded landslide_report.pdf
146,AS/DIM/83G4/2015/36,Assam,,,,25.136,93.04,,,,uploaded landslide_report.pdf
147,AS/DIM/83G4/2015/29,Assam,,,,29.0,93.04,,,,uploaded landslide_report.pdf
148,AS/DIM/83G4/2015/34,Assam,,,,25.137,93.034,,,,uploaded landslide_report.pdf
149,AS/DIM/83G4/2015/35,Assam,,,,25.137,93.04,,,,uploaded landslide_report.pdf
150,AS/DIM/83G4/2015/22,Assam,,,,22.0,93.018,,,,uploaded landslide_report.pdf
151,AS/DIM/83G4/2015/56,Assam,,,,25.139,93.025,,,,uploaded landslide_report.pdf
152,AS/DIM/83G4/2015/58,Assam,,,,25.139,93.025,,,,uploaded landslide_report.pdf
153,AS/DIM/83G4/2015/30,Assam,,,,30.0,93.04,,,,uploaded landslide_report.pdf
154,ASM/DH/83G4/2016/18,Assam,,,,25.139611,93.019556,,,,uploaded landslide_report.pdf
155,AS/DIH/83G08/2020/20,Assam,,,,20.0,93.31,,,,uploaded landslide_report.pdf
156,AS/DIH/83G08/2020/30,Assam,,,,30.0,93.3,,,,uploaded landslide_report.pdf
157,ASM/DH/83G4/2016/17,Assam,,,,25.140417,93.020389,,,,uploaded landslide_report.pdf
158,AS/DIM/83G4/2015/28,Assam,,,,28.0,93.04,,,,uploaded landslide_report.pdf
159,AS/DIM/83G4/2015/31,Assam,,,,25.142,93.04,,,,uploaded landslide_report.pdf
160,AS/DIM/83G4/2015/49,Assam,,,,25.145,93.158,,,,uploaded landslide_report.pdf
161,ASM/DH/83G4/2016/44,Assam,,,,25.14525,93.029167,,,,uploaded landslide_report.pdf
162,ASM/DH/83G4/2016/16,Assam,,,,25.145861,93.024194,,,,uploaded landslide_report.pdf
163,AS/DH/83C16/2018/002,Assam,,,,25.146306,93.942167,,,,uploaded landslide_report.pdf
164,ASM/DH/83G4/2016/02,Assam,,,,25.146778,93.030972,,,,uploaded landslide_report.pdf
165,ASM/DH/83G4/2016/43,Assam,,,,25.148722,93.031917,,,,uploaded landslide_report.pdf
166,AS/DIH/83G08/2020/21,Assam,,,,21.0,93.37,,,,uploaded landslide_report.pdf
167,ASM/DH/83G4/2016/15,Assam,,,,25.150694,93.025833,,,,uploaded landslide_report.pdf
168,AS/DIM/83G4/2015/41,Assam,,,,25.155,93.067,,,,uploaded landslide_report.pdf
169,AS/DIM/83G4/2015/42,Assam,,,,25.155,93.067,,,,uploaded landslide_report.pdf
170,AS/DIM/83G4/2015/26,Assam,,,,26.0,93.073,,,,uploaded landslide_report.pdf
171,ASM/DH/83G4/2016/25,Assam,,,,25.0,93.022222,,,,uploaded landslide_report.pdf
172,ASM/DH/83G4/2016/24,Assam,,,,24.0,93.022778,,,,uploaded landslide_report.pdf
173,AS/DIM/83G4/2015/57,Assam,,,,25.156,93.018,,,,uploaded landslide_report.pdf
174,ASM/DH/83G4/2016/27,Assam,,,,27.0,93.018389,,,,uploaded landslide_report.pdf
175,ASM/DH/83G4/2016/26,Assam,,,,26.0,93.019611,,,,uploaded landslide_report.pdf
176,ASM/DH/83G4/2016/06,Assam,,,,25.156694,93.017667,,,,uploaded landslide_report.pdf
177,AS/DIM/83G4/2015/64,Assam,,,,25.157,93.062,,,,uploaded landslide_report.pdf
178,AS/DIM/83G4/2015/43,Assam,,,,25.157,93.066,,,,uploaded landslide_report.pdf
179,ASM/DH/83G4/2016/29,Assam,,,,29.0,93.017194,,,,uploaded landslide_report.pdf
180,ASM/DH/83G4/2016/28,Assam,,,,28.0,93.016083,,,,uploaded landslide_report.pdf
181,ASM/DH/83G4/2016/30,Assam,,,,30.0,93.017,,,,uploaded landslide_report.pdf
182,ASM/DH/83G4/2016/14,Assam,,,,25.163444,93.023167,,,,uploaded landslide_report.pdf
183,ASM/DH/83G4/2016/42,Assam,,,,25.164,93.040194,,,,uploaded landslide_report.pdf
184,ASM/DH/83G4/2016/13,Assam,,,,25.165639,93.025444,,,,uploaded landslide_report.pdf
185,AS/DIM/83G4/2015/44,Assam,,,,25.169,93.155,,,,uploaded landslide_report.pdf
186,AS/DIM/83G4/2015/45,Assam,,,,25.169,93.156,,,,uploaded landslide_report.pdf
187,AS/DIH/83G08/2020/15,Assam,,,,25.17,93.36,,,,uploaded landslide_report.pdf
188,AS/DIH/83G08/2020/46,Assam,,,,25.17,93.29,,,,uploaded landslide_report.pdf
189,ASM/DH/83G4/2016/12,Assam,,,,25.171889,93.003944,,,,uploaded landslide_report.pdf
190,ASM/DH/83G4/2016/11,Assam,,,,25.175056,93.020417,,,,uploaded landslide_report.pdf
191,ASM/DH/83G4/2016/10,Assam,,,,25.175972,93.020167,,,,uploaded landslide_report.pdf
192,ASM/DH/83G4/2016/23,Assam,,,,23.0,93.116139,,,,uploaded landslide_report.pdf
193,ASM/DH/83G4/2016/08,Assam,,,,25.176917,93.026556,,,,uploaded landslide_report.pdf
194,ASM/DH/83G4/2016/09,Assam,,,,25.177028,93.020889,,,,uploaded landslide_report.pdf
195,ASM/DH/83G4/2016/05,Assam,,,,25.1775,93.026222,,,,uploaded landslide_report.pdf
196,ASM/DH/83G4/2016/01,Assam,,,,25.179861,93.070778,,,,uploaded landslide_report.pdf
197,AS/DIH/83G08/2020/14,Assam,,,,25.18,93.33,,,,uploaded landslide_report.pdf
198,AS/DIH/83G08/2020/39,Assam,,,,25.18,93.3,,,,uploaded landslide_report.pdf
199,AS/DIH/83G08/2020/41,Assam,,,,25.18,93.3,,,,uploaded landslide_report.pdf
200,AS/DIH/83G08/2020/42,Assam,,,,25.18,93.3,,,,uploaded landslide_report.pdf
201,ASM/DH/83G4/2016/20,Assam,,,,20.0,93.125639,,,,uploaded landslide_report.pdf
202,AS/DIM/83G4/2015/62,Assam,,,,25.186,93.104,,,,uploaded landslide_report.pdf
203,ASM/DH/83G4/2016/21,Assam,,,,21.0,93.120556,,,,uploaded landslide_report.pdf
204,AS/DIM/83G4/2015/63,Assam,,,,25.188,93.066,,,,uploaded landslide_report.pdf
205,ASM/DH/83G4/2016/41,Assam,,,,25.188444,93.019667,,,,uploaded landslide_report.pdf
206,AS/DIM/83G4/2015/37,Assam,,,,25.189,93.192,,,,uploaded landslide_report.pdf
207,AS/DIM/83G4/2015/38,Assam,,,,25.189,93.226,,,,uploaded landslide_report.pdf
208,ASM/DH/83G4/2016/53,Assam,,,,25.189556,93.096417,,,,uploaded landslide_report.pdf
209,AS/DIM/83G4/2015/40,Assam,,,,25.19,93.191,,,,uploaded landslide_report.pdf
210,AS/DIH/83G08/2020/34,Assam,,,,25.19,93.3,,,,uploaded landslide_report.pdf
211,AS/DIH/83G08/2020/40,Assam,,,,25.19,93.3,,,,uploaded landslide_report.pdf
212,AS/DIH/83G08/2020/44,Assam,,,,25.19,93.3,,,,uploaded landslide_report.pdf
213,AS/DIM/83G4/2015/39,Assam,,,,25.191,93.192,,,,uploaded landslide_report.pdf
214,ASM/DH/83G4/2016/22,Assam,,,,22.0,93.120417,,,,uploaded landslide_report.pdf
215,ASM/DH/83G4/2016/40,Assam,,,,25.196694,93.018583,,,,uploaded landslide_report.pdf
216,ASM/DH/83G4/2016/39,Assam,,,,25.199722,93.016722,,,,uploaded landslide_report.pdf
217,AS/DIH/83G08/2020/1,Assam,,,,25.2,93.25,,,,uploaded landslide_report.pdf
218,AS/DIH/83G08/2020/43,Assam,,,,25.2,93.25,,,,uploaded landslide_report.pdf
219,AS/DIM/83G4/2015/50,Assam,,,,25.201,93.122,,,,uploaded landslide_report.pdf
220,AS/DIM/83G4/2015/48,Assam,,,,25.204,93.059,,,,uploaded landslide_report.pdf
221,ASM/DH/83G4/2016/54,Assam,,,,25.204556,93.138889,,,,uploaded landslide_report.pdf
222,AS/DIM/83G4/2015/46,Assam,,,,25.205,93.059,,,,uploaded landslide_report.pdf
223,AS/DIM/83G4/2015/47,Assam,,,,25.205,93.008,,,,uploaded landslide_report.pdf
224,ASM/DH/83G4/2016/07,Assam,,,,25.205528,93.020139,,,,uploaded landslide_report.pdf
225,AS/DIM/83G4/2015/53,Assam,,,,25.206,93.126,,,,uploaded landslide_report.pdf
226,ASM/DH/83G4/2016/03,Assam,,,,25.207389,93.122778,,,,uploaded landslide_report.pdf
227,AS/DIM/83G4/2015/51,Assam,,,,25.208,93.121,,,,uploaded landslide_report.pdf
228,AS/DIH/83G08/2020/12,Assam,,,,25.21,93.25,,,,uploaded landslide_report.pdf
229,AS/DIH/83G08/2020/25,Assam,,,,25.0,93.31,,,,uploaded landslide_report.pdf
230,AS/DIH/83G08/2020/27,Assam,,,,27.0,93.31,,,,uploaded landslide_report.pdf
231,ASM/DH/83G4/2016/36,Assam,,,,25.214944,93.021611,,,,uploaded landslide_report.pdf
232,AS/DIM/83C16/2017/05,Assam,,,,25.216881,92.982245,,,,uploaded landslide_report.pdf
233,ASM/DH/83G4/2016/38,Assam,,,,25.216944,93.011361,,,,uploaded landslide_report.pdf
234,ASM/DH/83G4/2016/37,Assam,,,,25.2185,93.013111,,,,uploaded landslide_report.pdf
235,AS/DIH/83G08/2020/2,Assam,,,,25.22,93.29,,,,uploaded landslide_report.pdf
236,AS/DIH/83G08/2020/7,Assam,,,,25.22,93.29,,,,uploaded landslide_report.pdf
237,AS/DIH/83G08/2020/9,Assam,,,,25.22,93.34,,,,uploaded landslide_report.pdf
238,AS/DIH/83G08/2020/10,Assam,,,,25.22,93.34,,,,uploaded landslide_report.pdf
239,AS/DIH/83G08/2020/13,Assam,,,,25.22,93.35,,,,uploaded landslide_report.pdf
240,AS/DIH/83G08/2020/24,Assam,,,,24.0,93.32,,,,uploaded landslide_report.pdf
241,AS/DIH/83G08/2020/47,Assam,,,,25.22,93.29,,,,uploaded landslide_report.pdf
242,AS/DH/83G04/2018/003,Assam,,,,25.224278,93.222861,,,,uploaded landslide_report.pdf
243,AS/NC/83G04/2009-10/AS-6,Assam,,,,25.229556,93.1556,,,,uploaded landslide_report.pdf
244,AS/DIH/83G08/2020/28,Assam,,,,28.0,93.34,,,,uploaded landslide_report.pdf
245,AS/DIH/83G08/2020/45,Assam,,,,25.23,93.29,,,,uploaded landslide_report.pdf
246,AS/DIM/83C16/2018/26,Assam,,,,26.0,92.801279,,,,uploaded landslide_report.pdf
247,AS/DIH/83G08/2020/4,Assam,,,,25.24,93.28,,,,uploaded landslide_report.pdf
248,AS/DIH/83G08/2020/5,Assam,,,,25.24,93.27,,,,uploaded landslide_report.pdf
249,AS/DIH/83G08/2020/6,Assam,,,,25.24,93.27,,,,uploaded landslide_report.pdf
250,AS/DIM/83G4/2015/52,Assam,,,,25.242,93.14,,,,uploaded landslide_report.pdf
251,ASM/DIM/83C15/2017/03,Assam,,,,25.257696,92.809603,,,,uploaded landslide_report.pdf
252,AS/DIM/83G07/2017/65,Assam,,,,25.263528,93.390611,,,,uploaded landslide_report.pdf
253,AS/DIM/83G07/2017/66,Assam,,,,25.264056,93.409528,,,,uploaded landslide_report.pdf
254,AS/DIM/83G07/2017/27,Assam,,,,27.0,93.252972,,,,uploaded landslide_report.pdf
255,AS/DIM/83G07/2017/28,Assam,,,,28.0,93.253194,,,,uploaded landslide_report.pdf
256,AS/DIM/83G07/2017/29,Assam,,,,29.0,93.296111,,,,uploaded landslide_report.pdf
257,ASM/DIM/83C15/2017/04,Assam,,,,25.290089,92.799175,,,,uploaded landslide_report.pdf
258,AS/DIM/83G07/2017/5,Assam,,,,25.308028,93.471028,,,,uploaded landslide_report.pdf
259,AS/DIM/83G7/2017/6,Assam,,,,25.309111,93.470694,,,,uploaded landslide_report.pdf
260,ASM/DIM/83C15/2017/06,Assam,,,,25.320232,92.818091,,,,uploaded landslide_report.pdf
261,ASM/DIM/83C15/2017/05,Assam,,,,25.323731,92.80751,,,,uploaded landslide_report.pdf
262,AS/DIM/83G07/2017/64,Assam,,,,25.328139,93.334056,,,,uploaded landslide_report.pdf
263,AS/DIM/83G07/2017/63,Assam,,,,25.332083,93.334639,,,,uploaded landslide_report.pdf
264,ASM/DIM/83C15/2017/10,Assam,,,,25.336054,92.82053,,,,uploaded landslide_report.pdf
265,AS/DIM/83G07/2017/19,Assam,,,,25.362583,93.257722,,,,uploaded landslide_report.pdf
266,AS/DIM/83G07/2017/20,Assam,,,,20.0,93.260306,,,,uploaded landslide_report.pdf
267,AS/DIM/83G4/2015/23,Assam,,,,23.0,93.12,,,,uploaded landslide_report.pdf
268,AS/DIM/83G07/2017/44,Assam,,,,25.394111,93.410417,,,,uploaded landslide_report.pdf
269,ASM/DIM/83C15/2017/14,Assam,,,,25.395431,92.990267,,,,uploaded landslide_report.pdf
270,AS/DIM/83G07/2017/30,Assam,,,,30.0,93.297528,,,,uploaded landslide_report.pdf
271,AS/DIM/83G07/2017/43,Assam,,,,25.402333,93.407583,,,,uploaded landslide_report.pdf
272,AS/DIM/83G07/2017/41,Assam,,,,25.402472,93.390444,,,,uploaded landslide_report.pdf
273,AS/DIM/83G07/2017/42,Assam,,,,25.4025,93.392194,,,,uploaded landslide_report.pdf
274,AS/DIM/83G4/2015/24,Assam,,,,24.0,93.132,,,,uploaded landslide_report.pdf
275,AS/DIM/83G4/2015/25,Assam,,,,25.0,93.133,,,,uploaded landslide_report.pdf
276,AS/DIM/83G07/2017/40,Assam,,,,25.405,93.372194,,,,uploaded landslide_report.pdf
277,ASM/DIM/83C15/2017/02,Assam,,,,25.40837,92.82826,,,,uploaded landslide_report.pdf
278,AS/DIM/83G07/2017/21,Assam,,,,21.0,93.283436,,,,uploaded landslide_report.pdf
279,AS/DIM/83G07/2017/22,Assam,,,,22.0,93.284,,,,uploaded landslide_report.pdf
280,AS/DIM/83G07/2017/23,Assam,,,,23.0,93.284222,,,,uploaded landslide_report.pdf
281,ASM/DIM/83C15/2017/13,Assam,,,,25.41616,92.778653,,,,uploaded landslide_report.pdf
282,ASM/DH/83G4/2016/04,Assam,,,,25.417333,93.129083,,,,uploaded landslide_report.pdf
283,AS/DIM/83G07/2017/39,Assam,,,,25.417528,93.372528,,,,uploaded landslide_report.pdf
284,AS/DIM/83G3/2015/59,Assam,,,,25.42,93.002,,,,uploaded landslide_report.pdf
285,AS/DIM/83G07/2017/38,Assam,,,,25.420278,93.371306,,,,uploaded landslide_report.pdf
286,AS/DIM/83G07/2017/37,Assam,,,,25.420806,93.371056,,,,uploaded landslide_report.pdf
287,AS/DIM/83G07/2017/36,Assam,,,,25.421333,93.370361,,,,uploaded landslide_report.pdf
288,ASM/DIM/83C15/2017/09,Assam,,,,25.422535,92.989119,,,,uploaded landslide_report.pdf
289,ASM/DIM/83C15/2017/01,Assam,,,,25.423438,92.985022,,,,uploaded landslide_report.pdf
290,AS/DIM/83G07/2017/35,Assam,,,,25.423806,93.369722,,,,uploaded landslide_report.pdf
291,AS/DIM/83G07/2017/34,Assam,,,,25.423861,93.369417,,,,uploaded landslide_report.pdf
292,AS/DIM/83G3/2015/60,Assam,,,,25.424,93.0,,,,uploaded landslide_report.pdf
293,AS/DIM/83G07/2017/32,Assam,,,,25.4255,93.363944,,,,uploaded landslide_report.pdf
294,AS/DIM/83G07/2017/33,Assam,,,,25.425611,93.364444,,,,uploaded landslide_report.pdf
295,AS/DIM/83G07/2017/24,Assam,,,,24.0,93.312597,,,,uploaded landslide_report.pdf
296,AS/DIM/83G07/2017/25,Assam,,,,25.0,93.328944,,,,uploaded landslide_report.pdf
297,ASM/DIM/83C15/2017/12,Assam,,,,25.434031,92.885056,,,,uploaded landslide_report.pdf
298,AS/DIM/83G07/2017/61,Assam,,,,25.435639,93.405944,,,,uploaded landslide_report.pdf
299,AS/DIM/83G07/2017/8,Assam,,,,25.435917,93.455944,,,,uploaded landslide_report.pdf
300,AS/DIM/83G07/2017/55,Assam,,,,25.4365,93.402333,,,,uploaded landslide_report.pdf
301,AS/DIM/83G07/2017/60,Assam,,,,25.436528,93.4065,,,,uploaded landslide_report.pdf
302,AS/DIM/83G07/2017/62,Assam,,,,25.436639,93.405917,,,,uploaded landslide_report.pdf
303,AS/DIM/83G07/2017/56,Assam,,,,25.436694,93.402944,,,,uploaded landslide_report.pdf
304,AS/DIM/83G07/2017/58,Assam,,,,25.436861,93.404583,,,,uploaded landslide_report.pdf
305,AS/DIM/83G07/2017/2,Assam,,,,25.436972,93.454111,,,,uploaded landslide_report.pdf
306,AS/DIM/83G07/2017/57,Assam,,,,25.437111,93.403639,,,,uploaded landslide_report.pdf
307,AS/DIM/83G07/2017/59,Assam,,,,25.4375,93.404444,,,,uploaded landslide_report.pdf
308,AS/DIM/83G07/2017/67,Assam,,,,25.437722,93.349889,,,,uploaded landslide_report.pdf
309,AS/DIM/83G07/2017/31,Assam,,,,25.438694,93.362583,,,,uploaded landslide_report.pdf
310,ASM/DIM/83C15/2017/08,Assam,,,,25.438723,92.912025,,,,uploaded landslide_report.pdf
311,AS/DIM/83G07/2017/26,Assam,,,,26.0,93.354197,,,,uploaded landslide_report.pdf
312,ASM/DIM/83C15/2017/11,Assam,,,,25.441734,92.892033,,,,uploaded landslide_report.pdf
313,ASM/DIM/83C15/2017/15,Assam,,,,25.441757,92.907383,,,,uploaded landslide_report.pdf
314,ASM/DIM/83C15/2017/07,Assam,,,,25.443082,92.989873,,,,uploaded landslide_report.pdf
315,AS/DIM/83G07/2017/18,Assam,,,,25.443417,93.421444,,,,uploaded landslide_report.pdf
316,AS/DIM/83G07/2017/11,Assam,,,,25.443639,93.431444,,,,uploaded landslide_report.pdf
317,AS/DIM/83G07/2017/13,Assam,,,,25.443861,93.426222,,,,uploaded landslide_report.pdf
318,AS/DIM/83G07/2017/17,Assam,,,,25.443972,93.422778,,,,uploaded landslide_report.pdf
319,AS/DIM/83G07/2017/12,Assam,,,,25.444028,93.4265,,,,uploaded landslide_report.pdf
320,AS/DIM/83G07/2017/14,Assam,,,,25.444167,93.425528,,,,uploaded landslide_report.pdf
321,AS/DIM/83G07/2017/15,Assam,,,,25.444194,93.424694,,,,uploaded landslide_report.pdf
322,AS/DIM/83G07/2017/16,Assam,,,,25.444306,93.423944,,,,uploaded landslide_report.pdf
323,AS/DIM/83G07/2017/54,Assam,,,,25.446056,93.408583,,,,uploaded landslide_report.pdf
324,AS/DIM/83G07/2017/45,Assam,,,,25.447528,93.364417,,,,uploaded landslide_report.pdf
325,AS/DIM/83G07/2017/46,Assam,,,,25.449056,93.370861,,,,uploaded landslide_report.pdf
326,AS/DIM/83G07/2017/53,Assam,,,,25.452278,93.394333,,,,uploaded landslide_report.pdf
327,AS/DIM/83G07/2017/52,Assam,,,,25.453167,93.394667,,,,uploaded landslide_report.pdf
328,AS/DIM/83G07/2017/47,Assam,,,,25.453528,93.371194,,,,uploaded landslide_report.pdf
329,AS/DIM/83G07/2017/48,Assam,,,,25.453611,93.371389,,,,uploaded landslide_report.pdf
330,AS/DIM/83G07/2017/50,Assam,,,,25.454083,93.375972,,,,uploaded landslide_report.pdf
331,AS/DIM/83G07/2017/49,Assam,,,,25.455333,93.374472,,,,uploaded landslide_report.pdf
332,AS/DIM/83G07/2017/51,Assam,,,,25.462361,93.384306,,,,uploaded landslide_report.pdf
333,AS/DIM/83G2/2015/07,Assam,,,,25.50669,93.10536,,,,uploaded landslide_report.pdf
334,ASM/DIM/83C15/2017/16,Assam,,,,25.513567,92.784825,,,,uploaded landslide_report.pdf
335,ASM/DIM/83C15/2017/07,Assam,,,,25.51402,92.765435,,,,uploaded landslide_report.pdf
336,ASM/DIM/83C10/2016/32,Assam,,,,25.569,92.71653,,,,uploaded landslide_report.pdf
337,ASM/DIM/83C10/2016/33,Assam,,,,25.57994,92.72822,,,,uploaded landslide_report.pdf
338,AS/DIM/83G2/2015/04,Assam,,,,25.61092,93.09178,,,,uploaded landslide_report.pdf
339,AS/DIM/83G2/2015/06,Assam,,,,25.64897,93.12083,,,,uploaded landslide_report.pdf
340,AS/DIM/83G2/2015/02,Assam,,,,25.65167,93.12083,,,,uploaded landslide_report.pdf
341,AS/DIM/83G2/2015/03,Assam,,,,25.65792,93.11811,,,,uploaded landslide_report.pdf
342,AS/DIM/83G2/2015/01,Assam,,,,25.65839,93.11808,,,,uploaded landslide_report.pdf
343,AS/DIM/83G2/2015/05,Assam,,,,25.67153,93.11522,,,,uploaded landslide_report.pdf
344,AS/DIM/83G2/2015/10,Assam,,,,25.72486,93.131083,,,,uploaded landslide_report.pdf
345,AS/DIM/83G2/2015/09,Assam,,,,25.72561,93.13075,,,,uploaded landslide_report.pdf
346,ASM/WKA/83C09/2016/26,Assam,,,,26.0,92.52258,,,,uploaded landslide_report.pdf
347,AS/KAM/78O5/2020/4,Assam,,,,25.79,91.24,,,,uploaded landslide_report.pdf
348,ASM/WKA/83C09/2016/25,Assam,,,,25.0,92.52653,,,,uploaded landslide_report.pdf
349,ASM/WKA/83B08/2017/47,Assam,,,,25.809417,92.474833,,,,uploaded landslide_report.pdf
350,AS/KAR/83G09/2017/1,Assam,,,,25.81044,93.58616,,,,uploaded landslide_report.pdf
351,ASM/WKA/83C09/2016/18,Assam,,,,25.81175,92.55003,,,,uploaded landslide_report.pdf
352,ASM/WKA/83C09/2016/19,Assam,,,,25.812,92.55069,,,,uploaded landslide_report.pdf
353,ASM/WKA/83C09/2016/17,Assam,,,,25.81236,92.55156,,,,uploaded landslide_report.pdf
354,ASM/WKA/83C09/2016/16,Assam,,,,25.81428,92.55422,,,,uploaded landslide_report.pdf
355,ASM/WKA/83C09/2016/15,Assam,,,,25.81542,92.5535,,,,uploaded landslide_report.pdf
356,ASM/WKA/83C09/2016/37,Assam,,,,25.81678,92.71878,,,,uploaded landslide_report.pdf
357,ASM/WKA/83C09/2016/36,Assam,,,,25.81689,92.71744,,,,uploaded landslide_report.pdf
358,AS/NAG/83G2/2015/08,Assam,,,,25.81756,93.10886,,,,uploaded landslide_report.pdf
359,ASM/WKA/83C09/2016/38,Assam,,,,25.81806,92.74872,,,,uploaded landslide_report.pdf
360,ASM/WKA/83C09/2016/14,Assam,,,,25.82108,92.544,,,,uploaded landslide_report.pdf
361,ASM/WKA/83C09/2016/13,Assam,,,,25.822458,92.546381,,,,uploaded landslide_report.pdf
362,AS/KAR/83G05/2017/13,Assam,,,,25.82522,93.4243,,,,uploaded landslide_report.pdf
363,ASM/WKA/83C09/2016/12,Assam,,,,25.82528,92.54775,,,,uploaded landslide_report.pdf
364,ASM/WKA/83C09/2016/11,Assam,,,,25.82769,92.55658,,,,uploaded landslide_report.pdf
365,AS/KAR/83G05/2017/2,Assam,,,,25.83128,93.45257,,,,uploaded landslide_report.pdf
366,AS/KAM/78O5/2020/3,Assam,,,,25.84,91.35,,,,uploaded landslide_report.pdf
367,AS/KAR/83G05/2017/14,Assam,,,,25.84152,93.45138,,,,uploaded landslide_report.pdf
368,AS/KAR/83G05/2017/16,Assam,,,,25.84267,93.45244,,,,uploaded landslide_report.pdf
369,AS/KAR/83G05/2017/15,Assam,,,,25.84444,93.45331,,,,uploaded landslide_report.pdf
370,ASM/WKA/83C09/2016/24,Assam,,,,24.0,92.61514,,,,uploaded landslide_report.pdf
371,AS/KAR/83G09/2017/10,Assam,,,,25.84512,93.56682,,,,uploaded landslide_report.pdf
372,AS/KAR/83G09/2017/19,Assam,,,,25.84516,93.68408,,,,uploaded landslide_report.pdf
373,AS/KAR/83G09/2017/18,Assam,,,,25.84541,93.68312,,,,uploaded landslide_report.pdf
374,AS/KAR/83G09/2017/20,Assam,,,,20.0,93.687,,,,uploaded landslide_report.pdf
375,AS/KAR/83G09/2017/17,Assam,,,,25.84782,93.70174,,,,uploaded landslide_report.pdf
376,ASM/WKA/83C09/2016/23,Assam,,,,23.0,92.68328,,,,uploaded landslide_report.pdf
377,ASM/WKA/83C09/2016/22,Assam,,,,22.0,92.69042,,,,uploaded landslide_report.pdf
378,ASM/WKA/83C09/2016/21,Assam,,,,21.0,92.69072,,,,uploaded landslide_report.pdf
379,AS/KAR/83G09/2017/9,Assam,,,,25.85072,93.56682,,,,uploaded landslide_report.pdf
380,ASM/WKA/83C09/2016/20,Assam,,,,20.0,92.69203,,,,uploaded landslide_report.pdf
381,ASM/WKA/83C09/2016/6,Assam,,,,25.85167,92.58089,,,,uploaded landslide_report.pdf
382,AS/KAR/83G09/2017/8,Assam,,,,25.85189,93.56633,,,,uploaded landslide_report.pdf
383,AS/KAR/83G09/2017/7,Assam,,,,25.85487,93.56583,,,,uploaded landslide_report.pdf
384,AS/KAR/83G09/2017/6,Assam,,,,25.85498,93.56638,,,,uploaded landslide_report.pdf
385,ASM/WKA/83C09/2016/30,Assam,,,,30.0,92.57369,,,,uploaded landslide_report.pdf
386,ASM/WKA/83C09/2016/3,Assam,,,,25.85992,92.72558,,,,uploaded landslide_report.pdf
387,ASM/WKA/83C09/2016/29,Assam,,,,29.0,92.571047,,,,uploaded landslide_report.pdf
388,ASM/WKA/83C09/2016/5,Assam,,,,25.86958,92.59411,,,,uploaded landslide_report.pdf
389,AS/KAR/83G05/2017/5,Assam,,,,25.88494,93.45792,,,,uploaded landslide_report.pdf
390,ASM/WKA/83C09/2016/4,Assam,,,,25.88692,92.61347,,,,uploaded landslide_report.pdf
391,ASM/WKA/83C09/2016/1,Assam,,,,25.90653,92.65819,,,,uploaded landslide_report.pdf
392,ASM/WKA/83C09/2016/2,Assam,,,,25.90692,92.64714,,,,uploaded landslide_report.pdf
393,AS/KAM/78O5/2020/2,Assam,,,,25.91,91.4,,,,uploaded landslide_report.pdf
394,ASM/WKA/83C09/2016/7,Assam,,,,25.945,92.66358,,,,uploaded landslide_report.pdf
395,ASM/WKA/83B08/2017/45,Assam,,,,25.946611,92.305361,,,,uploaded landslide_report.pdf
396,AS/KAM/78O5/2020/1,Assam,,,,25.95,91.28,,,,uploaded landslide_report.pdf
397,ASM/WKA/83C09/2016/10,Assam,,,,25.95381,92.60444,,,,uploaded landslide_report.pdf
398,ASM/WKA/83C09/2016/35,Assam,,,,25.95386,92.60367,,,,uploaded landslide_report.pdf
399,AS/KAR/83G09/2017/11,Assam,,,,25.95514,93.72997,,,,uploaded landslide_report.pdf
400,ASM/WKA/83C09/2016/27,Assam,,,,27.0,92.51753,,,,uploaded landslide_report.pdf
401,ASM/WKA/83C09/2016/9,Assam,,,,25.96094,92.60122,,,,uploaded landslide_report.pdf
402,ASM/WKA/83B08/2017/44,Assam,,,,25.961444,92.341333,,,,uploaded landslide_report.pdf
403,AS/KAR/83G05/2017/4,Assam,,,,25.96256,93.46922,,,,uploaded landslide_report.pdf
404,AS/KAR/83G05/2017/3,Assam,,,,25.96272,93.46964,,,,uploaded landslide_report.pdf
405,ASM/WKA/83C09/2016/8,Assam,,,,25.965731,92.59267,,,,uploaded landslide_report.pdf
406,ASM/WKA/83B08/2017/43,Assam,,,,25.96667,92.356917,,,,uploaded landslide_report.pdf
407,ASM/WKA/83B08/2017/42,Assam,,,,25.968083,92.3575,,,,uploaded landslide_report.pdf
408,ASM/WKA/83B08/2017/41,Assam,,,,25.977194,92.354778,,,,uploaded landslide_report.pdf
409,ASM/WKA/83C09/2016/28,Assam,,,,28.0,92.51892,,,,uploaded landslide_report.pdf
411,AS/GOA/78J12/2018/1,Assam,,,,26.006,90.595,,,,uploaded landslide_report.pdf
412,ASM/WKA/83B08/2017/40,Assam,,,,26.012,92.264167,,,,uploaded landslide_report.pdf
413,ASM/WKA/83B08/2017/39,Assam,,,,26.013528,92.266083,,,,uploaded landslide_report.pdf
414,ASM/WKA/83B08/2017/34,Assam,,,,26.016389,92.48225,,,,uploaded landslide_report.pdf
415,ASM/WKA/83B08/2017/38,Assam,,,,26.022833,92.274028,,,,uploaded landslide_report.pdf
416,ASM/WKA/83B08/2017/33,Assam,,,,30.0,92.475,,,,uploaded landslide_report.pdf
417,ASM/WKA/83B08/2017/32,Assam,,,,29.0,92.474139,,,,uploaded landslide_report.pdf
418,ASM/WKA/83B08/2017/30,Assam,,,,30.0,92.472778,,,,uploaded landslide_report.pdf
419,ASM/WKA/83B08/2017/31,Assam,,,,28.0,92.47375,,,,uploaded landslide_report.pdf
420,ASM/WKA/83B08/2017/37,Assam,,,,26.03275,92.271861,,,,uploaded landslide_report.pdf
421,ASM/WKA/83B08/2017/28,Assam,,,,28.0,92.468056,,,,uploaded landslide_report.pdf
422,ASM/WKA/83B08/2017/29,Assam,,,,29.0,92.470861,,,,uploaded landslide_report.pdf
423,ASM/WKA/83B08/2017/36,Assam,,,,26.036583,92.273056,,,,uploaded landslide_report.pdf
424,ASM/WKA/83B08/2017/27,Assam,,,,27.0,92.4595,,,,uploaded landslide_report.pdf
425,ASM/WKA/83B08/2017/19,Assam,,,,26.039361,92.273806,,,,uploaded landslide_report.pdf
426,AS/KAM/83B04/2018/3,Assam,,,,26.0405,92.0355,,,,uploaded landslide_report.pdf
427,ASM/WKA/83B08/2017/18,Assam,,,,26.042139,92.27525,,,,uploaded landslide_report.pdf
428,AS/KAM/83B4/2015/92,Assam,,,,26.043267,92.055531,,,,uploaded landslide_report.pdf
429,ASM/WKA/83B08/2017/21,Assam,,,,21.0,92.440528,,,,uploaded landslide_report.pdf
430,ASM/WKA/83B08/2017/26,Assam,,,,26.0,92.452222,,,,uploaded landslide_report.pdf
431,ASM/WKA/83B08/2017/22,Assam,,,,22.0,92.440944,,,,uploaded landslide_report.pdf
432,ASM/WKA/83B08/2017/23,Assam,,,,23.0,92.441472,,,,uploaded landslide_report.pdf
433,ASM/WKA/83B08/2017/25,Assam,,,,25.0,92.457417,,,,uploaded landslide_report.pdf
434,ASM/WKA/83B08/2017/24,Assam,,,,24.0,92.450778,,,,uploaded landslide_report.pdf
435,ASM/WKA/83B08/2017/20,Assam,,,,20.0,92.432194,,,,uploaded landslide_report.pdf
436,AS/KAM/78N16/2015/87,Assam,,,,26.050286,91.880072,,,,uploaded landslide_report.pdf
437,AS/KAR/83F08/2018/2,Assam,,,,26.056083,93.406528,,,,uploaded landslide_report.pdf
438,AS/KAR/83F08/2018/1,Assam,,,,26.058972,93.406972,,,,uploaded landslide_report.pdf
439,AS/GOA/78J12/2018/2,Assam,,,,26.061,90.605,,,,uploaded landslide_report.pdf
440,AS/KAM/83B4/2015/98,Assam,,,,26.061861,92.147889,,,,uploaded landslide_report.pdf
441,AS/KAM/78N16/2015/83,Assam,,,,26.0641,91.889136,,,,uploaded landslide_report.pdf
442,AS/KAM/83B4/2015/97,Assam,,,,26.065167,92.150639,,,,uploaded landslide_report.pdf
443,AS/KAM/78N12/2015/100,Assam,,,,26.071556,91.734028,,,,uploaded landslide_report.pdf
444,AS/KAM/78N16/2015/86,Assam,,,,26.077653,91.982292,,,,uploaded landslide_report.pdf
445,AS/KAM/83B4/2015/94,Assam,,,,26.077806,92.170389,,,,uploaded landslide_report.pdf
446,AS/KAM/83B4/2015/91,Assam,,,,26.077844,92.035022,,,,uploaded landslide_report.pdf
447,AS/KAM/83B4/2015/90,Assam,,,,26.080139,92.032667,,,,uploaded landslide_report.pdf
448,AS/KAM/83B4/2015/96,Assam,,,,26.083972,92.14525,,,,uploaded landslide_report.pdf
449,AS/KAM/83B4/2015/95,Assam,,,,26.094578,92.135144,,,,uploaded landslide_report.pdf
450,ASM/NAG/83B08/2017/14,Assam,,,,26.096722,92.43875,,,,uploaded landslide_report.pdf
451,AS/KAM/78N16/2015/109,Assam,,,,26.097986,91.980589,,,,uploaded landslide_report.pdf
452,AS/DH/83G04/2018/004,Assam,,,,26.098167,91.881278,,,,uploaded landslide_report.pdf
453,ASM/NAG/83B08/2017/13,Assam,,,,26.098222,92.439389,,,,uploaded landslide_report.pdf
454,AS/KAM/78N16/2015/69,Assam,,,,26.099975,91.876625,,,,uploaded landslide_report.pdf
455,ASM/NAG/83B08/2017/12,Assam,,,,26.101333,92.440556,,,,uploaded landslide_report.pdf
456,AS/KAM/83B4/2015/89,Assam,,,,26.10175,92.040222,,,,uploaded landslide_report.pdf
457,ASM/NAG/83B08/2017/11,Assam,,,,26.102167,92.440472,,,,uploaded landslide_report.pdf
458,ASM/NAG/83B08/2017/08,Assam,,,,26.102333,92.4415,,,,uploaded landslide_report.pdf
459,ASM/NAG/83B08/2017/09,Assam,,,,26.102667,92.441639,,,,uploaded landslide_report.pdf
460,AS/KAM/78N16/2015/79,Assam,,,,26.102944,91.862111,,,,uploaded landslide_report.pdf
461,ASM/NAG/83B08/2017/10,Assam,,,,26.103028,92.440889,,,,uploaded landslide_report.pdf
462,ASM/NAG/83B08/2017/17,Assam,,,,26.105667,92.441,,,,uploaded landslide_report.pdf
463,AS/KAM/78N12/2015/70,Assam,,,,26.105806,91.62275,,,,uploaded landslide_report.pdf
464,AS/KAM/78N16/2014/07,Assam,,,,26.10711,91.78917,,,,uploaded landslide_report.pdf
465,ASM/NAG/83B08/2017/07,Assam,,,,26.10725,92.44,,,,uploaded landslide_report.pdf
466,ASM/NAG/83B08/2017/16,Assam,,,,26.107667,92.44003,,,,uploaded landslide_report.pdf
467,ASM/NAG/83B08/2017/06,Assam,,,,26.108417,92.440222,,,,uploaded landslide_report.pdf
468,AS/KAM/78N16/2015/82,Assam,,,,26.109222,91.939,,,,uploaded landslide_report.pdf
469,AS/DH/83C16/2018/001,Assam,,,,26.11,94.76,,,,uploaded landslide_report.pdf
470,AS/KAM/78N16/2015/81,Assam,,,,26.110056,91.908944,,,,uploaded landslide_report.pdf
471,ASM/NAG/83B08/2017/05,Assam,,,,26.110139,92.439333,,,,uploaded landslide_report.pdf
472,AS/KAM/78N16/2015/80,Assam,,,,26.110944,91.887917,,,,uploaded landslide_report.pdf
473,AS/KAM/83B4/2015/93,Assam,,,,26.112083,92.091028,,,,uploaded landslide_report.pdf
474,AS/KRP/78N16/2018/001,Assam,,,,26.112667,91.853889,,,,uploaded landslide_report.pdf
475,ASM/NAG/83B08/2017/15,Assam,,,,26.113639,92.441222,,,,uploaded landslide_report.pdf
476,AS/KAM/78N16/2015/78,Assam,,,,26.115139,91.837833,,,,uploaded landslide_report.pdf
477,ASM/NAG/83B08/2017/04,Assam,,,,26.116972,92.440083,,,,uploaded landslide_report.pdf
478,ASM/NAG/83B08/2017/03,Assam,,,,26.117111,92.441028,,,,uploaded landslide_report.pdf
479,ASM/NAG/83B08/2017/35,Assam,,,,26.117417,92.438667,,,,uploaded landslide_report.pdf
480,ASM/NAG/83B08/2017/02,Assam,,,,26.118167,92.440944,,,,uploaded landslide_report.pdf
481,ASM/NAG/83B08/2017/01,Assam,,,,26.119417,92.439972,,,,uploaded landslide_report.pdf
482,AS/KAM/78N16/2015/71,Assam,,,,26.121056,91.716389,,,,uploaded landslide_report.pdf
483,AS/KAM/78N16/2015/77,Assam,,,,26.129583,91.938306,,,,uploaded landslide_report.pdf
484,AS/KAM/78N16/2014/01,Assam,,,,26.13222,91.83972,,,,uploaded landslide_report.pdf
485,AS/KAM/78N16/2014/06,Assam,,,,26.13442,91.7501,,,,uploaded landslide_report.pdf
486,AS/KAM/78N12/2008/B-4,Assam,,,,26.13611,91.74056,,,,uploaded landslide_report.pdf
487,AS/KAM/78N12/2015/68,Assam,,,,26.149444,91.748,,,,uploaded landslide_report.pdf
488,AS/KAM(M)/78N12/2023/01,Assam,,,,26.1505375,91.72798139,,,,uploaded landslide_report.pdf
489,AS/KAM/83B04/2015/112,Assam,,,,26.153556,92.038694,,,,uploaded landslide_report.pdf
490,ASM/KMP/78N16/2017/03,Assam,,,,26.15428,91.79264,,,,uploaded landslide_report.pdf
491,AS/KAM/78N16/2014/08,Assam,,,,26.15461,91.80086,,,,uploaded landslide_report.pdf
492,AS/KAM/78N16/2014/02,Assam,,,,26.15478,91.77411,,,,uploaded landslide_report.pdf
493,AS/KAM/78N16/2015/88,Assam,,,,26.155,91.798167,,,,uploaded landslide_report.pdf
494,AS/KAM/78N16/2015/74,Assam,,,,26.158639,91.921889,,,,uploaded landslide_report.pdf
495,AS/KAM/78N16/2015/72,Assam,,,,26.159139,91.915583,,,,uploaded landslide_report.pdf
496,AS/KAM/78N16/2015/73,Assam,,,,26.159333,91.917611,,,,uploaded landslide_report.pdf
497,AS/KAM/78N12/2014/02,Assam,,,,26.1625,91.71444,,,,uploaded landslide_report.pdf
498,AS/KAM/78N12/2015/67,Assam,,,,26.166583,91.714806,,,,uploaded landslide_report.pdf
499,AS/KAM/83B04/2015/111,Assam,,,,26.171972,92.002611,,,,uploaded landslide_report.pdf
500,ASM/NAG/83B08/2017/46,Assam,,,,26.172917,92.762778,,,,uploaded landslide_report.pdf
501,ASM/KMP/78N16/2016/65,Assam,,,,26.1755,91.76175,,,,uploaded landslide_report.pdf
502,AS/KAM/78N16/2014/03,Assam,,,,26.17672,91.78672,,,,uploaded landslide_report.pdf
503,ASM/KMP/78N16/2017/05,Assam,,,,26.17672,91.76525,,,,uploaded landslide_report.pdf
504,ASM/KMP/78N16/2017/0004,Assam,,,,26.17756,91.76589,,,,uploaded landslide_report.pdf
505,AS/KAM/78N16/2008/B-3,Assam,,,,26.17806,91.76083,,,,uploaded landslide_report.pdf
506,ASM/KMP/78N16/2017/06,Assam,,,,26.18842,91.85125,,,,uploaded landslide_report.pdf
507,AS/KAM/78N16/2014/04,Assam,,,,26.18867,91.76694,,,,uploaded landslide_report.pdf
508,AS/KAM/78N16/2007/B-2,Assam,,,,26.18917,91.80111,,,,uploaded landslide_report.pdf
509,AS/KAM/78N16/2015/115,Assam,,,,26.189306,91.787944,,,,uploaded landslide_report.pdf
510,ASM/KMP/78N16/2016/57,Assam,,,,26.1895,91.787167,,,,uploaded landslide_report.pdf
511,AS/KAM/78N16/2015/85,Assam,,,,26.19025,91.806472,,,,uploaded landslide_report.pdf
512,ASM/KMP/78N16/2016/64,Assam,,,,26.190389,91.809944,,,,uploaded landslide_report.pdf
513,ASM/KAM/78N16/2017/08,Assam,,,,26.19081,91.84528,,,,uploaded landslide_report.pdf
514,AS/KAM/78N16/2015/84,Assam,,,,26.191667,91.803611,,,,uploaded landslide_report.pdf
515,AS/KAM/78N16/2007/B-1,Assam,,,,26.19167,91.79028,,,,uploaded landslide_report.pdf
516,ASM/KMP/78N16/2016/63,Assam,,,,26.192444,91.764222,,,,uploaded landslide_report.pdf
517,AS/KRP/78N16/2018/003,Assam,,,,26.195306,91.765639,,,,uploaded landslide_report.pdf
518,ASM/KMP/78N16/2016/62,Assam,,,,26.195528,91.780556,,,,uploaded landslide_report.pdf
519,AS/KAM/78N16/2014/05,Assam,,,,26.19622,91.76336,,,,uploaded landslide_report.pdf
520,AS/GOA/78J08/2018/1,Assam,,,,26.198,90.298,,,,uploaded landslide_report.pdf
521,AS/NC/83G04/2009/B-5,Assam,,,,26.20261,91.14528,,,,uploaded landslide_report.pdf
522,ASM/KAM/78N16/2017/09,Assam,,,,26.20536,91.86497,,,,uploaded landslide_report.pdf
523,AS/KAM/78N16/2015/75,Assam,,,,26.205583,91.963222,,,,uploaded landslide_report.pdf
524,AS/KAM/78N12/2015/66,Assam,,,,26.211111,91.684167,,,,uploaded landslide_report.pdf
525,AS/MOR/78N15/2015/108,Assam,,,,26.250333,91.976694,,,,uploaded landslide_report.pdf
526,AS/KAM/78N11/2015/107,Assam,,,,26.256139,91.711583,,,,uploaded landslide_report.pdf
527,AS/KAR/83F03/2018/3,Assam,,,,26.297306,93.211833,,,,uploaded landslide_report.pdf
528,AS/KAR/83F03/2018/2,Assam,,,,26.297778,93.211111,,,,uploaded landslide_report.pdf
529,AS/KAR/83F03/2018/4,Assam,,,,26.298389,93.21625,,,,uploaded landslide_report.pdf
530,AS/KAR/83F03/2018/5,Assam,,,,26.302944,93.225389,,,,uploaded landslide_report.pdf
531,AS/KAR/83F03/2018/6,Assam,,,,26.303333,93.225694,,,,uploaded landslide_report.pdf
532,AS/KAR/83F07/2018/3,Assam,,,,26.307972,93.275722,,,,uploaded landslide_report.pdf
533,AS/KAR/83F07/2018/2,Assam,,,,26.314847,93.256125,,,,uploaded landslide_report.pdf
534,AS/KAR/83F07/2018/1,Assam,,,,26.314964,93.256408,,,,uploaded landslide_report.pdf
535,AS/KAR/83F03/2018/1,Assam,,,,26.323083,93.093167,,,,uploaded landslide_report.pdf
536,AS/KAR/83F08/2018/4,Assam,,,,26.32685,93.267639,,,,uploaded landslide_report.pdf
537,AS/KAR/83F08/2018/5,Assam,,,,26.3287,93.269194,,,,uploaded landslide_report.pdf
538,AS/KAR/83F03/2018/7,Assam,,,,26.339833,93.099972,,,,uploaded landslide_report.pdf
539,AS/KAR/83F15/2018/1,Assam,,,,26.34075,93.78861,,,,uploaded landslide_report.pdf
540,AS/KAR/83F11/2018/2,Assam,,,,26.3466,93.7356,,,,uploaded landslide_report.pdf
541,AS/KAR/83F08/2018/6,Assam,,,,26.347417,93.2982,,,,uploaded landslide_report.pdf
542,AS/KAR/83F11/2018/3,Assam,,,,26.3477,93.7399,,,,uploaded landslide_report.pdf
543,AS/KAR/83F11/2018/1,Assam,,,,26.3478,93.7417,,,,uploaded landslide_report.pdf
544,AS/KAR/83F15/2018/2,Assam,,,,26.34838,93.78208,,,,uploaded landslide_report.pdf
545,AS/KAR/83F15/2018/3,Assam,,,,26.34938,93.78091,,,,uploaded landslide_report.pdf
546,AS/KAR/83F15/2018/4,Assam,,,,26.35622,93.77941,,,,uploaded landslide_report.pdf
547,AS/BON/78J11/2018/1,Assam,,,,26.3733,90.5499,,,,uploaded landslide_report.pdf
548,ASM/KAM/78N16/2017/07,Assam,,,,26.37456,91.84561,,,,uploaded landslide_report.pdf
549,AS/BON/78J11/2018/2,Assam,,,,26.3848,90.5943,,,,uploaded landslide_report.pdf
550,AS/BON/78J07/2018/1,Assam,,,,26.394,90.48,,,,uploaded landslide_report.pdf
551,AS/KAR/83F03/2018/8,Assam,,,,26.483278,93.181306,,,,uploaded landslide_report.pdf
552,AS/KAR/83F06/2018/6,Assam,,,,26.51925,93.47147,,,,uploaded landslide_report.pdf
553,AS/KAR/83F06/2018/1,Assam,,,,26.5235,93.28166,,,,uploaded landslide_report.pdf
554,AS/JOR/83J06/2020/9,Assam,,,,26.54,94.37,,,,uploaded landslide_report.pdf
555,AS/JOR/83J06/2020/10,Assam,,,,26.54,94.37,,,,uploaded landslide_report.pdf
556,AS/JOR/83J06/2020/11,Assam,,,,26.54,94.37,,,,uploaded landslide_report.pdf
557,AS/JOR/83J06/2020/5,Assam,,,,26.55,94.36,,,,uploaded landslide_report.pdf
558,AS/JOR/83J06/2020/6,Assam,,,,26.55,94.36,,,,uploaded landslide_report.pdf
559,AS/JOR/83J06/2020/7,Assam,,,,26.55,94.36,,,,uploaded landslide_report.pdf
560,AS/JOR/83J06/2020/8,Assam,,,,26.55,94.36,,,,uploaded landslide_report.pdf
561,AS/JOR/83J06/2020/2,Assam,,,,26.56,94.36,,,,uploaded landslide_report.pdf
562,AS/JOR/83J06/2020/3,Assam,,,,26.56,94.36,,,,uploaded landslide_report.pdf
563,AS/JOR/83J06/2020/4,Assam,,,,26.56,94.36,,,,uploaded landslide_report.pdf
564,AS/JOR/83J06/2020/18,Assam,,,,26.56,94.36,,,,uploaded landslide_report.pdf
565,AS/JOR/83J06/2020/19,Assam,,,,26.56,94.36,,,,uploaded landslide_report.pdf
566,AS/JOR/83J06/2020/20,Assam,,,,20.0,94.36,,,,uploaded landslide_report.pdf
567,AS/NAG/83F02/2018/1,Assam,,,,26.56111,93.04925,,,,uploaded landslide_report.pdf
568,AS/NAG/83F02/2018/2,Assam,,,,26.56252,93.05658,,,,uploaded landslide_report.pdf
569,AS/JOR/83J06/2020/17,Assam,,,,26.57,94.35,,,,uploaded landslide_report.pdf
570,AS/NAG/83F02/2018/3,Assam,,,,26.57411,93.09811,,,,uploaded landslide_report.pdf
571,AS/NAG/83F02/2018/7,Assam,,,,26.57436,93.10647,,,,uploaded landslide_report.pdf
572,AS/KAR/83F10/2018/1,Assam,,,,26.57447,93.66297,,,,uploaded landslide_report.pdf
573,AS/NAG/83F02/2018/4,Assam,,,,26.57455,93.11244,,,,uploaded landslide_report.pdf
574,AS/NAG/83F02/2018/5,Assam,,,,26.57455,93.11244,,,,uploaded landslide_report.pdf
575,AS/NAG/83F02/2018/6,Assam,,,,26.57463,93.11297,,,,uploaded landslide_report.pdf
576,AS/KAR/83F10/2018/4,Assam,,,,26.57708,93.65836,,,,uploaded landslide_report.pdf
577,AS/KAR/83F06/2018/2,Assam,,,,26.57719,93.10008,,,,uploaded landslide_report.pdf
578,AS/JOR/83J06/2020/15,Assam,,,,26.58,94.35,,,,uploaded landslide_report.pdf
579,AS/JOR/83J06/2020/16,Assam,,,,26.58,94.35,,,,uploaded landslide_report.pdf
580,AS/KAR/83F10/2018/2,Assam,,,,26.59011,93.57466,,,,uploaded landslide_report.pdf
581,AS/KAR/83F06/2018/4,Assam,,,,26.59041,93.47616,,,,uploaded landslide_report.pdf
582,AS/KAR/83F06/2018/3,Assam,,,,26.59416,93.547361,,,,uploaded landslide_report.pdf
583,AS/JOR/83J06/2020/1,Assam,,,,26.6,94.34,,,,uploaded landslide_report.pdf
584,AS/JOR/83J06/2020/12,Assam,,,,26.6,94.35,,,,uploaded landslide_report.pdf
585,AS/JOR/83J06/2020/13,Assam,,,,26.6,94.35,,,,uploaded landslide_report.pdf
586,AS/JOR/83J06/2020/14,Assam,,,,26.6,94.35,,,,uploaded landslide_report.pdf
587,AS/KAR/83F06/2018/5,Assam,,,,26.60275,93.48408,,,,uploaded landslide_report.pdf
588,AS/KAR/83F10/2018/3,Assam,,,,26.60358,93.481,,,,uploaded landslide_report.pdf
589,AS/UDA/83B01/2021/02,Assam,,,,26.88969,92.12266,,,,uploaded landslide_report.pdf
590,AS/UDA/83B01/2021/01,Assam,,,,26.89074,92.12068,,,,uploaded landslide_report.pdf
591,AS/SON/83B13/2018/5,Assam,,,,26.9174,92.77163,,,,uploaded landslide_report.pdf
592,AS/SON/83B13/2018/4,Assam,,,,26.92013,92.75994,,,,uploaded landslide_report.pdf
593,AS/SON/83B13/2018/3,Assam,,,,26.92088,92.75933,,,,uploaded landslide_report.pdf
594,AS/SON/83B13/2018/1,Assam,,,,26.92216,92.7678,,,,uploaded landslide_report.pdf
595,AS/SON/83B13/2018/2,Assam,,,,26.9231,92.76755,,,,uploaded landslide_report.pdf
596,AS/SON/83B09/2018/1,Assam,,,,26.92666,92.73966,,,,uploaded landslide_report.pdf
597,AS/SON/83B09/2018/3,Assam,,,,26.93362,92.70757,,,,uploaded landslide_report.pdf
598,AS/SON/83B09/2018/2,Assam,,,,26.93438,92.729,,,,uploaded landslide_report.pdf
599,AS/SON/83B09/2018/4,Assam,,,,26.9358,92.70369,,,,uploaded landslide_report.pdf
600,AS/SON/83B09/2018/5,Assam,,,,26.93586,92.70441,,,,uploaded landslide_report.pdf
601,AS/SON/83B09/2018/6,Assam,,,,26.93597,92.70455,,,,uploaded landslide_report.pdf
602,AS/SON/83B09/2018/7,Assam,,,,26.93641,92.70308,,,,uploaded landslide_report.pdf
603,AS/SON/83B09/2018/8,Assam,,,,26.93819,92.70402,,,,uploaded landslide_report.pdf
604,AS/SON/83B09/2018/9,Assam,,,,26.93855,92.70336,,,,uploaded landslide_report.pdf
605,AS/SON/83F05/2018/4,Assam,,,,26.94755,93.257521,,,,uploaded landslide_report.pdf
606,AS/SON/83F05/2018/3,Assam,,,,26.9498,93.45291,,,,uploaded landslide_report.pdf
607,AS/SON/83F05/2018/2,Assam,,,,26.95052,93.45136,,,,uploaded landslide_report.pdf
608,AS/SON/83F05/2018/1,Assam,,,,26.95266,93.44166,,,,uploaded landslide_report.pdf
609,AS/SON/83B09/2018/10,Assam,,,,26.9693,92.634,,,,uploaded landslide_report.pdf
610,AS/SON/83B09/2018/12,Assam,,,,26.97013,92.63363,,,,uploaded landslide_report.pdf
611,AS/SON/83B09/2018/11,Assam,,,,26.97041,92.63436,,,,uploaded landslide_report.pdf
612,AS/SON/83B09/2018/13,Assam,,,,26.972889,92.632833,,,,uploaded landslide_report.pdf
613,AS/DIM/83G/4/2025/1,Assam,,,,25.15398187,93.02361022,,,,uploaded landslide_report.pdf
614,AS/KAM(M)/76N16/2024/2,Assam,,,,26.11464,91.83886,,,,uploaded landslide_report.pdf
615,AS/K(M)/76N16/2024/01,Assam,,,,26.19044,91.77502,,,,uploaded landslide_report.pdf
616,AS/CAC/83D10/2025/1,Assam,,,,24.57257,92.70357,,,,uploaded landslide_report.pdf
617,AS/CAC/83D10/2025/2,Assam,,,,24.57235,92.70536,,,,uploaded landslide_report.pdf
618,AS/CAC/83D10/2025/3,Assam,,,,24.58585,92.70274,,,,uploaded landslide_report.pdf
619,AS/CAC/83D09/2025/4,Assam,,,,24.96756,92.74392,,,,uploaded landslide_report.pdf
620,AS/CAC/83D09/2025/5,Assam,,,,24.95794,92.73201,,,,uploaded landslide_report.pdf
621,AS/CAC/83D09/2025/6,Assam,,,,24.95054,92.731458,,,,uploaded landslide_report.pdf
622,AS/CAC/83D09/2025/7,Assam,,,,24.94756,92.73097,,,,uploaded landslide_report.pdf
623,ASM/DH/83G04/2022-23/014,Assam,,,,25.16736,93.00953,,,,uploaded landslide_report.pdf
624,ASM/DH/83G04/2022-23/017,Assam,,,,25.16023,93.01084,,,,uploaded landslide_report.pdf
625,ASM/DH/83G04/2022-23/018,Assam,,,,25.162389,93.010222,,,,uploaded landslide_report.pdf
626,ASM/DH/83G04/2022-23/019,Assam,,,,25.1625278,93.0103333,,,,uploaded landslide_report.pdf
627,ASM/DH/83G04/2022-23/020,Assam,,,,20.0,93.01044,,,,uploaded landslide_report.pdf
628,ASM/DH/83G04/2022-23/009,Assam,,,,25.17175,93.00726,,,,uploaded landslide_report.pdf
629,ASM/DH/83G04/2022-23/028,Assam,,,,28.0,93.01092,,,,uploaded landslide_report.pdf
630,ASM/DH/83G04/2022-23/029,Assam,,,,29.0,93.007389,,,,uploaded landslide_report.pdf
631,ASM/DH/83G04/2022-23/046,Assam,,,,25.17144,93.005694,,,,uploaded landslide_report.pdf
632,ASM/DH/83G04/2022-23/015,Assam,,,,25.16579,93.00948,,,,uploaded landslide_report.pdf
633,ASM/DH/83G04/2022-23/016,Assam,,,,25.15859,93.01292,,,,uploaded landslide_report.pdf
634,AS/KAMRUP(M)/78N16/2014-,Assam,,,,26.13441667,91.74875,,,,uploaded landslide_report.pdf
635,AS/KAMRUP(M)/78N16/2014-,Assam,,,,26.15461111,91.80086111,,,,uploaded landslide_report.pdf
636,AS/KAMRUP(M)/78N16/2014-,Assam,,,,26.10711111,91.78916667,,,,uploaded landslide_report.pdf
637,AS/KAMRUP/78N12/2015-,Assam,,,,26.09961111,91.87811111,,,,uploaded landslide_report.pdf
638,AS/KAMRUP/78N12/2015-,Assam,,,,26.14944444,91.748,,,,uploaded landslide_report.pdf
639,AS/KAMRUP/78N12/2015-,Assam,,,,26.16658333,91.71480556,,,,uploaded landslide_report.pdf
640,ASM/DH/83G04/2022-23/027,Assam,,,,27.0,93.021583,,,,uploaded landslide_report.pdf
641,ASM/DH/83G04/2022-23/008,Assam,,,,25.156483,93.018367,,,,uploaded landslide_report.pdf
642,ASM/DH/83G04/2022-23/026,Assam,,,,26.0,93.024778,,,,uploaded landslide_report.pdf
645,ASM/DH/83G04/2022-23/024,Assam,,,,24.0,93.025325,,,,uploaded landslide_report.pdf
646,ASM/DH/83G04/2022-23/011,Assam,,,,25.171264,93.020014,,,,uploaded landslide_report.pdf
647,ASM/DH/83G04/2022-23/025,Assam,,,,25.0,93.02503,,,,uploaded landslide_report.pdf
648,ASM/DH/83G04/2022-23/007,Assam,,,,25.178006,93.022825,,,,uploaded landslide_report.pdf
649,ASM/DH/83G04/2022-23/044,Assam,,,,25.168083,93.024922,,,,uploaded landslide_report.pdf
652,ASM/DH/83G04/2022-23/045,Assam,,,,25.1638056,93.010861,,,,uploaded landslide_report.pdf
653,ASM/DH/83G04/2022-23/031,Assam,,,,25.175,93.01967,,,,uploaded landslide_report.pdf
654,ASM/KAMRUP(M)/78N16/2016-,Assam,,,,26.19552778,91.78055556,,,,uploaded landslide_report.pdf
655,ASM/DH/83G04/2022-23/032,Assam,,,,25.17483,93.019861,,,,uploaded landslide_report.pdf
656,ASM/DH/83G04/2022-23/033,Assam,,,,25.1568056,93.019722,,,,uploaded landslide_report.pdf
657,ASM/DH/83G04/2022-23/034,Assam,,,,25.156833,93.017694,,,,uploaded landslide_report.pdf
658,ASM/DH/83G04/2022-23/035,Assam,,,,25.1565,93.0151,,,,uploaded landslide_report.pdf
659,ASM/DH/83G04/2022-23/036,Assam,,,,25.15667,93.01275,,,,uploaded landslide_report.pdf
660,ASM/DH/83G04/2022-23/037,Assam,,,,25.16367,93.02478,,,,uploaded landslide_report.pdf
661,ASM/DH/83G04/2022-23/039,Assam,,,,25.16649,93.02289,,,,uploaded landslide_report.pdf
662,ASM/DH/83G04/2022-23/040,Assam,,,,25.16497,93.02275,,,,uploaded landslide_report.pdf
663,ASM/DH/83G04/2022-23/041,Assam,,,,25.1655,93.02556,,,,uploaded landslide_report.pdf
664,ASM/DH/83C16/2022-23/042,Assam,,,,25.16427,92.99788,,,,uploaded landslide_report.pdf
665,ASM/DH/83G04/2022-23/043,Assam,,,,25.17425,93.00244,,,,uploaded landslide_report.pdf
666,ASM/DH/83G04/2022-23/047,Assam,,,,25.162667,93.009806,,,,uploaded landslide_report.pdf
667,ASM/DH/83G04/2022-23/038,Assam,,,,25.16553,93.02172,,,,uploaded landslide_report.pdf
669,ASM/DH/83G4/PD/2016/02,Assam,,,,25.14677778,93.03097222,,,,uploaded landslide_report.pdf
671,ASM/DH/83G4/PD/2016/26,Assam,,,,26.0,93.01961111,,,,uploaded landslide_report.pdf
674,ASM/DH/83C16/PD/2016/45,Assam,,,,25.10638889,92.86480556,,,,uploaded landslide_report.pdf
675,ASM/DH/83C16/PD/2016/46,Assam,,,,25.10941667,92.88075,,,,uploaded landslide_report.pdf
676,ASM/DH/83C16/PD/2016/47,Assam,,,,25.10988889,92.89316667,,,,uploaded landslide_report.pdf
677,ASM/DH/83C16/PD/2016/48,Assam,,,,25.10877778,92.92033333,,,,uploaded landslide_report.pdf
678,ASM/DH/83C16/PD/2016/49,Assam,,,,25.10897222,92.92886111,,,,uploaded landslide_report.pdf
679,ASM/KAM/78N16/2020/001,Assam,,,,26.146,91.756,,,,uploaded landslide_report.pdf
680,ASM/DH/83C16/PD/2016/50,Assam,,,,25.11011111,92.99877778,,,,uploaded landslide_report.pdf
681,ASM/DH/83C16/PD/2016/51,Assam,,,,25.11077778,93.00458333,,,,uploaded landslide_report.pdf
682,ASM/DH/83C16/PD/2016/52,Assam,,,,25.11238889,93.00575,,,,uploaded landslide_report.pdf
683,ASM/DH/83G4/PD/2016/43,Assam,,,,25.14872222,93.03191667,,,,uploaded landslide_report.pdf
684,ASM/DH/83G4/PD/2016/44,Assam,,,,25.14525,93.02916667,,,,uploaded landslide_report.pdf
687,ASM/KAM/78N12/2020/002,Assam,,,,26.21083333,91.68944444,,,,uploaded landslide_report.pdf
688,ASM/DH/83G04/2022-23/001,Assam,,,,25.14264,93.03182,,,,uploaded landslide_report.pdf
689,ASM/DH/83G04/2022-23/003,Assam,,,,25.14722,93.03128,,,,uploaded landslide_report.pdf
690,ASM/DH/83G04/2022-23/002,Assam,,,,25.143408,93.02995,,,,uploaded landslide_report.pdf
691,ASM/DH/83G04/2022-23/004,Assam,,,,25.14879,93.031636,,,,uploaded landslide_report.pdf
692,ASM/DH/83G04/2022-23/005,Assam,,,,25.15144,93.0331,,,,uploaded landslide_report.pdf
699,ASM/DH/83G4/PD/2016/39,Assam,,,,25.19972222,93.01672222,,,,uploaded landslide_report.pdf
700,AS/K(M)/76N16/2024/01,Assam,,,,26.19052,91.77499,,,,uploaded landslide_report.pdf
704,ASM/DH/83G4/PD/2016/27,Assam,,,,27.0,93.01838889,,,,uploaded landslide_report.pdf
719,AS/KAM(M)/78N12/2023/01,Assam,,,,26.150124,91.727915,,,,uploaded landslide_report.pdf
728,ASM/KAM,Assam,,,,26.18841667,91.85125,,,,uploaded landslide_report.pdf
729,ASM/KAM(M)/78N16/2016/63,Assam,,,,26.19244444,91.76422222,,,,uploaded landslide_report.pdf
730,ASM/KAM/78N16/2019/03,Assam,,,,26.19236111,91.78080556,,,,uploaded landslide_report.pdf
731,ASM/KAM/78N12/2019/04,Assam,,,,26.15805556,91.71258333,,,,uploaded landslide_report.pdf
734,AS/KAMRUP(M)/78N16/2014-,Assam,,,,26.18866667,91.76694444,,,,uploaded landslide_report.pdf
735,AS/WKA/83C09/2020/21,Assam,,,,21.0,92.49797,,,,uploaded landslide_report.pdf
736,AS/KAMRUP(M)/78N16/2014-,Assam,,,,26.19622222,91.76336111,,,,uploaded landslide_report.pdf
737,AS/WKA/83C09/2020/14,Assam,,,,25.96664,92.51636,,,,uploaded landslide_report.pdf
738,AS/WKA/83C09/2020/15,Assam,,,,25.967,92.51617,,,,uploaded landslide_report.pdf
739,AS/WKA/83C09/2020/20,Assam,,,,20.0,92.52081,,,,uploaded landslide_report.pdf
740,AS/WKA/83C09/2020/16,Assam,,,,25.96886,92.51572,,,,uploaded landslide_report.pdf
741,AS/WKA/83C09/2020/17,Assam,,,,25.97461,92.51375,,,,uploaded landslide_report.pdf
742,AS/WKA/83C09/2020/18,Assam,,,,25.97664,92.51283,,,,uploaded landslide_report.pdf
743,AS/WKA/83C09/2020/19,Assam,,,,25.98214,92.51139,,,,uploaded landslide_report.pdf
744,ASM/WKA/83C09/2020/5,Assam,,,,25.91608,92.50203,,,,uploaded landslide_report.pdf
745,ASM/WKA/83C09/2020/8,Assam,,,,25.92153,92.50753,,,,uploaded landslide_report.pdf
746,ASM/WKA/83C09/2020/11,Assam,,,,25.92525,92.51031,,,,uploaded landslide_report.pdf
747,ASM/WKA/83C09/2020/6,Assam,,,,25.91936,92.50556,,,,uploaded landslide_report.pdf
748,ASM/WKA/83C09/2020/7,Assam,,,,25.92103,92.50708,,,,uploaded landslide_report.pdf
749,ASM/WKA/83C09/2020/9,Assam,,,,25.92233,92.50819,,,,uploaded landslide_report.pdf
750,ASM/WKA/83C09/2020/10,Assam,,,,25.924,92.50939,,,,uploaded landslide_report.pdf
751,AS/WKA/83C09/2020/12,Assam,,,,25.95825,92.51414,,,,uploaded landslide_report.pdf
752,AS/WKA/83C09/2020/13,Assam,,,,25.96403,92.51631,,,,uploaded landslide_report.pdf
753,ASM/WKA/83C05/2020/3,Assam,,,,25.91406,92.49897,,,,uploaded landslide_report.pdf
754,ASM/WKA/83C05/2020/4,Assam,,,,25.91422,92.49972,,,,uploaded landslide_report.pdf
755,ASM/WKA/83C09/2020/2,Assam,,,,25.95478,92.51386,,,,uploaded landslide_report.pdf
756,ASM/WKA/83C09/2020/1,Assam,,,,25.95317,92.51353,,,,uploaded landslide_report.pdf
757,ASM/KAM/78N12/2019/0002,Assam,,,,26.10591667,91.62283333,,,,uploaded landslide_report.pdf
758,ASM/KAM/78N12/2019/0001,Assam,,,,26.11816667,91.71330556,,,,uploaded landslide_report.pdf
759,AS/KAM/76N16/2024/1,Assam,,,,26.11464,91.83886,,,,uploaded landslide_report.pdf
760,ASM/DH/83G/03/2019/01,Assam,,,,25.32069444,93.12733333,,,,uploaded landslide_report.pdf
761,ASM/KAM,Assam,,,,26.17755556,91.76588889,,,,uploaded landslide_report.pdf
763,ASM/KAM,Assam,,,,26.15427778,91.79263889,,,,uploaded landslide_report.pdf
765,AS/KAMRUP(M)/78N16/2014-,Assam,,,,26.17672222,91.78672222,,,,uploaded landslide_report.pdf
766,ASM/KAMRUP(M)/78N16/2016-,Assam,,,,26.1895,91.78716667,,,,uploaded landslide_report.pdf
769,AS/KRP/78N/16/2018/003,Assam,,,,26.11266667,91.85388889,,,,uploaded landslide_report.pdf
770,ASM/CHR/83H01/2020/001,Assam,,,,24.92097,93.07306,,,,uploaded landslide_report.pdf
771,AS/KRP/78N16/2018/002,Assam,,,,26.19530556,91.76563889,,,,uploaded landslide_report.pdf
772,AS/KAMRUP/78N12/2015-,Assam,,,,26.21111111,91.68416667,,,,uploaded landslide_report.pdf
773,ASM/KAM/78N16/2020/001,Assam,,,,26.19330556,91.77725,,,,uploaded landslide_report.pdf
774,ASM/KAM/78N16/2020/002,Assam,,,,26.09150556,91.87898611,,,,uploaded landslide_report.pdf
775,ASM/KAM/78N12/2020/003,Assam,,,,26.21305556,91.6925,,,,uploaded landslide_report.pdf
776,ASM/K(M)/78N16/2022-23/003,Assam,,,,26.1916,91.80361,,,,uploaded landslide_report.pdf
777,ASM/K(M)/78N16/2022-23/001,Assam,,,,26.19322,91.77033,,,,uploaded landslide_report.pdf
778,ASM/K(M)/78N16/2022-23/002,Assam,,,,26.18789,91.79493,,,,uploaded landslide_report.pdf
779,ASM/DH/83G04/2022-23/023,Assam,,,,23.0,93.01102,,,,uploaded landslide_report.pdf
780,ASM/DH/83G04/2022-23/010,Assam,,,,25.169861,93.002528,,,,uploaded landslide_report.pdf
781,ASM/DH/83G04/2022-23/012,Assam,,,,25.18972,93.02011,,,,uploaded landslide_report.pdf
782,ASM/DH/83G04/2022-23/013,Assam,,,,25.18625,93.01629,,,,uploaded landslide_report.pdf
783,ASM/DH/83G04/2022-23/030,Assam,,,,30.0,93.00975,,,,uploaded landslide_report.pdf
784,ASM/DH/83G04/2022-23/006,Assam,,,,25.2316944,93.1614167,,,,uploaded landslide_report.pdf
785,ASM/DH/83G04/2022-23/022,Assam,,,,22.0,93.02118,,,,uploaded landslide_report.pdf
786,AS/KRM/83D06/2014-15/0001,Assam,,,,24.70619444,92.28997222,,,,uploaded landslide_report.pdf
787,ASM/DH/83G04/2022-23/021,Assam,,,,21.0,93.01326,,,,uploaded landslide_report.pdf
788,AS-32/2005,Assam,,,,26.15958333,91.72388889,,,,uploaded landslide_report.pdf
789,AS-33/2005,Assam,,,,26.15166667,91.73138889,,,,uploaded landslide_report.pdf
790,AS-34/2005,Assam,,,,26.15544444,91.679,,,,uploaded landslide_report.pdf
791,AS-13/2011,Assam,,,,25.10727778,92.88313889,,,,uploaded landslide_report.pdf
792,AS-14/2011,Assam,,,,25.10622222,92.8845,,,,uploaded landslide_report.pdf
793,AS-01/2012-13,Assam,,,,26.14988889,91.77394444,,,,uploaded landslide_report.pdf
794,AS-02/2012-13,Assam,,,,26.10891667,91.74175,,,,uploaded landslide_report.pdf
795,AS-03/2012-13,Assam,,,,26.12911111,91.74911111,,,,uploaded landslide_report.pdf
796,AS-04/2012-13,Assam,,,,26.15333333,91.77711111,,,,uploaded landslide_report.pdf
797,AS-05/2012-13,Assam,,,,26.15052778,91.72766667,,,,uploaded landslide_report.pdf
798,AS-06/2012-13,Assam,,,,26.16405556,91.72827778,,,,uploaded landslide_report.pdf
799,AS/KAM(M)/78N16/2025/006,Assam,,,,26.19113889,91.82961111,,,,uploaded landslide_report.pdf
800,AS/KAM(M)/78N16/2025/05,Assam,,,,26.158193,91.755807,,,,uploaded landslide_report.pdf
801,AS/KAM(M)/78N12/2025/01,Assam,,,,26.166185,91.7147,,,,uploaded landslide_report.pdf
802,AS/KAM(M)/78N12/2025/02,Assam,,,,26.16616,91.713803,,,,uploaded landslide_report.pdf
803,AS/KAM(M)/78N12/2025/03,Assam,,,,26.16297,91.7059,,,,uploaded landslide_report.pdf
804,AS/KAM(M)/78N12/2025/04,Assam,,,,26.17027,91.698,,,,uploaded landslide_report.pdf
805,ASM/DH/83C16/2023-24/001,Assam,,,,25.117665,92.847709,,,,uploaded landslide_report.pdf
806,ASM/DH/83G03/2023-24/001,Assam,,,,25.27898,93.241092,,,,uploaded landslide_report.pdf
807,ASM/DH/83C07/2023-24/001,Assam,,,,25.283672,93.301012,,,,uploaded landslide_report.pdf
808,ASM/DH/83C15/2023-24/001,Assam,,,,25.366255,92.823037,,,,uploaded landslide_report.pdf
809,ASM/DH/83C16/2023-24/001,Assam,,,,25.1644,92.994643,,,,uploaded landslide_report.pdf
810,ASM/DH/83C16/2023-24/002,Assam,,,,25.170425,92.989085,,,,uploaded landslide_report.pdf
811,ASM/DH/83G03/2023-24/002,Assam,,,,25.412958,93.242826,,,,uploaded landslide_report.pdf
812,ASM/DH/83G03/2023-24/003,Assam,,,,25.362612,93.216888,,,,uploaded landslide_report.pdf
813,ASM/DH/83G03/2023-24/004,Assam,,,,25.316197,93.006158,,,,uploaded landslide_report.pdf
814,LS_ASM_DH_0390/2024,Assam,,,,25.172918,92.995982,,,,uploaded landslide_report.pdf
815,LS_ASM_DH_0391/2024,Assam,,,,25.319717,93.123028,,,,uploaded landslide_report.pdf
816,LS_ASM_DH_0392/2024,Assam,,,,25.318433,93.115767,,,,uploaded landslide_report.pdf
817,LS_ASM_DH_0393/2024,Assam,,,,25.313791,93.10552,,,,uploaded landslide_report.pdf
818,LS_ASM_DH_0394/2024,Assam,,,,25.313929,93.10485,,,,uploaded landslide_report.pdf
819,LS_ASM_DH_0395/2024,Assam,,,,25.314558,93.094195,,,,uploaded landslide_report.pdf
820,LS_ASM_DH_0396/2024,Assam,,,,25.22548,93.023783,,,,uploaded landslide_report.pdf
821,LS_ASM_DH_0397/2024,Assam,,,,25.24612,93.028292,,,,uploaded landslide_report.pdf
822,LS_ASM_DH_0398/2024,Assam,,,,25.23575,93.033317,,,,uploaded landslide_report.pdf
823,LS_ASM_DH_0399/2024,Assam,,,,25.18846,93.003768,,,,uploaded landslide_report.pdf
824,LS_ASM_DH_0400/2024,Assam,,,,25.20006,92.9972,,,,uploaded landslide_report.pdf
825,LS_ASM_DH_0401/2024,Assam,,,,25.19509,92.9995,,,,uploaded landslide_report.pdf
826,LS_ASM_DH_0402/2024,Assam,,,,25.199617,92.997478,,,,uploaded landslide_report.pdf
827,LS_ASM_DH_0403/2024,Assam,,,,25.325408,93.037147,,,,uploaded landslide_report.pdf
828,LS_ASM_DH_0404/2024,Assam,,,,23.333165,93.057945,,,,uploaded landslide_report.pdf
829,LS_ASM_DH_0405/2024,Assam,,,,25.197888,93.02683,,,,uploaded landslide_report.pdf
830,LS_ASM_DH_0406/2024,Assam,,,,25.18833,93.104922,,,,uploaded landslide_report.pdf
831,LS_ASM_DH_0407/2024,Assam,,,,25.147883,93.085354,,,,uploaded landslide_report.pdf
832,LS_ASM_DH_0408/2024,Assam,,,,25.425403,92.982053,,,,uploaded landslide_report.pdf
833,LS_ASM_DH_0409/2024,Assam,,,,25.241135,93.007627,,,,uploaded landslide_report.pdf
834,LS_ASM_DH_0410/2024,Assam,,,,25.245448,93.003937,,,,uploaded landslide_report.pdf
835,LS_ASM_DH_0412/2024,Assam,,,,25.211625,93.00113,,,,uploaded landslide_report.pdf
836,LS_ASM_DH_0411/2024,Assam,,,,25.21112,92.999782,,,,uploaded landslide_report.pdf
837,LS_ASM_DH_0413/2024,Assam,,,,25.267553,93.191317,,,,uploaded landslide_report.pdf
838,LS_ASM_DH_0414/2024,Assam,,,,25.266788,93.190998,,,,uploaded landslide_report.pdf
839,LS_ASM_DH_0415/2024,Assam,,,,25.26676,93.1964,,,,uploaded landslide_report.pdf
840,LS_ASM_DH_0416/2024,Assam,,,,25.266142,93.197997,,,,uploaded landslide_report.pdf
841,LS_ASM_DH_0417/2024,Assam,,,,25.265743,93.21778,,,,uploaded landslide_report.pdf
842,6986,Assam,,,,25.757752,91.252285,,,,uploaded landslide_report.pdf
843,7077,Assam,,,,26.238016,91.945953,,,,uploaded landslide_report.pdf
844,7115,Assam,,,,25.872268,91.213965,,,,uploaded landslide_report.pdf
845,7192,Assam,,,,26.2272613,91.6922458,,,,uploaded landslide_report.pdf
846,7193,Assam,,,,26.184324,91.855395,,,,uploaded landslide_report.pdf
847,7194,Assam,,,,26.24698,91.964383,,,,uploaded landslide_report.pdf
848,7195,Assam,,,,26.11956,92.052125,,,,uploaded landslide_report.pdf
849,7196,Assam,,,,25.69814,93.129423,,,,uploaded landslide_report.pdf
850,7197,Assam,,,,25.648512,93.121528,,,,uploaded landslide_report.pdf
851,7198,Assam,,,,25.388977,93.121008,,,,uploaded landslide_report.pdf
852,7201,Assam,,,,25.740148,91.224044,,,,uploaded landslide_report.pdf
853,7203,Assam,,,,25.341478,93.133718,,,,uploaded landslide_report.pdf
854,7210,Assam,,,,25.888959,92.61669,,,,uploaded landslide_report.pdf
855,7211,Assam,,,,25.890032,92.621245,,,,uploaded landslide_report.pdf
856,7241,Assam,,,,26.156633,91.938576,,,,uploaded landslide_report.pdf
857,7460,Assam,,,,26.1445,91.7362,,,,uploaded landslide_report.pdf
858,AR/LON/83N06/2022/003,Arunachal Pradesh,,,,26.736494,95.261822,,,,uploaded landslide_report.pdf
859,AR/LON/83N05/2022/002,Arunachal Pradesh,,,,26.799929,95.309533,,,,uploaded landslide_report.pdf
860,AR/LON/83N05/2022/001,Arunachal Pradesh,,,,26.849624,95.320878,,,,uploaded landslide_report.pdf
861,AR/LON/83N05/2022/005,Arunachal Pradesh,,,,26.87859,95.35234,,,,uploaded landslide_report.pdf
862,AR/LON/83N05/2022/004,Arunachal Pradesh,,,,26.881881,95.333027,,,,uploaded landslide_report.pdf
863,AR/TIR/83N09/2022/019,Arunachal Pradesh,,,,26.885896,95.562013,,,,uploaded landslide_report.pdf
864,AR/TIR/83N09/2022/018,Arunachal Pradesh,,,,26.897502,95.542612,,,,uploaded landslide_report.pdf
865,AR/TIR/83N09/2022/017,Arunachal Pradesh,,,,26.904294,95.549313,,,,uploaded landslide_report.pdf
866,AR/LON/83N05/2022/006,Arunachal Pradesh,,,,26.904445,95.360399,,,,uploaded landslide_report.pdf
867,AR/TIR/83N09/2022/016,Arunachal Pradesh,,,,26.919823,95.545421,,,,uploaded landslide_report.pdf
868,AR/LON/83N05/2022/007,Arunachal Pradesh,,,,26.925697,95.371448,,,,uploaded landslide_report.pdf
869,AR/TIR/83N05/2022/009,Arunachal Pradesh,,,,26.93529,95.37696,,,,uploaded landslide_report.pdf
870,AR/TIR/83N05/2022/008,Arunachal Pradesh,,,,26.936043,95.370996,,,,uploaded landslide_report.pdf
871,AR/TIR/83N09/2022/015,Arunachal Pradesh,,,,26.939232,95.520994,,,,uploaded landslide_report.pdf
872,AR/TIR/83N05/2022/010,Arunachal Pradesh,,,,26.943433,95.385986,,,,uploaded landslide_report.pdf
873,AR/TIR/83N09/2022/014,Arunachal Pradesh,,,,26.952173,95.519402,,,,uploaded landslide_report.pdf
874,AR/TIR/83N05/2022/011,Arunachal Pradesh,,,,26.976731,95.423103,,,,uploaded landslide_report.pdf
875,AR/TIR/83N09/2022/020,Arunachal Pradesh,,,,20.0,95.510469,,,,uploaded landslide_report.pdf
876,AR/TIR/83N05/2022/013,Arunachal Pradesh,,,,26.994618,95.486818,,,,uploaded landslide_report.pdf
877,AR/TIR/83N05/2022/012,Arunachal Pradesh,,,,26.994942,95.474591,,,,uploaded landslide_report.pdf
878,ARN/WK/83A12/2016/01,Arunachal Pradesh,,,,27.018342,92.6356,,,,uploaded landslide_report.pdf
879,AR/WKG/83A12/2021/051,Arunachal Pradesh,,,,27.018583,92.635667,,,,uploaded landslide_report.pdf
880,AR/TIR/83M12/2022/021,Arunachal Pradesh,,,,21.0,95.555899,,,,uploaded landslide_report.pdf
881,AR/PP/83E/12/2021/01,Arunachal Pradesh,,,,27.03106,93.62292,,,,uploaded landslide_report.pdf
882,AR/TIR/83M12/2022/022,Arunachal Pradesh,,,,22.0,95.562208,,,,uploaded landslide_report.pdf
883,AR/TIR/83M12/2022/024,Arunachal Pradesh,,,,24.0,95.56864,,,,uploaded landslide_report.pdf
884,AP/WK/83E12/2008/A-9,Arunachal Pradesh,,,,27.035278,92.610556,,,,uploaded landslide_report.pdf
885,AR/WKG/83A12/2021/050,Arunachal Pradesh,,,,27.036111,92.603333,,,,uploaded landslide_report.pdf
886,AR/TIR/83M12/2022/023,Arunachal Pradesh,,,,23.0,95.564677,,,,uploaded landslide_report.pdf
887,AR/CHNG/83M12/2022/053,Arunachal Pradesh,,,,27.039914,95.73282,,,,uploaded landslide_report.pdf
888,AR/CHNG/83M12/2022/052,Arunachal Pradesh,,,,27.043883,95.72822,,,,uploaded landslide_report.pdf
889,AR/TIR/83M12/2022/025,Arunachal Pradesh,,,,25.0,95.592084,,,,uploaded landslide_report.pdf
890,AR/CHNG/83M12/2022/051,Arunachal Pradesh,,,,27.047848,95.729657,,,,uploaded landslide_report.pdf
891,AR/CHNG/83M12/2022/050,Arunachal Pradesh,,,,27.057191,95.716883,,,,uploaded landslide_report.pdf
892,AR/CHNG/83M12/2022/049,Arunachal Pradesh,,,,27.0611,95.721024,,,,uploaded landslide_report.pdf
893,AR/TIR/83M12/2022/026,Arunachal Pradesh,,,,26.0,95.614212,,,,uploaded landslide_report.pdf
894,AR/WKA/83A12/2014/23,Arunachal Pradesh,,,,23.0,92.59572,,,,uploaded landslide_report.pdf
895,AR/CHNG/83M12/2022/048,Arunachal Pradesh,,,,27.068358,95.725306,,,,uploaded landslide_report.pdf
896,AR/TIR/83M12/2022/027,Arunachal Pradesh,,,,27.0,95.634021,,,,uploaded landslide_report.pdf
897,AR/TIR/83M12/2022/042,Arunachal Pradesh,,,,27.074431,95.638118,,,,uploaded landslide_report.pdf
898,AP/PP/83E12/2008/A-1,Arunachal Pradesh,,,,27.078472,93.605639,,,,uploaded landslide_report.pdf
899,AR/TIR/83M12/2022/041,Arunachal Pradesh,,,,27.079176,95.638023,,,,uploaded landslide_report.pdf
900,ARN/Papumpare/83E12/2020/0,Arunachal Pradesh,,,,27.08130556,93.61283333,,,,uploaded landslide_report.pdf
901,AR/PP/83E/12/2018/04,Arunachal Pradesh,,,,27.08155,93.61438,,,,uploaded landslide_report.pdf
902,AR/TIR/83M12/2022/040,Arunachal Pradesh,,,,27.083054,95.639328,,,,uploaded landslide_report.pdf
903,AR/83E/12/2021/03,Arunachal Pradesh,,,,27.083117,93.601735,,,,uploaded landslide_report.pdf
904,AR/WKG/83A12/2021/001,Arunachal Pradesh,,,,27.086139,92.584361,,,,uploaded landslide_report.pdf
905,AP/WK/83E12/2008/A-10,Arunachal Pradesh,,,,27.086667,92.585278,,,,uploaded landslide_report.pdf
906,AP/PAP/83E12/2021/18,Arunachal Pradesh,,,,27.088278,93.66925,,,,uploaded landslide_report.pdf
907,AR/CHNG/83M12/2022/047,Arunachal Pradesh,,,,27.089394,95.729849,,,,uploaded landslide_report.pdf
908,AP/PP/83E12/2008/A-4,Arunachal Pradesh,,,,27.091139,93.615667,,,,uploaded landslide_report.pdf
909,AR/WKG/83A12/2021/057,Arunachal Pradesh,,,,27.092028,92.597028,,,,uploaded landslide_report.pdf
910,AR/CHNG/83M12/2022/046,Arunachal Pradesh,,,,27.093755,95.731806,,,,uploaded landslide_report.pdf
911,AP/WK/83E12/2008/A-11,Arunachal Pradesh,,,,27.093889,92.591389,,,,uploaded landslide_report.pdf
912,AP/PP/83E12/2008/A-2,Arunachal Pradesh,,,,27.095278,93.615694,,,,uploaded landslide_report.pdf
913,AR/83E/12/2021/2,Arunachal Pradesh,,,,27.09589,93.62284,,,,uploaded landslide_report.pdf
914,AR/TIR/83M12/2022/039,Arunachal Pradesh,,,,27.095969,95.634872,,,,uploaded landslide_report.pdf
915,AR/WKG/83A12/2021/052,Arunachal Pradesh,,,,27.099083,92.626306,,,,uploaded landslide_report.pdf
916,AR/TIR/83M12/2022/038,Arunachal Pradesh,,,,27.099707,95.641075,,,,uploaded landslide_report.pdf
917,AP/PP/83E12/2008/A-3,Arunachal Pradesh,,,,27.101111,93.619222,,,,uploaded landslide_report.pdf
918,AR/83E/12/2018/06,Arunachal Pradesh,,,,27.10215,93.61371,,,,uploaded landslide_report.pdf
919,AR/TIR/83M12/2022/037,Arunachal Pradesh,,,,27.102163,95.644694,,,,uploaded landslide_report.pdf
920,AR/APTIR/83M12/2022/108,Arunachal Pradesh,,,,27.102625,95.645631,,,,uploaded landslide_report.pdf
921,AP/PAP/83E12/2021/4,Arunachal Pradesh,,,,27.102944,93.640417,,,,uploaded landslide_report.pdf
922,AP/PAP/83E12/2021/5,Arunachal Pradesh,,,,27.103069,93.641778,,,,uploaded landslide_report.pdf
923,AP/PAP/83E12/2021/1,Arunachal Pradesh,,,,27.103111,93.634019,,,,uploaded landslide_report.pdf
924,AP/PAP/83E12/2021/3,Arunachal Pradesh,,,,27.103444,93.638722,,,,uploaded landslide_report.pdf
925,AR/WKG/83A12/2021/053,Arunachal Pradesh,,,,27.103639,92.76025,,,,uploaded landslide_report.pdf
926,AR/83E/12/2021/05,Arunachal Pradesh,,,,27.10375,93.61529,,,,uploaded landslide_report.pdf
927,AP/PAP/83E12/2021/2,Arunachal Pradesh,,,,27.103944,93.637611,,,,uploaded landslide_report.pdf
928,AR/WKG/83A12/2021/004,Arunachal Pradesh,,,,27.105083,92.555222,,,,uploaded landslide_report.pdf
929,AR/WKG/83A12/2021/003,Arunachal Pradesh,,,,30.0,92.556278,,,,uploaded landslide_report.pdf
930,AP/PP/83E12/2008/A-7,Arunachal Pradesh,,,,27.105556,93.699722,,,,uploaded landslide_report.pdf
931,AR/TIR/83M12/2022/036,Arunachal Pradesh,,,,27.105748,95.654176,,,,uploaded landslide_report.pdf
932,AP/PP/83E12/2008/A-5,Arunachal Pradesh,,,,27.106472,93.663889,,,,uploaded landslide_report.pdf
933,AP/PAP/83E12/2021/6,Arunachal Pradesh,,,,27.106722,93.660111,,,,uploaded landslide_report.pdf
934,AR/WKG/83A12/2021/002,Arunachal Pradesh,,,,27.106939,92.573544,,,,uploaded landslide_report.pdf
935,ARN/PAP/83E11/2017/03,Arunachal Pradesh,,,,27.10736,93.64975,,,,uploaded landslide_report.pdf
936,AR/WKG/83A12/2021/048,Arunachal Pradesh,,,,27.1105,92.537444,,,,uploaded landslide_report.pdf
937,AP/PP/83E12/2008/A-6,Arunachal Pradesh,,,,27.112222,93.694444,,,,uploaded landslide_report.pdf
938,AR/CHNG/83M12/2022/045,Arunachal Pradesh,,,,27.112268,95.736125,,,,uploaded landslide_report.pdf
939,AR/WKG/83A12/2021/046,Arunachal Pradesh,,,,27.112694,92.543472,,,,uploaded landslide_report.pdf
940,AR/WKG/83A12/2021/005,Arunachal Pradesh,,,,27.11375,92.537583,,,,uploaded landslide_report.pdf
941,AR/CHNG/83M12/2022/035,Arunachal Pradesh,,,,27.115246,95.670965,,,,uploaded landslide_report.pdf
942,AR/CHNG/83M12/2022/043,Arunachal Pradesh,,,,27.115545,95.733337,,,,uploaded landslide_report.pdf
943,AR/WKG/83A12/2021/054,Arunachal Pradesh,,,,27.115694,92.763028,,,,uploaded landslide_report.pdf
944,AR/CHNG/83M12/2022/044,Arunachal Pradesh,,,,27.11587,95.733019,,,,uploaded landslide_report.pdf
945,AR/WKG/83A12/2021/047,Arunachal Pradesh,,,,27.116194,92.543111,,,,uploaded landslide_report.pdf
946,AR/CHNG/83M12/2022/034,Arunachal Pradesh,,,,27.116625,95.669825,,,,uploaded landslide_report.pdf
947,AR/CHNG/83M12/2022/032,Arunachal Pradesh,,,,27.122408,95.678718,,,,uploaded landslide_report.pdf
948,AR/CHNG/83M12/2022/033,Arunachal Pradesh,,,,27.122872,95.672546,,,,uploaded landslide_report.pdf
949,AP/PAP/83E12/2021/7,Arunachal Pradesh,,,,27.123139,93.702139,,,,uploaded landslide_report.pdf
950,AP/PP/83E12/2008/A-8,Arunachal Pradesh,,,,27.124444,93.742222,,,,uploaded landslide_report.pdf
951,AR/CHNG/83M12/2022/099,Arunachal Pradesh,,,,27.125767,95.745585,,,,uploaded landslide_report.pdf
952,ARN/PAP/83E11/2017/02,Arunachal Pradesh,,,,27.1275,93.73164,,,,uploaded landslide_report.pdf
953,ARN/PAP/83E11/2017/04,Arunachal Pradesh,,,,27.1275,93.73164,,,,uploaded landslide_report.pdf
954,AP/PAP/83E12/2021/8,Arunachal Pradesh,,,,27.128972,93.705333,,,,uploaded landslide_report.pdf
955,AR/CHNG/83M12/2022/031,Arunachal Pradesh,,,,27.12922,95.684101,,,,uploaded landslide_report.pdf
956,AR/CHNG/83M12/2022/029,Arunachal Pradesh,,,,29.0,95.689613,,,,uploaded landslide_report.pdf
957,AR/CHNG/83M12/2022/030,Arunachal Pradesh,,,,30.0,95.687302,,,,uploaded landslide_report.pdf
958,AR/CHNG/83M12/2022/028,Arunachal Pradesh,,,,28.0,95.709803,,,,uploaded landslide_report.pdf
959,AR/WKG/83A12/2021/055,Arunachal Pradesh,,,,27.134444,92.599611,,,,uploaded landslide_report.pdf
961,AR/CHNG/83M12/2022/109,Arunachal Pradesh,,,,27.143343,95.743034,,,,uploaded landslide_report.pdf
962,AR/CHNG/83M12/2022/054,Arunachal Pradesh,,,,27.1448,95.742566,,,,uploaded landslide_report.pdf
963,AR/WKG/83A12/2021/056,Arunachal Pradesh,,,,27.148056,92.613889,,,,uploaded landslide_report.pdf
964,AR/CHNG/83M12/2022/101,Arunachal Pradesh,,,,27.150127,95.780208,,,,uploaded landslide_report.pdf
965,AR/WKG/83A12/2021/006,Arunachal Pradesh,,,,27.152417,92.561778,,,,uploaded landslide_report.pdf
966,AR/WKG/83A12/2021/007,Arunachal Pradesh,,,,27.153056,92.56175,,,,uploaded landslide_report.pdf
967,AR/CHNG/83M12/2022/100,Arunachal Pradesh,,,,27.153826,95.77545,,,,uploaded landslide_report.pdf
968,AR/CHNG/83M16/2022/106,Arunachal Pradesh,,,,27.15844,95.755292,,,,uploaded landslide_report.pdf
969,AR/CHNG/83M16/2022/107,Arunachal Pradesh,,,,27.158837,95.750303,,,,uploaded landslide_report.pdf
970,AP/PAP/83E12/2021/9,Arunachal Pradesh,,,,27.16,93.739167,,,,uploaded landslide_report.pdf
971,AR/CHNG/83M16/2022/105,Arunachal Pradesh,,,,27.160065,95.754919,,,,uploaded landslide_report.pdf
972,AP/EK/83E03/2021/39,Arunachal Pradesh,,,,28.0,93.136194,,,,uploaded landslide_report.pdf
973,AR/CHNG/83M16/2022/103,Arunachal Pradesh,,,,27.161858,95.757717,,,,uploaded landslide_report.pdf
974,AR/CHNG/83M16/2022/104,Arunachal Pradesh,,,,27.163084,95.754775,,,,uploaded landslide_report.pdf
975,AR/CHNG/83M16/2022/055,Arunachal Pradesh,,,,27.163388,95.746685,,,,uploaded landslide_report.pdf
976,AP/PAP/83E16/2021/11,Arunachal Pradesh,,,,27.163556,93.752306,,,,uploaded landslide_report.pdf
977,AP/PAP/83E12/2021/10,Arunachal Pradesh,,,,27.165806,93.751167,,,,uploaded landslide_report.pdf
978,AR/WKG/83A12/2021/041,Arunachal Pradesh,,,,27.166306,92.587139,,,,uploaded landslide_report.pdf
979,AR/WKG/83A12/2021/040,Arunachal Pradesh,,,,27.167139,92.587917,,,,uploaded landslide_report.pdf
980,AR/CHNG/83M16/2022/102,Arunachal Pradesh,,,,27.172066,95.754546,,,,uploaded landslide_report.pdf
981,AR/CHNG/83M16/2022/056,Arunachal Pradesh,,,,27.175606,95.749935,,,,uploaded landslide_report.pdf
982,AP/EK/83E04/2021/31,Arunachal Pradesh,,,,21.0,93.148694,,,,uploaded landslide_report.pdf
983,AP/EK/83E04/2021/32,Arunachal Pradesh,,,,22.0,93.148694,,,,uploaded landslide_report.pdf
984,AP/EK/83E03/2021/33,Arunachal Pradesh,,,,23.0,93.148694,,,,uploaded landslide_report.pdf
985,AP/EK/83E03/2021/34,Arunachal Pradesh,,,,24.0,93.148694,,,,uploaded landslide_report.pdf
986,AP/EK/83E03/2021/35,Arunachal Pradesh,,,,25.0,93.148694,,,,uploaded landslide_report.pdf
987,AP/EK/83E03/2021/36,Arunachal Pradesh,,,,26.0,93.148694,,,,uploaded landslide_report.pdf
988,AP/EK/83E03/2021/37,Arunachal Pradesh,,,,27.0,93.148694,,,,uploaded landslide_report.pdf
989,AP/EK/83E03/2021/38,Arunachal Pradesh,,,,28.0,93.148694,,,,uploaded landslide_report.pdf
990,AR/CHNG/83M12/2022/057,Arunachal Pradesh,,,,27.178695,95.735218,,,,uploaded landslide_report.pdf
991,AR/WKG/83A12/2021/042,Arunachal Pradesh,,,,27.182278,92.599889,,,,uploaded landslide_report.pdf
992,AR/WKG/83A12/2021/043,Arunachal Pradesh,,,,27.183833,92.599333,,,,uploaded landslide_report.pdf
993,AR/CHNG/83M12/2022/058,Arunachal Pradesh,,,,27.187767,95.732008,,,,uploaded landslide_report.pdf
994,AR/CHNG/83M12/2022/060,Arunachal Pradesh,,,,27.188551,95.703582,,,,uploaded landslide_report.pdf
995,AP/EK/83E04/2021/30,Arunachal Pradesh,,,,30.0,93.136056,,,,uploaded landslide_report.pdf
996,AR/CHNG/83M12/2022/059,Arunachal Pradesh,,,,27.190295,95.716317,,,,uploaded landslide_report.pdf
997,AR/WKG/83A12/2021/044,Arunachal Pradesh,,,,27.190861,92.607806,,,,uploaded landslide_report.pdf
998,AR/WKG/83A12/2021/045,Arunachal Pradesh,,,,27.191667,92.610111,,,,uploaded landslide_report.pdf
999,ARN/LS/83E15/2016/04,Arunachal Pradesh,,,,27.193425,93.780983,,,,uploaded landslide_report.pdf
1000,AP/PAP/83E16/2021/12,Arunachal Pradesh,,,,27.194111,93.780944,,,,uploaded landslide_report.pdf
1001,AP/PK/83E04/2021/29,Arunachal Pradesh,,,,29.0,93.139722,,,,uploaded landslide_report.pdf
1002,AR/WKG/83A12/2021/008,Arunachal Pradesh,,,,27.204139,92.529278,,,,uploaded landslide_report.pdf
1003,AR/WKG/83A12/2021/009,Arunachal Pradesh,,,,27.20675,92.537389,,,,uploaded landslide_report.pdf
1004,AR/WKG/83A12/2021/010,Arunachal Pradesh,,,,27.206917,92.537667,,,,uploaded landslide_report.pdf
1005,AP/PAP/83E12/2021/69,Arunachal Pradesh,,,,27.207583,93.615667,,,,uploaded landslide_report.pdf
1006,ARN/PAP/83E12/2017/01,Arunachal Pradesh,,,,27.207659,93.615842,,,,uploaded landslide_report.pdf
1007,AP/EK/83E03/2021/28,Arunachal Pradesh,,,,28.0,93.133472,,,,uploaded landslide_report.pdf
1008,AR/WKG/83A12/2021/011,Arunachal Pradesh,,,,27.208222,92.55475,,,,uploaded landslide_report.pdf
1009,AP/PAP/83E12/2021/68,Arunachal Pradesh,,,,27.210556,93.628556,,,,uploaded landslide_report.pdf
1010,AP/PAP/83E12/2021/67,Arunachal Pradesh,,,,27.214778,93.635667,,,,uploaded landslide_report.pdf
1011,AP/EK/83E03/2021/27,Arunachal Pradesh,,,,27.0,93.123139,,,,uploaded landslide_report.pdf
1012,AP/EK/83E03/2021/25,Arunachal Pradesh,,,,25.0,93.069222,,,,uploaded landslide_report.pdf
1013,AP/PAP/83E12/2021/66,Arunachal Pradesh,,,,27.216278,93.655639,,,,uploaded landslide_report.pdf
1014,AP/PAP/83E12/2021/65,Arunachal Pradesh,,,,27.216639,93.691472,,,,uploaded landslide_report.pdf
1015,AP/EK/83E03/2021/26,Arunachal Pradesh,,,,26.0,93.074944,,,,uploaded landslide_report.pdf
1016,AP/EK/83E03/2021/24,Arunachal Pradesh,,,,24.0,93.064833,,,,uploaded landslide_report.pdf
1017,AP/PAP/83E12/2021/64,Arunachal Pradesh,,,,27.218611,93.695278,,,,uploaded landslide_report.pdf
1018,AP/PAP/83E12/2021/70,Arunachal Pradesh,,,,27.22075,93.581167,,,,uploaded landslide_report.pdf
1019,AP/PAP/83E12/2021/63,Arunachal Pradesh,,,,27.220833,93.698194,,,,uploaded landslide_report.pdf
1020,AP/PAP/83E12/2021/71,Arunachal Pradesh,,,,27.223667,93.580417,,,,uploaded landslide_report.pdf
1021,AP/PAP/83E12/2021/72,Arunachal Pradesh,,,,27.225361,93.570278,,,,uploaded landslide_report.pdf
1022,AR/CHNG/83M16/2022/096,Arunachal Pradesh,,,,27.226901,95.905393,,,,uploaded landslide_report.pdf
1023,AP/PAP/83E12/2021/73,Arunachal Pradesh,,,,27.228056,93.568972,,,,uploaded landslide_report.pdf
1024,AP/PAP/83E16/2021/13,Arunachal Pradesh,,,,27.228167,93.799111,,,,uploaded landslide_report.pdf
1025,AP/PAP/83E12/2021/62,Arunachal Pradesh,,,,27.234139,93.707861,,,,uploaded landslide_report.pdf
1026,AP/PAP/83E12/2021/74,Arunachal Pradesh,,,,27.234917,93.536139,,,,uploaded landslide_report.pdf
1027,AP/PAP/83E12/2021/75,Arunachal Pradesh,,,,27.235306,93.524389,,,,uploaded landslide_report.pdf
1028,AP/PAP/83E12/2021/61,Arunachal Pradesh,,,,27.236139,93.715694,,,,uploaded landslide_report.pdf
1029,AP/PAP/83E16/2021/14,Arunachal Pradesh,,,,27.236306,93.807167,,,,uploaded landslide_report.pdf
1030,AP/PAP/83E16/2021/15,Arunachal Pradesh,,,,27.238222,93.806444,,,,uploaded landslide_report.pdf
1031,AP/PAP/83E16/2021/16,Arunachal Pradesh,,,,27.238917,93.806083,,,,uploaded landslide_report.pdf
1032,AP/PAP/83E12/2021/59,Arunachal Pradesh,,,,27.239333,93.745,,,,uploaded landslide_report.pdf
1033,ARN/LS/83E15/2016/08,Arunachal Pradesh,,,,27.23995,93.806589,,,,uploaded landslide_report.pdf
1034,AP/PAP/83E12/2021/58,Arunachal Pradesh,,,,27.240083,93.745917,,,,uploaded landslide_report.pdf
1035,AP/EK/83E03/2021/23,Arunachal Pradesh,,,,23.0,93.064361,,,,uploaded landslide_report.pdf
1036,AP/PAP/83E16/2021/55,Arunachal Pradesh,,,,27.240556,93.750417,,,,uploaded landslide_report.pdf
1037,AP/PAP/83E12/2021/60,Arunachal Pradesh,,,,27.241,93.731417,,,,uploaded landslide_report.pdf
1038,AP/PAP/83E12/2021/56,Arunachal Pradesh,,,,27.241056,93.749306,,,,uploaded landslide_report.pdf
1039,AP/PAP/83E12/2021/57,Arunachal Pradesh,,,,27.24125,93.746889,,,,uploaded landslide_report.pdf
1040,AP/PAP/83E16/2021/54,Arunachal Pradesh,,,,27.242917,93.757222,,,,uploaded landslide_report.pdf
1041,AP/PAP/83E16/2021/17,Arunachal Pradesh,,,,27.246111,93.804667,,,,uploaded landslide_report.pdf
1042,ARN/LS/83E15/2016/07,Arunachal Pradesh,,,,27.246131,93.804711,,,,uploaded landslide_report.pdf
1043,AP/PAP/83E16/2021/53,Arunachal Pradesh,,,,27.24675,93.765333,,,,uploaded landslide_report.pdf
1044,AP/PAP/83E16/2021/52,Arunachal Pradesh,,,,27.248167,93.765889,,,,uploaded landslide_report.pdf
1045,AR/WKG/83A12/2021/049,Arunachal Pradesh,,,,27.248722,92.737722,,,,uploaded landslide_report.pdf
1046,AP/PAP/83E11/2021/76,Arunachal Pradesh,,,,27.2495,93.507833,,,,uploaded landslide_report.pdf
1047,AP/PAP/83E11/2021/77,Arunachal Pradesh,,,,27.251806,93.504278,,,,uploaded landslide_report.pdf
1048,AP/PAP/83E11/2021/78,Arunachal Pradesh,,,,27.253778,93.507778,,,,uploaded landslide_report.pdf
1049,ARN/LS/83E15/2016/06,Arunachal Pradesh,,,,27.254756,93.801303,,,,uploaded landslide_report.pdf
1050,AP/EK/83E03/2021/22,Arunachal Pradesh,,,,22.0,93.064472,,,,uploaded landslide_report.pdf
1051,AR/CHNG/83M15/2022/095,Arunachal Pradesh,,,,27.257581,95.936353,,,,uploaded landslide_report.pdf
1052,AP/PAP/83E15/2021/51,Arunachal Pradesh,,,,27.258556,93.778167,,,,uploaded landslide_report.pdf
1053,AP/PAP/83E15/2021/48,Arunachal Pradesh,,,,27.260222,93.7895,,,,uploaded landslide_report.pdf
1054,AP/PAP/83E15/2021/49,Arunachal Pradesh,,,,27.260222,93.7895,,,,uploaded landslide_report.pdf
1055,AP/PAP/83E15/2021/47,Arunachal Pradesh,,,,27.260444,93.7895,,,,uploaded landslide_report.pdf
1056,AP/PAP/83E15/2021/50,Arunachal Pradesh,,,,27.260722,93.780306,,,,uploaded landslide_report.pdf
1057,AR/WKG/83A07/2021/012,Arunachal Pradesh,,,,27.266667,92.404389,,,,uploaded landslide_report.pdf
1058,AP/PAP/83E15/2021/19,Arunachal Pradesh,,,,27.267722,93.80125,,,,uploaded landslide_report.pdf
1059,AR/CHNG/92A03/2022/097,Arunachal Pradesh,,,,27.268684,96.040751,,,,uploaded landslide_report.pdf
1060,AR/CHNG/92A03/2022/098,Arunachal Pradesh,,,,27.268973,96.037707,,,,uploaded landslide_report.pdf
1061,AP/PAP/83E15/2021/20,Arunachal Pradesh,,,,20.0,93.802361,,,,uploaded landslide_report.pdf
1062,AP/PAP/83E15/2021/21,Arunachal Pradesh,,,,21.0,93.799333,,,,uploaded landslide_report.pdf
1063,AR/CHNG/83M15/2022/093,Arunachal Pradesh,,,,27.273999,95.975506,,,,uploaded landslide_report.pdf
1064,AP/PAP/83E15/2021/22,Arunachal Pradesh,,,,22.0,93.797833,,,,uploaded landslide_report.pdf
1065,AR/CHNG/83M15/2022/094,Arunachal Pradesh,,,,27.275542,95.965859,,,,uploaded landslide_report.pdf
1066,AP/PAP/83E15/2021/23,Arunachal Pradesh,,,,23.0,93.795889,,,,uploaded landslide_report.pdf
1067,AR/WKG/83A07/2021/013,Arunachal Pradesh,,,,27.277417,92.425278,,,,uploaded landslide_report.pdf
1068,AR/WKG/83A07/2021/014,Arunachal Pradesh,,,,27.278417,92.426917,,,,uploaded landslide_report.pdf
1069,AP/PAP/83E15/2021/24,Arunachal Pradesh,,,,24.0,93.796444,,,,uploaded landslide_report.pdf
1070,AR/CHNG/92A03/2022/076,Arunachal Pradesh,,,,27.282921,96.122193,,,,uploaded landslide_report.pdf
1071,AR/CHNG/83M15/2022/091,Arunachal Pradesh,,,,27.287781,95.978389,,,,uploaded landslide_report.pdf
1072,AR/CHNG/83M15/2022/092,Arunachal Pradesh,,,,27.287855,95.977914,,,,uploaded landslide_report.pdf
1073,AR/CHNG/92A03/2022/075,Arunachal Pradesh,,,,27.288125,96.075898,,,,uploaded landslide_report.pdf
1074,AP/PAP/83E15/2021/25,Arunachal Pradesh,,,,25.0,93.796806,,,,uploaded landslide_report.pdf
1075,AR/WKG/83A07/2021/015,Arunachal Pradesh,,,,27.291528,92.391778,,,,uploaded landslide_report.pdf
1076,AR/WKG/83A07/2021/016,Arunachal Pradesh,,,,27.292167,92.391889,,,,uploaded landslide_report.pdf
1077,AR/WKG/83A07/2021/017,Arunachal Pradesh,,,,27.292444,92.391861,,,,uploaded landslide_report.pdf
1078,AR/CHNG/92A03/2022/083,Arunachal Pradesh,,,,27.29268,96.024049,,,,uploaded landslide_report.pdf
1079,AR/WKG/83A07/2021/018,Arunachal Pradesh,,,,27.293806,92.391694,,,,uploaded landslide_report.pdf
1080,AP/EK/83E03/2021/18,Arunachal Pradesh,,,,27.293806,93.050139,,,,uploaded landslide_report.pdf
1081,AP/PAP/83E15/2021/26,Arunachal Pradesh,,,,26.0,93.802056,,,,uploaded landslide_report.pdf
1082,ARN/LS/83E15/2016/05,Arunachal Pradesh,,,,27.294886,93.803328,,,,uploaded landslide_report.pdf
1083,AP/EK/83E03/2021/19,Arunachal Pradesh,,,,27.294944,93.072417,,,,uploaded landslide_report.pdf
1084,AR/CHNG/92A03/2022/084,Arunachal Pradesh,,,,27.296223,96.013675,,,,uploaded landslide_report.pdf
1085,AP/EK/83E03/2021/21,Arunachal Pradesh,,,,21.0,93.099056,,,,uploaded landslide_report.pdf
1086,AP/EK/83E03/2021/45,Arunachal Pradesh,,,,27.297167,93.050889,,,,uploaded landslide_report.pdf
1087,AR/CHNG/92A03/2022/088,Arunachal Pradesh,,,,27.297775,96.002314,,,,uploaded landslide_report.pdf
1088,AR/CHNG/92A03/2022/082,Arunachal Pradesh,,,,27.298972,96.046398,,,,uploaded landslide_report.pdf
1089,AR/CHNG/92A03/2022/087,Arunachal Pradesh,,,,27.299135,96.010349,,,,uploaded landslide_report.pdf
1090,AR/CHNG/83M15/2022/090,Arunachal Pradesh,,,,27.299744,95.987092,,,,uploaded landslide_report.pdf
1091,AR/CHNG/92A03/2022/085,Arunachal Pradesh,,,,27.29976,96.012691,,,,uploaded landslide_report.pdf
1092,AR/CHNG/92A03/2022/086,Arunachal Pradesh,,,,27.300188,96.010838,,,,uploaded landslide_report.pdf
1093,AP/EK/83E03/2021/46,Arunachal Pradesh,,,,27.300611,93.093417,,,,uploaded landslide_report.pdf
1094,AR/WKG/83A07/2021/019,Arunachal Pradesh,,,,27.300667,92.391833,,,,uploaded landslide_report.pdf
1095,AP/PAP/83E15/2021/27,Arunachal Pradesh,,,,27.0,93.802833,,,,uploaded landslide_report.pdf
1096,AR/CHNG/83M15/2022/089,Arunachal Pradesh,,,,27.300945,95.992838,,,,uploaded landslide_report.pdf
1097,AP/EK/83E03/2021/20,Arunachal Pradesh,,,,20.0,93.091889,,,,uploaded landslide_report.pdf
1098,AP/EK/83E03/2021/16,Arunachal Pradesh,,,,27.302389,93.055833,,,,uploaded landslide_report.pdf
1099,AP/EK/83E03/2021/17,Arunachal Pradesh,,,,27.302861,93.050917,,,,uploaded landslide_report.pdf
1100,AR/CHNG/92A03/2022/077,Arunachal Pradesh,,,,27.302949,96.154621,,,,uploaded landslide_report.pdf
1101,AP/EK/83E03/2021/15,Arunachal Pradesh,,,,27.304361,93.054611,,,,uploaded landslide_report.pdf
1102,AR/CHNG/92A03/2022/081,Arunachal Pradesh,,,,27.305527,96.224831,,,,uploaded landslide_report.pdf
1103,ARN/LS/83E15/2016/03,Arunachal Pradesh,,,,27.307072,93.806008,,,,uploaded landslide_report.pdf
1104,AP/PAP/83E15/2021/28,Arunachal Pradesh,,,,28.0,93.806306,,,,uploaded landslide_report.pdf
1105,AR/CHNG/92A03/2022/078,Arunachal Pradesh,,,,27.309012,96.158495,,,,uploaded landslide_report.pdf
1106,AR/CHNG/92A03/2022/079,Arunachal Pradesh,,,,27.313343,96.171327,,,,uploaded landslide_report.pdf
1107,AR/CHNG/92A03/2022/080,Arunachal Pradesh,,,,27.315904,96.18349,,,,uploaded landslide_report.pdf
1108,AP/EK/83E03/2021/12,Arunachal Pradesh,,,,27.320083,93.050917,,,,uploaded landslide_report.pdf
1109,AP/EK/83E03/2021/11,Arunachal Pradesh,,,,27.32025,93.053222,,,,uploaded landslide_report.pdf
1110,AR/WKG/83A07/2021/020,Arunachal Pradesh,,,,20.0,92.373722,,,,uploaded landslide_report.pdf
1111,AP/PAP/83E15/2021/29,Arunachal Pradesh,,,,29.0,93.822389,,,,uploaded landslide_report.pdf
1112,AP/EK/83E03/2021/10,Arunachal Pradesh,,,,27.325861,93.055472,,,,uploaded landslide_report.pdf
1113,AP/EK/83E03/2021/14,Arunachal Pradesh,,,,27.327333,93.043611,,,,uploaded landslide_report.pdf
1114,AP/PAP/83E15/2021/44,Arunachal Pradesh,,,,27.327583,93.813389,,,,uploaded landslide_report.pdf
1115,AP/PAP/83E15/2021/45,Arunachal Pradesh,,,,27.328528,93.812528,,,,uploaded landslide_report.pdf
1116,AP/EK/83E03/2021/09,Arunachal Pradesh,,,,27.328611,93.056583,,,,uploaded landslide_report.pdf
1117,AP/PAP/83E15/2021/43,Arunachal Pradesh,,,,27.334056,93.819417,,,,uploaded landslide_report.pdf
1118,AP/PAP/83E15/2021/42,Arunachal Pradesh,,,,27.336667,93.820722,,,,uploaded landslide_report.pdf
1119,AP/PAP/83E15/2021/41,Arunachal Pradesh,,,,27.337028,93.821306,,,,uploaded landslide_report.pdf
1120,ARN/LS/83E15/2016/02,Arunachal Pradesh,,,,27.339267,93.802581,,,,uploaded landslide_report.pdf
1121,AP/PAP/83E15/2021/46,Arunachal Pradesh,,,,27.339833,93.805167,,,,uploaded landslide_report.pdf
1122,AR/WKG/83A07/2021/021,Arunachal Pradesh,,,,21.0,92.274944,,,,uploaded landslide_report.pdf
1123,AP/EK/83E03/2021/08,Arunachal Pradesh,,,,27.342139,93.041583,,,,uploaded landslide_report.pdf
1124,AP/WK/83E12/2008/A-14,Arunachal Pradesh,,,,27.345556,92.266389,,,,uploaded landslide_report.pdf
1125,AP/EK/83A15/2021/51,Arunachal Pradesh,,,,27.34675,93.018528,,,,uploaded landslide_report.pdf
1126,AP/EK/83A15/2021/52,Arunachal Pradesh,,,,27.34675,93.018528,,,,uploaded landslide_report.pdf
1127,AP/EK/83A15/2021/53,Arunachal Pradesh,,,,27.34675,93.018528,,,,uploaded landslide_report.pdf
1128,AP/EK/83E03/2021/49,Arunachal Pradesh,,,,27.347917,93.012194,,,,uploaded landslide_report.pdf
1129,AP/EK/83E03/2021/50,Arunachal Pradesh,,,,27.347917,93.012194,,,,uploaded landslide_report.pdf
1130,AP/EK/83E03/2021/47,Arunachal Pradesh,,,,27.357083,93.026361,,,,uploaded landslide_report.pdf
1131,AR/WKG/83A03/2021/039,Arunachal Pradesh,,,,27.358194,92.24325,,,,uploaded landslide_report.pdf
1132,AP/EK/83E03/2021/40,Arunachal Pradesh,,,,27.361222,93.035778,,,,uploaded landslide_report.pdf
1133,AR/WKG/83A03/2021/034,Arunachal Pradesh,,,,27.362028,92.244028,,,,uploaded landslide_report.pdf
1134,AR/WKG/83A03/2021/035,Arunachal Pradesh,,,,27.362444,92.243972,,,,uploaded landslide_report.pdf
1135,AR/WKG/83A03/2021/036,Arunachal Pradesh,,,,27.363417,92.24375,,,,uploaded landslide_report.pdf
1136,AP/EK/83E03/2021/48,Arunachal Pradesh,,,,27.363833,93.025139,,,,uploaded landslide_report.pdf
1137,AR/WKG/83A03/2021/037,Arunachal Pradesh,,,,27.367611,92.2415,,,,uploaded landslide_report.pdf
1138,AR/WKG/83A03/2021/038,Arunachal Pradesh,,,,27.368333,92.241583,,,,uploaded landslide_report.pdf
1139,AP/EK/83E04/2021/41,Arunachal Pradesh,,,,27.391639,93.011861,,,,uploaded landslide_report.pdf
1140,AR/WKG/83A03/2021/024,Arunachal Pradesh,,,,24.0,92.157333,,,,uploaded landslide_report.pdf
1141,AR/WKG/83A03/2021/023,Arunachal Pradesh,,,,23.0,92.164167,,,,uploaded landslide_report.pdf
1142,AR/WKG/83A03/2021/022,Arunachal Pradesh,,,,22.0,92.163861,,,,uploaded landslide_report.pdf
1143,AR/WKG/83A03/2021/025,Arunachal Pradesh,,,,25.0,92.141056,,,,uploaded landslide_report.pdf
1144,AR/WKG/83A03/2021/032,Arunachal Pradesh,,,,29.0,92.133778,,,,uploaded landslide_report.pdf
1145,AR/WKG/83A07/2021/033,Arunachal Pradesh,,,,30.0,92.132167,,,,uploaded landslide_report.pdf
1146,AP/EK/83E03/2021/42,Arunachal Pradesh,,,,27.411944,93.010528,,,,uploaded landslide_report.pdf
1147,AP/EK/83E03/2021/43,Arunachal Pradesh,,,,27.411944,93.010528,,,,uploaded landslide_report.pdf
1148,AP/EK/83E03/2021/01,Arunachal Pradesh,,,,27.420722,93.011083,,,,uploaded landslide_report.pdf
1149,AP/EK/83E03/2021/05,Arunachal Pradesh,,,,27.421139,93.017611,,,,uploaded landslide_report.pdf
1150,AP/EK/83E03/2021/04,Arunachal Pradesh,,,,27.422111,93.014639,,,,uploaded landslide_report.pdf
1151,AP/EK/83E03/2021/44,Arunachal Pradesh,,,,27.423722,93.007583,,,,uploaded landslide_report.pdf
1152,AP/EK/83E03/2021/06,Arunachal Pradesh,,,,27.428833,93.025306,,,,uploaded landslide_report.pdf
1153,AR/WKG/83A03/2021/026,Arunachal Pradesh,,,,26.0,92.123583,,,,uploaded landslide_report.pdf
1154,AP/EK/83E03/2021/13,Arunachal Pradesh,,,,27.436722,93.003639,,,,uploaded landslide_report.pdf
1155,AP/EK/83E03/2021/07,Arunachal Pradesh,,,,27.437333,93.029667,,,,uploaded landslide_report.pdf
1156,AP/EK/83E03/2021/02,Arunachal Pradesh,,,,27.441028,93.020389,,,,uploaded landslide_report.pdf
1157,AR/WKG/83A03/2021/027,Arunachal Pradesh,,,,27.0,92.117417,,,,uploaded landslide_report.pdf
1158,AP/EK/83E03/2021/03,Arunachal Pradesh,,,,27.441694,93.021472,,,,uploaded landslide_report.pdf
1159,AR/CHNG/92A07/2022/072,Arunachal Pradesh,,,,27.447181,96.439865,,,,uploaded landslide_report.pdf
1160,AR/CHNG/92A07/2022/073,Arunachal Pradesh,,,,27.449807,96.444466,,,,uploaded landslide_report.pdf
1161,AR/US/82P04/2022/036,Arunachal Pradesh,,,,27.452833,95.239,,,,uploaded landslide_report.pdf
1162,AR/CHNG/92A07/2022/074,Arunachal Pradesh,,,,27.453197,96.444944,,,,uploaded landslide_report.pdf
1163,AR/CHNG/92A07/2022/071,Arunachal Pradesh,,,,27.455222,96.440908,,,,uploaded landslide_report.pdf
1164,AR/WKG/83A03/2021/028,Arunachal Pradesh,,,,28.0,92.109556,,,,uploaded landslide_report.pdf
1165,AR/CHNG/92A07/2022/070,Arunachal Pradesh,,,,27.458768,96.440093,,,,uploaded landslide_report.pdf
1166,AR/US/82P04/2022/035,Arunachal Pradesh,,,,27.459167,95.233639,,,,uploaded landslide_report.pdf
1167,AP/WK/83E12/2008/A-12,Arunachal Pradesh,,,,27.460278,92.110278,,,,uploaded landslide_report.pdf
1168,AR/CHNG/92A07/2022/068,Arunachal Pradesh,,,,27.460656,96.412177,,,,uploaded landslide_report.pdf
1169,AR/CHNG/92A07/2022/069,Arunachal Pradesh,,,,27.460731,96.41975,,,,uploaded landslide_report.pdf
1170,AR/CHNG/92A07/2022/067,Arunachal Pradesh,,,,27.466137,96.407194,,,,uploaded landslide_report.pdf
1171,AR/CHNG/92A07/2022/066,Arunachal Pradesh,,,,27.467849,96.409616,,,,uploaded landslide_report.pdf
1172,AR/CHNG/92A07/2022/065,Arunachal Pradesh,,,,27.470221,96.407798,,,,uploaded landslide_report.pdf
1173,AR/CHNG/92A07/2022/064,Arunachal Pradesh,,,,27.474408,96.408773,,,,uploaded landslide_report.pdf
1174,AR/CHNG/92A07/2022/063,Arunachal Pradesh,,,,27.476285,96.40896,,,,uploaded landslide_report.pdf
1175,AR/CHNG/92A07/2022/062,Arunachal Pradesh,,,,27.476614,96.408544,,,,uploaded landslide_report.pdf
1176,AR/CHNG/92A07/2022/061,Arunachal Pradesh,,,,27.479141,96.403435,,,,uploaded landslide_report.pdf
1177,AR/WKG/83A03/2021/029,Arunachal Pradesh,,,,29.0,92.10925,,,,uploaded landslide_report.pdf
1178,AR/WKG/83A03/2021/030,Arunachal Pradesh,,,,30.0,92.104333,,,,uploaded landslide_report.pdf
1179,AR/WKG/83A03/2021/031,Arunachal Pradesh,,,,28.0,92.104667,,,,uploaded landslide_report.pdf
1180,AP/WK/78M14/2008/A-13,Arunachal Pradesh,,,,27.512278,91.875556,,,,uploaded landslide_report.pdf
1204,AR/KD/82E/10/2018/01,Arunachal Pradesh,,,,27.5806,93.6348,,,,uploaded landslide_report.pdf
1205,AR/KP/83E16/2018/02,Arunachal Pradesh,,,,27.1929,93.7802,,,,uploaded landslide_report.pdf
1206,AR/PP/83E12/2018/03,Arunachal Pradesh,,,,27.1076,93.6413,,,,uploaded landslide_report.pdf
1209,ARN/Papumpare/83E12/2020/0,Arunachal Pradesh,,,,27.08130556,93.61283333,,,,uploaded landslide_report.pdf
1210,AR/ES/82P/8/2021/01,Arunachal Pradesh,,,,28.14116,95.27472,,,,uploaded landslide_report.pdf
1211,AR/ES/82P/8/2021/02,Arunachal Pradesh,,,,28.14251,95.27439,,,,uploaded landslide_report.pdf
1212,AR/PP/83E/12/2021/01,Arunachal Pradesh,,,,27.03106,93.62292,,,,uploaded landslide_report.pdf
1213,AR/83E/12/2021/2,Arunachal Pradesh,,,,27.09589,93.62284,,,,uploaded landslide_report.pdf
1214,AR/83E/12/2021/03,Arunachal Pradesh,,,,27.083117,93.601735,,,,uploaded landslide_report.pdf
1215,AR/PP/83E/12/2018/04,Arunachal Pradesh,,,,27.08155,93.61438,,,,uploaded landslide_report.pdf
1216,AR/83E/12/2021/05,Arunachal Pradesh,,,,27.10375,93.61529,,,,uploaded landslide_report.pdf
1217,AR/83E/12/2018/06,Arunachal Pradesh,,,,27.10215,93.61371,,,,uploaded landslide_report.pdf
1218,ARN/TWG/FM/2016-17/01,Arunachal Pradesh,,,,27.58741667,91.88694444,,,,uploaded landslide_report.pdf
1219,ARN/TWG/FM/2016-17/02,Arunachal Pradesh,,,,27.58741667,91.88694444,,,,uploaded landslide_report.pdf
1220,ARN/TWG/NYD/2016-17/06,Arunachal Pradesh,,,,27.59152778,91.88044444,,,,uploaded landslide_report.pdf
1221,ARN/TWG/RBR/2016-17/17,Arunachal Pradesh,,,,27.58647222,91.89636111,,,,uploaded landslide_report.pdf
1222,ARN/TWG/KHT/2016-17/20,Arunachal Pradesh,,,,20.0,91.85486111,,,,uploaded landslide_report.pdf
1223,ARN/TWNG/78M14/2016/0015,Arunachal Pradesh,,,,27.561083,91.911528,,,,uploaded landslide_report.pdf
1233,AR/WKG/78M14/2021/003,Arunachal Pradesh,,,,27.576806,91.993444,,,,uploaded landslide_report.pdf
1234,ARN/TWNG/78M14/2016/0018,Arunachal Pradesh,,,,27.579,91.868639,,,,uploaded landslide_report.pdf
1235,AR/TAW/78M14/2014/22,Arunachal Pradesh,,,,22.0,91.97728,,,,uploaded landslide_report.pdf
1236,AR/WKG/78M14/2021/002,Arunachal Pradesh,,,,27.583611,91.973056,,,,uploaded landslide_report.pdf
1237,AP/TAW/78M14-SE/2009-10/AR-,Arunachal Pradesh,,,,27.584639,91.860917,,,,uploaded landslide_report.pdf
1238,AP/TAW/78M14-SE/2009-10/AR-,Arunachal Pradesh,,,,27.584639,91.860917,,,,uploaded landslide_report.pdf
1239,AP/TAW/78M14-SE/2009-10/AR-,Arunachal Pradesh,,,,27.584639,91.860917,,,,uploaded landslide_report.pdf
1240,ARN/TWNG/787M14/2016/002,Arunachal Pradesh,,,,27.586694,91.871444,,,,uploaded landslide_report.pdf
1241,ARN/TWNG/78M14/2016/0001,Arunachal Pradesh,,,,27.587417,91.886944,,,,uploaded landslide_report.pdf
1242,ARN/TWNG/78M14/2016/0002,Arunachal Pradesh,,,,27.587417,91.886944,,,,uploaded landslide_report.pdf
1243,ARN/TWNG/78M14/2016/0016,Arunachal Pradesh,,,,27.587611,91.894167,,,,uploaded landslide_report.pdf
1244,ARN/TWG/78M14/2016/0028,Arunachal Pradesh,,,,28.0,91.873194,,,,uploaded landslide_report.pdf
1245,ARN/TWNG/78M14/2016/0019,Arunachal Pradesh,,,,27.58925,91.795667,,,,uploaded landslide_report.pdf
1246,ARN/TWNG/78M14/2016/0022,Arunachal Pradesh,,,,22.0,91.861444,,,,uploaded landslide_report.pdf
1247,ARN/TWNG/78M14/2016/0007,Arunachal Pradesh,,,,27.589889,91.881194,,,,uploaded landslide_report.pdf
1248,ARN/TWG/78M14/2016/0029,Arunachal Pradesh,,,,29.0,91.867667,,,,uploaded landslide_report.pdf
1249,ARN/TWG/78M14/2016/0030,Arunachal Pradesh,,,,30.0,91.876806,,,,uploaded landslide_report.pdf
1250,ARN/TWG/78M14/2016/0031,Arunachal Pradesh,,,,27.590639,91.876806,,,,uploaded landslide_report.pdf
1251,ARN/TWNG/78M14/2016/0004,Arunachal Pradesh,,,,27.591389,91.9025,,,,uploaded landslide_report.pdf
1252,AR/WKG/78M14/2021/001,Arunachal Pradesh,,,,27.591417,91.973083,,,,uploaded landslide_report.pdf
1253,ARN/TWNG/78M14/2016/0006,Arunachal Pradesh,,,,27.591528,91.880444,,,,uploaded landslide_report.pdf
1254,ARN/TWNG/78M14/2016/0008,Arunachal Pradesh,,,,27.591806,91.865028,,,,uploaded landslide_report.pdf
1255,ARN/TWNG/78M14/2016/0009,Arunachal Pradesh,,,,27.591833,91.865056,,,,uploaded landslide_report.pdf
1256,ARN/TWNG/78M14/2016/0011,Arunachal Pradesh,,,,27.592639,91.867528,,,,uploaded landslide_report.pdf
1257,ARN/TWNG/78M14/2016/0012,Arunachal Pradesh,,,,27.592667,91.866222,,,,uploaded landslide_report.pdf
1258,ARN/TWNG/78M14/2016/0010,Arunachal Pradesh,,,,27.593139,91.873889,,,,uploaded landslide_report.pdf
1259,ARN/TWNG/78M14/2016/0023,Arunachal Pradesh,,,,23.0,91.879444,,,,uploaded landslide_report.pdf
1260,ARN/TWNG/78M14/2016/0013,Arunachal Pradesh,,,,27.594833,91.866417,,,,uploaded landslide_report.pdf
1261,ARN/TWNG/78M14/2016/0014,Arunachal Pradesh,,,,27.594861,91.866444,,,,uploaded landslide_report.pdf
1262,ARN/TWNG/78M14/2016/0003,Arunachal Pradesh,,,,27.595167,91.895444,,,,uploaded landslide_report.pdf
1263,ARN/TWNG/78M14/2016/0005,Arunachal Pradesh,,,,27.596278,91.894333,,,,uploaded landslide_report.pdf
1264,ARN/TWNG/78M14/2016/0024,Arunachal Pradesh,,,,24.0,91.878972,,,,uploaded landslide_report.pdf
1265,ARN/TWNG/78M14/2016/0025,Arunachal Pradesh,,,,25.0,91.878972,,,,uploaded landslide_report.pdf
1266,ARN/TWG/78M14/2016/0026,Arunachal Pradesh,,,,26.0,91.876528,,,,uploaded landslide_report.pdf
1267,ARN/TWG/78M14/2016/0027,Arunachal Pradesh,,,,27.0,91.876111,,,,uploaded landslide_report.pdf
1268,AP/LSB/83E14/2021/35,Arunachal Pradesh,,,,27.62225,93.840778,,,,uploaded landslide_report.pdf
1269,AP/LSB/83E14/2021/34,Arunachal Pradesh,,,,27.622972,93.841361,,,,uploaded landslide_report.pdf
1270,AP/KRA/83E10/2021/33,Arunachal Pradesh,,,,27.637611,93.637722,,,,uploaded landslide_report.pdf
1271,AP/LSB/83E14/2021/36,Arunachal Pradesh,,,,27.63825,93.857583,,,,uploaded landslide_report.pdf
1272,AP/LSB/83E14/2021/37,Arunachal Pradesh,,,,27.649194,93.874,,,,uploaded landslide_report.pdf
1273,AP/KRA/83E10/2021/32,Arunachal Pradesh,,,,27.652167,93.632417,,,,uploaded landslide_report.pdf
1274,AP/LSB/83E14/2021/38,Arunachal Pradesh,,,,27.656,93.877472,,,,uploaded landslide_report.pdf
1275,AP/WSG/83I09/2021/118,Arunachal Pradesh,,,,27.662194,94.702667,,,,uploaded landslide_report.pdf
1276,AP/WSG/83I09/2021/117,Arunachal Pradesh,,,,27.664972,94.693861,,,,uploaded landslide_report.pdf
1277,AP/LSB/83E14/2021/40,Arunachal Pradesh,,,,27.665417,93.892222,,,,uploaded landslide_report.pdf
1278,AP/LSB/83E14/2021/39,Arunachal Pradesh,,,,27.666556,93.891861,,,,uploaded landslide_report.pdf
1279,AP/KRA/83E10/2021/31,Arunachal Pradesh,,,,27.668278,93.629472,,,,uploaded landslide_report.pdf
1280,AP/KRA/83E10/2021/30,Arunachal Pradesh,,,,30.0,93.63,,,,uploaded landslide_report.pdf
1281,AP/WSG/83I09/2021/116,Arunachal Pradesh,,,,27.683889,94.682444,,,,uploaded landslide_report.pdf
1282,AP/WSG/83I09/2021/115,Arunachal Pradesh,,,,27.688,94.67875,,,,uploaded landslide_report.pdf
1283,AP/WSG/83I09/2021/114,Arunachal Pradesh,,,,27.688583,94.681,,,,uploaded landslide_report.pdf
1284,ARN/KRA/83E10/2017,Arunachal Pradesh,,,,27.690111,93.632556,,,,uploaded landslide_report.pdf
1285,AP/WSG/83I09/2021/113,Arunachal Pradesh,,,,27.703222,94.67275,,,,uploaded landslide_report.pdf
1286,AP/WSG/83I09/2021/112,Arunachal Pradesh,,,,27.70625,94.673833,,,,uploaded landslide_report.pdf
1287,AP/WSG/83I09/2021/102,Arunachal Pradesh,,,,27.720444,94.721528,,,,uploaded landslide_report.pdf
1288,AP/KM/83I01/2021/8,Arunachal Pradesh,,,,27.751917,94.023472,,,,uploaded landslide_report.pdf
1289,AP/WSG/83I09/2021/111,Arunachal Pradesh,,,,27.752611,94.7175,,,,uploaded landslide_report.pdf
1290,AP/KM/83I01/2021/7,Arunachal Pradesh,,,,27.754056,94.018528,,,,uploaded landslide_report.pdf
1291,AP/WSG/83I09/2021/110,Arunachal Pradesh,,,,27.754806,94.715444,,,,uploaded landslide_report.pdf
1292,AP/KD/83E09/2021/46,Arunachal Pradesh,,,,27.756511,93.417861,,,,uploaded landslide_report.pdf
1293,AP/KD/83E09/2021/45,Arunachal Pradesh,,,,27.756778,93.436761,,,,uploaded landslide_report.pdf
1294,AP/WSG/83I09/2021/109,Arunachal Pradesh,,,,27.757417,94.716167,,,,uploaded landslide_report.pdf
1295,AP/LS/83E09/2021/05,Arunachal Pradesh,,,,27.758611,93.997222,,,,uploaded landslide_report.pdf
1296,AP/KD/83E09/2021/42,Arunachal Pradesh,,,,27.758806,93.609167,,,,uploaded landslide_report.pdf
1297,AP/KM/83I01/2021/9,Arunachal Pradesh,,,,27.758889,94.059833,,,,uploaded landslide_report.pdf
1298,AP/KM/83I01/2021/6,Arunachal Pradesh,,,,27.759361,94.047083,,,,uploaded landslide_report.pdf
1299,AP/WSG/83I09/2021/108,Arunachal Pradesh,,,,27.759556,94.712333,,,,uploaded landslide_report.pdf
1300,AP/WSG/83I09/2021/107,Arunachal Pradesh,,,,27.760194,94.712278,,,,uploaded landslide_report.pdf
1301,AP/LS/83E09/2021/02,Arunachal Pradesh,,,,27.760889,93.990806,,,,uploaded landslide_report.pdf
1302,AP/LS/83E09/2021/01,Arunachal Pradesh,,,,27.760917,93.995583,,,,uploaded landslide_report.pdf
1303,AP/WSG/83I09/2021/106,Arunachal Pradesh,,,,27.762,94.712278,,,,uploaded landslide_report.pdf
1304,AP/KD/83E09/2021/41,Arunachal Pradesh,,,,27.763444,93.608278,,,,uploaded landslide_report.pdf
1305,AP/LS/83E09/2021/03,Arunachal Pradesh,,,,27.763722,93.992333,,,,uploaded landslide_report.pdf
1306,AP/KD/83E09/2021/40,Arunachal Pradesh,,,,27.772194,93.59325,,,,uploaded landslide_report.pdf
1307,AP/LS/83E09/2021/04,Arunachal Pradesh,,,,27.773556,93.969778,,,,uploaded landslide_report.pdf
1308,AP/KD/83E09/2021/39,Arunachal Pradesh,,,,27.773847,93.595528,,,,uploaded landslide_report.pdf
1309,AP/WSG/83I09/2021/105,Arunachal Pradesh,,,,27.773972,94.7135,,,,uploaded landslide_report.pdf
1310,AP/WSG/83I09/2021/104,Arunachal Pradesh,,,,27.777278,94.715583,,,,uploaded landslide_report.pdf
1311,AP/KD/83E09/2021/44,Arunachal Pradesh,,,,27.78,93.456231,,,,uploaded landslide_report.pdf
1312,AP/KD/83E09/2021/43,Arunachal Pradesh,,,,27.781792,93.477942,,,,uploaded landslide_report.pdf
1313,AP/KK/83E09/2021/36,Arunachal Pradesh,,,,27.782139,93.546139,,,,uploaded landslide_report.pdf
1314,AP/KD/83E09/2021/38,Arunachal Pradesh,,,,27.783667,93.600806,,,,uploaded landslide_report.pdf
1315,AP/WSG/83I09/2021/103,Arunachal Pradesh,,,,27.786833,94.720111,,,,uploaded landslide_report.pdf
1316,AP/WSG/83I09/2021/101,Arunachal Pradesh,,,,27.788194,94.724194,,,,uploaded landslide_report.pdf
1317,AP/KK/83E09/2021/34,Arunachal Pradesh,,,,27.788389,93.526528,,,,uploaded landslide_report.pdf
1318,AP/KK/83E09/2021/35,Arunachal Pradesh,,,,27.788639,93.539667,,,,uploaded landslide_report.pdf
1319,AR/LS/83I13/2022/102,Arunachal Pradesh,,,,27.790489,94.958147,,,,uploaded landslide_report.pdf
1320,AR/LS/83I13/2022/103,Arunachal Pradesh,,,,27.793761,94.959097,,,,uploaded landslide_report.pdf
1321,AP/WSG/83I09/2021/100,Arunachal Pradesh,,,,27.793917,94.728806,,,,uploaded landslide_report.pdf
1322,AP/WSG/83I09/2021/99,Arunachal Pradesh,,,,27.794333,94.73075,,,,uploaded landslide_report.pdf
1323,AP/KD/83E09/2021/37,Arunachal Pradesh,,,,27.794583,93.597306,,,,uploaded landslide_report.pdf
1324,AP/WSG/83I09/2021/98,Arunachal Pradesh,,,,27.797389,94.735333,,,,uploaded landslide_report.pdf
1325,AP/US/83E09/2021/06,Arunachal Pradesh,,,,27.797806,93.96175,,,,uploaded landslide_report.pdf
1326,AP/KK/83E09/2021/33,Arunachal Pradesh,,,,27.801194,93.541944,,,,uploaded landslide_report.pdf
1327,AP/KK/83E09/2021/32,Arunachal Pradesh,,,,27.801194,93.541667,,,,uploaded landslide_report.pdf
1328,AP/KK/83E09/2021/31,Arunachal Pradesh,,,,27.803972,93.543083,,,,uploaded landslide_report.pdf
1329,AP/WSG/83I09/2021/97,Arunachal Pradesh,,,,27.804361,94.715056,,,,uploaded landslide_report.pdf
1330,AP/WSG/83I09/2021/96,Arunachal Pradesh,,,,27.804944,94.719861,,,,uploaded landslide_report.pdf
1331,AP/KM/83I01/2021/3,Arunachal Pradesh,,,,27.813833,94.134333,,,,uploaded landslide_report.pdf
1332,AP/KK/83E09/2021/18,Arunachal Pradesh,,,,27.814806,93.521,,,,uploaded landslide_report.pdf
1333,AP/KM/83I01/2021/4,Arunachal Pradesh,,,,27.81975,94.138722,,,,uploaded landslide_report.pdf
1334,AP/US/83E09/2021/17,Arunachal Pradesh,,,,27.81975,93.945556,,,,uploaded landslide_report.pdf
1335,AP/WSG/83I09/2021/94,Arunachal Pradesh,,,,27.821278,94.730278,,,,uploaded landslide_report.pdf
1336,AP/KM/83I01/2021/1,Arunachal Pradesh,,,,27.821861,94.104806,,,,uploaded landslide_report.pdf
1337,AP/WSG/83I09/2021/95,Arunachal Pradesh,,,,27.821889,94.730417,,,,uploaded landslide_report.pdf
1338,AP/KM/83I01/2021/2,Arunachal Pradesh,,,,27.822556,94.135417,,,,uploaded landslide_report.pdf
1339,AP/WSG/83I09/2021/93,Arunachal Pradesh,,,,27.823139,94.732972,,,,uploaded landslide_report.pdf
1340,AP/WSG/83I09/2021/92,Arunachal Pradesh,,,,27.824889,94.739556,,,,uploaded landslide_report.pdf
1341,AP/WSG/83I09/2021/91,Arunachal Pradesh,,,,27.825694,94.747,,,,uploaded landslide_report.pdf
1342,AP/US/83E09/2021/11,Arunachal Pradesh,,,,27.827472,93.972556,,,,uploaded landslide_report.pdf
1343,AP/US/83E09/2021/10,Arunachal Pradesh,,,,27.827806,93.972167,,,,uploaded landslide_report.pdf
1344,AP/LS/83E09/2021/09,Arunachal Pradesh,,,,27.82925,93.911194,,,,uploaded landslide_report.pdf
1345,AP/KM/83I01/2021/5,Arunachal Pradesh,,,,27.8305,94.157444,,,,uploaded landslide_report.pdf
1346,AP/LS/83E09/2021/08,Arunachal Pradesh,,,,27.830944,93.917028,,,,uploaded landslide_report.pdf
1347,AP/KK/83E09/2021/19,Arunachal Pradesh,,,,27.83275,93.504417,,,,uploaded landslide_report.pdf
1348,AP/US/83E09/2021/12,Arunachal Pradesh,,,,27.833306,93.978611,,,,uploaded landslide_report.pdf
1349,AR/WS/82I13/2022/092,Arunachal Pradesh,,,,27.834083,94.768972,,,,uploaded landslide_report.pdf
1350,AP/LS/83E09/2021/07,Arunachal Pradesh,,,,27.8345,93.933694,,,,uploaded landslide_report.pdf
1351,AP/US/83E09/2021/13,Arunachal Pradesh,,,,27.83875,93.977278,,,,uploaded landslide_report.pdf
1352,AP/US/83E09/2021/14,Arunachal Pradesh,,,,27.83975,93.977444,,,,uploaded landslide_report.pdf
1353,AR/WS/83I13/2022/091,Arunachal Pradesh,,,,27.839817,94.778642,,,,uploaded landslide_report.pdf
1354,AP/US/83E09/2021/15,Arunachal Pradesh,,,,27.840167,93.980861,,,,uploaded landslide_report.pdf
1355,AR/WS/82I13/2022/093,Arunachal Pradesh,,,,27.840972,94.771167,,,,uploaded landslide_report.pdf
1356,AP/US/83E09/2021/16,Arunachal Pradesh,,,,27.844444,93.973944,,,,uploaded landslide_report.pdf
1357,AR/WS/83I13/2022/094,Arunachal Pradesh,,,,27.847111,94.783139,,,,uploaded landslide_report.pdf
1358,AP/KK/83E09/2021/30,Arunachal Pradesh,,,,30.0,93.484722,,,,uploaded landslide_report.pdf
1359,AR/WS/83I13/2022/096,Arunachal Pradesh,,,,27.858889,94.78875,,,,uploaded landslide_report.pdf
1360,AR/WS/83I13/2022/097,Arunachal Pradesh,,,,27.858972,94.783917,,,,uploaded landslide_report.pdf
1361,AR/WS/83I13/2022/095,Arunachal Pradesh,,,,27.859444,94.789222,,,,uploaded landslide_report.pdf
1362,AP/KK/83E09/2021/20,Arunachal Pradesh,,,,20.0,93.473389,,,,uploaded landslide_report.pdf
1363,AP/KK/83E09/2021/21,Arunachal Pradesh,,,,21.0,93.467306,,,,uploaded landslide_report.pdf
1364,AP/KK/83E09/2021/22,Arunachal Pradesh,,,,22.0,93.465861,,,,uploaded landslide_report.pdf
1365,AR/WS/83I13/2022/098,Arunachal Pradesh,,,,27.868667,94.787083,,,,uploaded landslide_report.pdf
1366,AR/WS/83I13/2022/099,Arunachal Pradesh,,,,27.870361,94.817861,,,,uploaded landslide_report.pdf
1367,AP/KK/83E09/2021/23,Arunachal Pradesh,,,,23.0,93.456306,,,,uploaded landslide_report.pdf
1368,AP/KK/83E09/2021/24,Arunachal Pradesh,,,,24.0,93.452917,,,,uploaded landslide_report.pdf
1369,AR/LOH/92A05/2014/05,Arunachal Pradesh,,,,27.87469,96.35986,,,,uploaded landslide_report.pdf
1370,AR/LOH/92A05/2014/01,Arunachal Pradesh,,,,27.87825,96.36614,,,,uploaded landslide_report.pdf
1371,AP/KK/83E09/2021/29,Arunachal Pradesh,,,,29.0,93.444333,,,,uploaded landslide_report.pdf
1372,AR/LOH/92A05/2014/02,Arunachal Pradesh,,,,27.89311,96.36336,,,,uploaded landslide_report.pdf
1373,AR/WS/83I13/2022/100,Arunachal Pradesh,,,,27.893389,94.842194,,,,uploaded landslide_report.pdf
1374,AR/WS/83I13/2022/101,Arunachal Pradesh,,,,27.897361,94.844111,,,,uploaded landslide_report.pdf
1375,AP/KK/83E09/2021/26,Arunachal Pradesh,,,,26.0,93.406306,,,,uploaded landslide_report.pdf
1376,AP/KK/83E09/2021/25,Arunachal Pradesh,,,,25.0,93.408444,,,,uploaded landslide_report.pdf
1377,AP/KK/83E09/2021/28,Arunachal Pradesh,,,,28.0,93.370361,,,,uploaded landslide_report.pdf
1378,AP/KK/83E09/2021/27,Arunachal Pradesh,,,,27.0,93.371722,,,,uploaded landslide_report.pdf
1379,AR/LOH/92A05/2014/03,Arunachal Pradesh,,,,27.90417,96.35869,,,,uploaded landslide_report.pdf
1380,AR/ANJ/92A05/2014/21,Arunachal Pradesh,,,,21.0,96.35917,,,,uploaded landslide_report.pdf
1381,AR/ANJ/92A05/2014/19,Arunachal Pradesh,,,,27.90475,96.34811,,,,uploaded landslide_report.pdf
1382,AR/LOH/92A05/2014/04,Arunachal Pradesh,,,,27.90581,96.35933,,,,uploaded landslide_report.pdf
1383,AR/ANJ/92A05/2014/20,Arunachal Pradesh,,,,20.0,96.35964,,,,uploaded landslide_report.pdf
1384,AR/LOH/92A05/2014/06,Arunachal Pradesh,,,,27.90772,96.34517,,,,uploaded landslide_report.pdf
1385,AR/LOH/92A05/2014/52,Arunachal Pradesh,,,,27.90814,96.36028,,,,uploaded landslide_report.pdf
1386,AP/LEP/83I09/2021/88,Arunachal Pradesh,,,,27.909278,94.736111,,,,uploaded landslide_report.pdf
1387,AP/LEP/83I09/2021/90,Arunachal Pradesh,,,,27.910417,94.739528,,,,uploaded landslide_report.pdf
1388,AR/ANJ/92A05/2014/18,Arunachal Pradesh,,,,27.91164,96.34269,,,,uploaded landslide_report.pdf
1389,AP/LEP/83I09/2021/79,Arunachal Pradesh,,,,27.912806,94.726972,,,,uploaded landslide_report.pdf
1390,AP/LEP/83I09/2021/89,Arunachal Pradesh,,,,27.913333,94.737472,,,,uploaded landslide_report.pdf
1391,AP/LEP/83I09/2021/87,Arunachal Pradesh,,,,27.914944,94.721806,,,,uploaded landslide_report.pdf
1392,AR/LOH/92A05/2014/50,Arunachal Pradesh,,,,27.91636,96.33392,,,,uploaded landslide_report.pdf
1393,AR/LOH/92A05/2014/49,Arunachal Pradesh,,,,27.91647,96.33161,,,,uploaded landslide_report.pdf
1394,AR/LOH/92A05/2014/51,Arunachal Pradesh,,,,27.91669,96.33833,,,,uploaded landslide_report.pdf
1395,AR/LOH/92A05/2014/07,Arunachal Pradesh,,,,27.91886,96.33156,,,,uploaded landslide_report.pdf
1396,AR/LOH/92A05/2014/24,Arunachal Pradesh,,,,24.0,96.33108,,,,uploaded landslide_report.pdf
1397,AP/LEP/83I09/2021/86,Arunachal Pradesh,,,,27.933611,94.703472,,,,uploaded landslide_report.pdf
1398,AP/LEP/83I09/2021/85,Arunachal Pradesh,,,,27.937861,94.702139,,,,uploaded landslide_report.pdf
1399,AP/LEP/83I09/2021/84,Arunachal Pradesh,,,,27.938056,94.700306,,,,uploaded landslide_report.pdf
1400,AR/LOH/92A05/2014/08,Arunachal Pradesh,,,,27.93967,96.38097,,,,uploaded landslide_report.pdf
1401,AR/LOH/92A05/2014/13,Arunachal Pradesh,,,,27.94083,96.38161,,,,uploaded landslide_report.pdf
1402,AP/LEP/83I09/2021/83,Arunachal Pradesh,,,,27.94175,94.695694,,,,uploaded landslide_report.pdf
1403,AP/LEP/83I09/2021/82,Arunachal Pradesh,,,,27.942917,94.694528,,,,uploaded landslide_report.pdf
1404,AR/LD/82P04/2022/033,Arunachal Pradesh,,,,27.944389,95.117586,,,,uploaded landslide_report.pdf
1405,AP/LEP/83I09/2021/81,Arunachal Pradesh,,,,27.944444,94.692528,,,,uploaded landslide_report.pdf
1406,AR/LOH/92A05/2014/12,Arunachal Pradesh,,,,27.94903,96.39158,,,,uploaded landslide_report.pdf
1407,AR/LD/82P04/2022/034,Arunachal Pradesh,,,,27.951306,95.074056,,,,uploaded landslide_report.pdf
1408,AR/LOH/92A05/2014/10,Arunachal Pradesh,,,,27.95603,96.40267,,,,uploaded landslide_report.pdf
1409,AR/LOH/92A05/2014/09,Arunachal Pradesh,,,,27.95672,96.39697,,,,uploaded landslide_report.pdf
1410,AP/LEP/83I09/2021/80,Arunachal Pradesh,,,,27.957306,94.68625,,,,uploaded landslide_report.pdf
1411,AR/LOH/92A05/2014/21,Arunachal Pradesh,,,,21.0,96.40178,,,,uploaded landslide_report.pdf
1412,AR/LOH/92A05/2014/20,Arunachal Pradesh,,,,20.0,96.40097,,,,uploaded landslide_report.pdf
1413,AP/US/83I01/2021/12,Arunachal Pradesh,,,,27.965819,94.293672,,,,uploaded landslide_report.pdf
1414,AR/LOH/92A05/2014/25,Arunachal Pradesh,,,,25.0,96.40189,,,,uploaded landslide_report.pdf
1415,AR/LOH/92A05/2014/11,Arunachal Pradesh,,,,27.96756,96.40214,,,,uploaded landslide_report.pdf
1416,AR/LOH/92A05/2014/19,Arunachal Pradesh,,,,27.968,96.39822,,,,uploaded landslide_report.pdf
1417,AP/SU/83I01/2021/13,Arunachal Pradesh,,,,27.979306,94.228528,,,,uploaded landslide_report.pdf
1418,AR/ANJ/92A05/2014/55,Arunachal Pradesh,,,,27.98333,96.40433,,,,uploaded landslide_report.pdf
1419,AR/ANJ/92A05/2014/54,Arunachal Pradesh,,,,27.98728,96.41208,,,,uploaded landslide_report.pdf
1420,AR/ANJ/92A05/2014/18,Arunachal Pradesh,,,,27.98747,96.41133,,,,uploaded landslide_report.pdf
1421,AR/LPD/82L12/2021/09,Arunachal Pradesh,,,,27.995889,94.525941,,,,uploaded landslide_report.pdf
1422,AP/US/83I01/2021/10,Arunachal Pradesh,,,,28.003861,94.201944,,,,uploaded landslide_report.pdf
1423,AP/US/83I01/2021/11,Arunachal Pradesh,,,,28.005389,94.201306,,,,uploaded landslide_report.pdf
1424,AR/ANJ/91D08/2014/17,Arunachal Pradesh,,,,28.00611,96.42872,,,,uploaded landslide_report.pdf
1425,AR/US/82P04/2022/013,Arunachal Pradesh,,,,28.013167,95.239333,,,,uploaded landslide_report.pdf
1426,AR/LPD/82L12/2021/02,Arunachal Pradesh,,,,28.013577,94.568456,,,,uploaded landslide_report.pdf
1427,AR/LPD/82L12/2021/01,Arunachal Pradesh,,,,28.014765,94.569467,,,,uploaded landslide_report.pdf
1428,AR/ANJ/91D08/2014/15,Arunachal Pradesh,,,,28.01661,96.44172,,,,uploaded landslide_report.pdf
1429,AR/ANJ/91D08/2014/16,Arunachal Pradesh,,,,28.01781,96.44275,,,,uploaded landslide_report.pdf
1430,AR/ANJ/91D08/2014/24,Arunachal Pradesh,,,,24.0,96.443,,,,uploaded landslide_report.pdf
1431,AR/WSI/82L12/2021/10,Arunachal Pradesh,,,,28.021678,94.536256,,,,uploaded landslide_report.pdf
1432,AR/WSI/82L12/2021/11,Arunachal Pradesh,,,,28.022249,94.535672,,,,uploaded landslide_report.pdf
1433,AP/AW/91D8/2022/103,Arunachal Pradesh,,,,28.022471,96.440489,,,,uploaded landslide_report.pdf
1434,AR/LPD/82L12/2021/03,Arunachal Pradesh,,,,28.022667,94.574294,,,,uploaded landslide_report.pdf
1435,AP/AW/91D8/2022/104,Arunachal Pradesh,,,,28.023491,96.440972,,,,uploaded landslide_report.pdf
1436,AR/LPD/82L12/2021/04,Arunachal Pradesh,,,,28.024169,94.582184,,,,uploaded landslide_report.pdf
1437,AR/LPD/82L12/2021/05,Arunachal Pradesh,,,,28.024691,94.553634,,,,uploaded landslide_report.pdf
1438,AP/E-Siang/82P8/2022/LS46,Arunachal Pradesh,,,,28.025611,95.271179,,,,uploaded landslide_report.pdf
1439,AR/LPD/82L12/2021/06,Arunachal Pradesh,,,,28.026515,94.590918,,,,uploaded landslide_report.pdf
1440,AR/LPD/82L12/2021/07,Arunachal Pradesh,,,,28.026733,94.593471,,,,uploaded landslide_report.pdf
1441,AR/LPD/82L12/2021/08,Arunachal Pradesh,,,,28.029848,94.616455,,,,uploaded landslide_report.pdf
1442,AR/ES/82P04/2022/014,Arunachal Pradesh,,,,28.033278,95.235383,,,,uploaded landslide_report.pdf
1443,AR/ANJ/91D08/2014/15,Arunachal Pradesh,,,,28.05939,96.48397,,,,uploaded landslide_report.pdf
1444,AR/LOH/91D08/2014/01,Arunachal Pradesh,,,,28.05989,96.46281,,,,uploaded landslide_report.pdf
1445,AP/LOH/91D08/2014/01,Arunachal Pradesh,,,,28.05989,96.46281,,,,uploaded landslide_report.pdf
1446,AR/ANJ/91D08/2014/14,Arunachal Pradesh,,,,28.05997,96.48664,,,,uploaded landslide_report.pdf
1447,AR/ANJ/91D08/2014/16,Arunachal Pradesh,,,,28.06006,96.44636,,,,uploaded landslide_report.pdf
1448,AR/ANJ/91D08/2014/13,Arunachal Pradesh,,,,28.06131,96.49256,,,,uploaded landslide_report.pdf
1449,AR/ANJ/91D08/2014/12,Arunachal Pradesh,,,,28.06244,96.49775,,,,uploaded landslide_report.pdf
1450,AR/ANJ/91D08/2014/11,Arunachal Pradesh,,,,28.063,96.49914,,,,uploaded landslide_report.pdf
1451,AR/ANJ/91D12/2014/53,Arunachal Pradesh,,,,28.06356,96.50075,,,,uploaded landslide_report.pdf
1452,AR/ANJ/91D12/2014/22,Arunachal Pradesh,,,,22.0,96.50025,,,,uploaded landslide_report.pdf
1453,AP/AW/91D8/2022/100,Arunachal Pradesh,,,,28.079818,96.46838,,,,uploaded landslide_report.pdf
1454,AR/ANJ/91D12/2014/02,Arunachal Pradesh,,,,28.08014,96.52356,,,,uploaded landslide_report.pdf
1455,AP/AW/91D8/2022/101,Arunachal Pradesh,,,,28.080151,96.472541,,,,uploaded landslide_report.pdf
1456,AR/ANJ/91D12/2014/10,Arunachal Pradesh,,,,28.08019,96.54483,,,,uploaded landslide_report.pdf
1457,AP/AW/91D8/2022/102,Arunachal Pradesh,,,,28.080301,96.472247,,,,uploaded landslide_report.pdf
1458,AR/ANJ/91D12/2014/23,Arunachal Pradesh,,,,23.0,96.51294,,,,uploaded landslide_report.pdf
1459,AP/AW/91D8/2022/98,Arunachal Pradesh,,,,28.082576,96.464869,,,,uploaded landslide_report.pdf
1460,AP/AW/91D8/2022/99,Arunachal Pradesh,,,,28.082618,96.465189,,,,uploaded landslide_report.pdf
1461,AP/AW/91D8/2022/97,Arunachal Pradesh,,,,28.083417,96.461433,,,,uploaded landslide_report.pdf
1462,AP/AW/91D8/2022/96,Arunachal Pradesh,,,,28.084252,96.459672,,,,uploaded landslide_report.pdf
1463,AP/AW/91D8/2022/95,Arunachal Pradesh,,,,28.088159,96.458999,,,,uploaded landslide_report.pdf
1464,AP/AW/91D8/2022/94,Arunachal Pradesh,,,,28.089549,96.457818,,,,uploaded landslide_report.pdf
1465,AP/AW/91D8/2022/93,Arunachal Pradesh,,,,28.090087,96.454067,,,,uploaded landslide_report.pdf
1466,AP/AW/91D8/2022/92,Arunachal Pradesh,,,,28.0907,96.45238,,,,uploaded landslide_report.pdf
1467,AR/ANJ/93D12/2014/48,Arunachal Pradesh,,,,28.09311,96.53622,,,,uploaded landslide_report.pdf
1468,AP/E-Siang/82P8/2021/LS1,Arunachal Pradesh,,,,28.093514,95.272526,,,,uploaded landslide_report.pdf
1469,AP/E-Siang/82P8/2022/LS47,Arunachal Pradesh,,,,28.094144,95.282568,,,,uploaded landslide_report.pdf
1470,AP/AW/91D8/2022/91,Arunachal Pradesh,,,,28.094359,96.453058,,,,uploaded landslide_report.pdf
1471,AP/AW/91D8/2022/90,Arunachal Pradesh,,,,28.095602,96.453246,,,,uploaded landslide_report.pdf
1472,AP/E-Siang/82P8/2022/LS48,Arunachal Pradesh,,,,28.095632,95.281371,,,,uploaded landslide_report.pdf
1473,AP/E-Siang/82P8/2021/LS2,Arunachal Pradesh,,,,28.097043,95.274751,,,,uploaded landslide_report.pdf
1474,AP/E-Siang/82P8/2021/LS3,Arunachal Pradesh,,,,28.097163,95.270824,,,,uploaded landslide_report.pdf
1475,AP/E-Siang/82P8/2022/LS49,Arunachal Pradesh,,,,28.097285,95.28003,,,,uploaded landslide_report.pdf
1476,AP/E-Siang/82P8/2021/LS4,Arunachal Pradesh,,,,28.099376,95.27268,,,,uploaded landslide_report.pdf
1477,AP/E-Siang/82P8/2021/LS6,Arunachal Pradesh,,,,28.099647,95.28567,,,,uploaded landslide_report.pdf
1478,AP/E-Siang/82P8/2021/LS5,Arunachal Pradesh,,,,28.099657,95.287831,,,,uploaded landslide_report.pdf
1479,AP/E-Siang/82P8/2021/LS7,Arunachal Pradesh,,,,28.099705,95.284891,,,,uploaded landslide_report.pdf
1480,AP/E-Siang/82P8/2021/LS8,Arunachal Pradesh,,,,28.099858,95.282975,,,,uploaded landslide_report.pdf
1481,AP/AW/91D8/2022/88,Arunachal Pradesh,,,,28.100244,96.448173,,,,uploaded landslide_report.pdf
1482,AP/AW/91D8/2022/89,Arunachal Pradesh,,,,28.100284,96.449538,,,,uploaded landslide_report.pdf
1483,AP/AW/91D8/2022/87,Arunachal Pradesh,,,,28.100914,96.449162,,,,uploaded landslide_report.pdf
1484,AP/E-Siang/82P8/2021/LS9,Arunachal Pradesh,,,,28.101031,95.282364,,,,uploaded landslide_report.pdf
1485,AP/E-Siang/82P8/2021/LS10,Arunachal Pradesh,,,,28.101692,95.271861,,,,uploaded landslide_report.pdf
1486,AP/AW/91D8/2022/86,Arunachal Pradesh,,,,28.102005,96.448473,,,,uploaded landslide_report.pdf
1487,AP/E-Siang/82P8/2021/LS11,Arunachal Pradesh,,,,28.103902,95.27946,,,,uploaded landslide_report.pdf
1488,AP/AW/91D8/2022/85,Arunachal Pradesh,,,,28.105572,96.447685,,,,uploaded landslide_report.pdf
1489,AP/AW/91D8/2022/84,Arunachal Pradesh,,,,28.105952,96.447724,,,,uploaded landslide_report.pdf
1490,AP/AW/91D8/2022/83,Arunachal Pradesh,,,,28.106321,96.447245,,,,uploaded landslide_report.pdf
1491,AP/E-Siang/82P8/2021/LS12,Arunachal Pradesh,,,,28.106358,95.268592,,,,uploaded landslide_report.pdf
1492,AR/ANJ/91D12/2014/03,Arunachal Pradesh,,,,28.10714,96.54489,,,,uploaded landslide_report.pdf
1493,AP/E-Siang/82P8/2021/LS13,Arunachal Pradesh,,,,28.109161,95.269084,,,,uploaded landslide_report.pdf
1494,AR/ANJ/93D12/2014/47,Arunachal Pradesh,,,,28.11142,96.54528,,,,uploaded landslide_report.pdf
1495,AP/E-Siang/82P8/2021/LS14,Arunachal Pradesh,,,,28.113119,95.270938,,,,uploaded landslide_report.pdf
1496,AP/E-Siang/82P8/2021/LS15,Arunachal Pradesh,,,,28.113846,95.273389,,,,uploaded landslide_report.pdf
1497,AP/E-Siang/82P8/2021/LS16,Arunachal Pradesh,,,,28.114617,95.273722,,,,uploaded landslide_report.pdf
1498,AP/E-Siang/82P8/2022/LS50,Arunachal Pradesh,,,,28.114742,95.273582,,,,uploaded landslide_report.pdf
1499,AR/ANJ/93D12/2014/46,Arunachal Pradesh,,,,28.11594,96.54689,,,,uploaded landslide_report.pdf
1500,AP/E-Siang/82P8/2021/LS17,Arunachal Pradesh,,,,28.117222,95.273075,,,,uploaded landslide_report.pdf
1501,AR/ANJ/91D12/2014/07,Arunachal Pradesh,,,,28.11781,96.54906,,,,uploaded landslide_report.pdf
1502,AR/S/82P04/2022/006,Arunachal Pradesh,,,,28.131694,95.136186,,,,uploaded landslide_report.pdf
1503,AR/US/82P04/2022/026,Arunachal Pradesh,,,,26.0,95.11125,,,,uploaded landslide_report.pdf
1504,AR/S/82P04/2022/028,Arunachal Pradesh,,,,28.0,95.11125,,,,uploaded landslide_report.pdf
1505,AR/WS/82L16/2022/090,Arunachal Pradesh,,,,28.133778,94.788,,,,uploaded landslide_report.pdf
1506,AR/WSI/82L12/2021/12,Arunachal Pradesh,,,,28.133963,94.611953,,,,uploaded landslide_report.pdf
1507,AR/WSI/82L12/2021/13,Arunachal Pradesh,,,,28.134238,94.620133,,,,uploaded landslide_report.pdf
1508,AR/S/82P04/2022/005,Arunachal Pradesh,,,,28.135056,95.145444,,,,uploaded landslide_report.pdf
1509,AR/WSI/82L12/2021/14,Arunachal Pradesh,,,,28.137762,94.62431,,,,uploaded landslide_report.pdf
1510,AP/E-Siang/82P8/2021/LS18,Arunachal Pradesh,,,,28.138811,95.254821,,,,uploaded landslide_report.pdf
1511,AP/E-Siang/82P8/2021/LS19,Arunachal Pradesh,,,,28.14005,95.266592,,,,uploaded landslide_report.pdf
1512,AP/E-Siang/82P8/2021/LS21,Arunachal Pradesh,,,,21.0,95.292122,,,,uploaded landslide_report.pdf
1513,AP/E-Siang/82P8/2021/LS20,Arunachal Pradesh,,,,20.0,95.266966,,,,uploaded landslide_report.pdf
1514,AR/US/82P04/2022/089,Arunachal Pradesh,,,,28.141139,94.786583,,,,uploaded landslide_report.pdf
1515,AR/ES/82P/8/2021/01,Arunachal Pradesh,,,,28.14116,95.27472,,,,uploaded landslide_report.pdf
1516,AP/E-Siang/82P8/2022/LS51,Arunachal Pradesh,,,,28.141514,95.289198,,,,uploaded landslide_report.pdf
1517,AP/E-Siang/82P8/2022/LS52,Arunachal Pradesh,,,,28.142304,95.288126,,,,uploaded landslide_report.pdf
1518,AR/ES/82P04/2022/001,Arunachal Pradesh,,,,28.1425,95.239194,,,,uploaded landslide_report.pdf
1519,AR/ES/82P/8/2021/02,Arunachal Pradesh,,,,28.14251,95.27439,,,,uploaded landslide_report.pdf
1520,AP/E-Siang/82P8/2022/LS53,Arunachal Pradesh,,,,28.142551,95.287886,,,,uploaded landslide_report.pdf
1521,AP/E-Siang/82P8/2022/LS54,Arunachal Pradesh,,,,28.143839,95.285971,,,,uploaded landslide_report.pdf
1522,AR/ES/82P04/2022/002,Arunachal Pradesh,,,,28.145306,95.239167,,,,uploaded landslide_report.pdf
1523,AR/ANJ/91D11/2014/26,Arunachal Pradesh,,,,26.0,96.54897,,,,uploaded landslide_report.pdf
1524,AP/E-Siang/82P8/2021/LS22,Arunachal Pradesh,,,,22.0,95.275805,,,,uploaded landslide_report.pdf
1525,AP/E-Siang/82P8/2021/LS23,Arunachal Pradesh,,,,23.0,95.273686,,,,uploaded landslide_report.pdf
1526,AR/ES/82P04/2022/003,Arunachal Pradesh,,,,28.147806,95.224833,,,,uploaded landslide_report.pdf
1527,AP/E-Siang/82P8/2022/LS55,Arunachal Pradesh,,,,28.14787,95.279987,,,,uploaded landslide_report.pdf
1528,AP/LDV/82P11/2022/LS56,Arunachal Pradesh,,,,28.148417,95.277964,,,,uploaded landslide_report.pdf
1529,AP/LDV/82P11/2022/LS57,Arunachal Pradesh,,,,28.149568,95.277177,,,,uploaded landslide_report.pdf
1530,AP/LDV/82P11/2022/LS58,Arunachal Pradesh,,,,28.150741,95.275122,,,,uploaded landslide_report.pdf
1531,AR/ANJ/92D12/2014/45,Arunachal Pradesh,,,,28.15292,96.53858,,,,uploaded landslide_report.pdf
1532,AR/S/82P04/2022/007,Arunachal Pradesh,,,,28.153028,95.218294,,,,uploaded landslide_report.pdf
1533,AR/ES/82P04/2022/004,Arunachal Pradesh,,,,28.154111,95.181694,,,,uploaded landslide_report.pdf
1534,AP/LDV/82P11/2022/LS59,Arunachal Pradesh,,,,28.160664,95.446755,,,,uploaded landslide_report.pdf
1535,AP/LDV/82P11/2022/LS60,Arunachal Pradesh,,,,28.160853,95.446925,,,,uploaded landslide_report.pdf
1536,AR/ANJ/92D12/2014/44,Arunachal Pradesh,,,,28.16206,96.53061,,,,uploaded landslide_report.pdf
1537,AP/LDV/82P11/2022/LS61,Arunachal Pradesh,,,,28.162497,95.441244,,,,uploaded landslide_report.pdf
1538,AP/LDV/82P11/2022/LS62,Arunachal Pradesh,,,,28.16317,95.450433,,,,uploaded landslide_report.pdf
1539,AP/LDV/82P11/2022/LS63,Arunachal Pradesh,,,,28.163322,95.459813,,,,uploaded landslide_report.pdf
1540,AP/LDV/82P11/2022/LS64,Arunachal Pradesh,,,,28.163691,95.458,,,,uploaded landslide_report.pdf
1541,AR/WS/82L16/2022/088,Arunachal Pradesh,,,,28.16425,94.792417,,,,uploaded landslide_report.pdf
1542,AP/LDV/82P11/2022/LS66,Arunachal Pradesh,,,,28.165684,95.462909,,,,uploaded landslide_report.pdf
1543,AP/LDV/82P11/2022/LS65,Arunachal Pradesh,,,,28.165711,95.46208,,,,uploaded landslide_report.pdf
1544,AP/LDV/82P11/2022/LS67,Arunachal Pradesh,,,,28.167982,95.431764,,,,uploaded landslide_report.pdf
1545,AR/ES/82P04/2022/009,Arunachal Pradesh,,,,28.169389,95.235722,,,,uploaded landslide_report.pdf
1546,AR/ANJ/91D12/2014/06,Arunachal Pradesh,,,,28.16939,96.52578,,,,uploaded landslide_report.pdf
1547,AR/ES/82P04/2022/010,Arunachal Pradesh,,,,28.169583,95.223917,,,,uploaded landslide_report.pdf
1548,AR/ES/82P04/2022/008,Arunachal Pradesh,,,,28.169611,95.240639,,,,uploaded landslide_report.pdf
1549,AP/LDV/82P16/2022/74,Arunachal Pradesh,,,,28.171187,95.833166,,,,uploaded landslide_report.pdf
1550,AP/LDV/82P16/2022/75,Arunachal Pradesh,,,,28.173434,95.836605,,,,uploaded landslide_report.pdf
1551,AR/US/82P04/2022/027,Arunachal Pradesh,,,,27.0,95.025111,,,,uploaded landslide_report.pdf
1552,AR/S/82P04/2022/029,Arunachal Pradesh,,,,29.0,95.025111,,,,uploaded landslide_report.pdf
1553,AP/DV/82P/13/2022/LS-146,Arunachal Pradesh,,,,28.174973,95.469402,,,,uploaded landslide_report.pdf
1554,AP/DV/82P/13/2022/LS-147,Arunachal Pradesh,,,,28.175079,95.469602,,,,uploaded landslide_report.pdf
1555,AR/ES/82P04/2022/011,Arunachal Pradesh,,,,28.175556,95.221861,,,,uploaded landslide_report.pdf
1556,AP/DV/82P/13/2022/LS-148,Arunachal Pradesh,,,,28.175659,95.470804,,,,uploaded landslide_report.pdf
1557,AR/US/82P04/2022/104,Arunachal Pradesh,,,,28.178861,95.228056,,,,uploaded landslide_report.pdf
1558,AP/DV/82P/13/2022/LS-150,Arunachal Pradesh,,,,28.179262,95.477068,,,,uploaded landslide_report.pdf
1559,AR/US/82P04/2022/012,Arunachal Pradesh,,,,28.181139,95.225944,,,,uploaded landslide_report.pdf
1560,AP/LDV/82P11/2022/LS68,Arunachal Pradesh,,,,28.181365,95.470102,,,,uploaded landslide_report.pdf
1561,AP/LDV/82P11/2022/LS69,Arunachal Pradesh,,,,28.181834,95.469828,,,,uploaded landslide_report.pdf
1562,AR/ANJ/91D12/2014/05,Arunachal Pradesh,,,,28.18439,96.53453,,,,uploaded landslide_report.pdf
1563,AR/ANJ/91D12/2014/43,Arunachal Pradesh,,,,28.18525,96.53256,,,,uploaded landslide_report.pdf
1564,AP/LDV/82P11/2022/LS70,Arunachal Pradesh,,,,28.186582,95.471126,,,,uploaded landslide_report.pdf
1565,AR/US/82P04/2022/015,Arunachal Pradesh,,,,28.1915,95.225917,,,,uploaded landslide_report.pdf
1566,AR/WSI/82L12/2021/15,Arunachal Pradesh,,,,28.192217,94.713927,,,,uploaded landslide_report.pdf
1567,AR/S/82P04/2022/030,Arunachal Pradesh,,,,30.0,94.984917,,,,uploaded landslide_report.pdf
1568,AP/LDV/82P16/20212/1,Arunachal Pradesh,,,,28.192581,95.804085,,,,uploaded landslide_report.pdf
1569,AP/LDV/82P16/2022/64,Arunachal Pradesh,,,,28.193864,95.805469,,,,uploaded landslide_report.pdf
1570,AR/US/82P04/2022/105,Arunachal Pradesh,,,,28.1945,95.227917,,,,uploaded landslide_report.pdf
1571,AP/LDV/82P16/2022/65,Arunachal Pradesh,,,,28.194651,95.807085,,,,uploaded landslide_report.pdf
1572,AR/ANJ/91D12/2014/04,Arunachal Pradesh,,,,28.19597,96.53733,,,,uploaded landslide_report.pdf
1573,AP/LDV/82P16/2022/73,Arunachal Pradesh,,,,28.198018,95.810448,,,,uploaded landslide_report.pdf
1574,AR/US/82P04/2022/106,Arunachal Pradesh,,,,28.199389,95.230278,,,,uploaded landslide_report.pdf
1575,AP/LDV/82P16/2022/66,Arunachal Pradesh,,,,28.199873,95.811883,,,,uploaded landslide_report.pdf
1576,AP/LDV/82P16/2022/7,Arunachal Pradesh,,,,28.201838,95.812004,,,,uploaded landslide_report.pdf
1577,AR/WS/82L16/2022/078,Arunachal Pradesh,,,,28.202667,94.828417,,,,uploaded landslide_report.pdf
1578,AP/LDV/82P16/2022/6,Arunachal Pradesh,,,,28.202844,95.811201,,,,uploaded landslide_report.pdf
1579,AP/LDV/82P16/2022/5,Arunachal Pradesh,,,,28.205003,95.813193,,,,uploaded landslide_report.pdf
1580,AP/LDV/82P16/2022/3,Arunachal Pradesh,,,,28.20737,95.81005,,,,uploaded landslide_report.pdf
1581,AP/LDV/82P16/2022/4,Arunachal Pradesh,,,,28.207699,95.809197,,,,uploaded landslide_report.pdf
1582,AP/LDV/82P16/20/2,Arunachal Pradesh,,,,20.0,95.807742,,,,uploaded landslide_report.pdf
1583,AR/WS/82L16/2022/079,Arunachal Pradesh,,,,28.208389,94.830667,,,,uploaded landslide_report.pdf
1584,AR/ANJ/91D12/2014/42,Arunachal Pradesh,,,,28.20867,96.53222,,,,uploaded landslide_report.pdf
1585,AP/LDV/82P16/2022/51,Arunachal Pradesh,,,,28.209018,95.80348,,,,uploaded landslide_report.pdf
1586,AP/LDV/82P16/2022/72,Arunachal Pradesh,,,,28.209062,95.806755,,,,uploaded landslide_report.pdf
1587,AP/LDV/82P16/2022/62,Arunachal Pradesh,,,,28.212211,95.801273,,,,uploaded landslide_report.pdf
1588,AP/LDV/82P16/2022/63,Arunachal Pradesh,,,,28.212275,95.802589,,,,uploaded landslide_report.pdf
1589,AP/LDV/82P16/2022/71,Arunachal Pradesh,,,,28.21267,95.803194,,,,uploaded landslide_report.pdf
1590,AR/US/82P04/2022/107,Arunachal Pradesh,,,,20.0,95.232528,,,,uploaded landslide_report.pdf
1591,AR/ANJ/91D12/2014/27,Arunachal Pradesh,,,,27.0,96.53911,,,,uploaded landslide_report.pdf
1592,AP/LDV/82P16/2022/61,Arunachal Pradesh,,,,28.215014,95.799764,,,,uploaded landslide_report.pdf
1593,AP/LDV/82P16/2022/57,Arunachal Pradesh,,,,28.215206,95.793704,,,,uploaded landslide_report.pdf
1594,AP/LDV/82P16/2022/69,Arunachal Pradesh,,,,28.215862,95.795227,,,,uploaded landslide_report.pdf
1595,AP/LDV/82P16/2022/70,Arunachal Pradesh,,,,28.215926,95.799557,,,,uploaded landslide_report.pdf
1596,AP/LDV/82P16/2022/60,Arunachal Pradesh,,,,28.216253,95.796393,,,,uploaded landslide_report.pdf
1597,AP/LDV/82P16/2022/58,Arunachal Pradesh,,,,20.1,95.790585,,,,uploaded landslide_report.pdf
1598,AP/LDV/82P16/2022/55,Arunachal Pradesh,,,,20.2,95.789599,,,,uploaded landslide_report.pdf
1599,AP/LDV/82P16/2022/59,Arunachal Pradesh,,,,28.217543,95.792489,,,,uploaded landslide_report.pdf
1600,AP/LDV/82P16/2022/56,Arunachal Pradesh,,,,28.217595,95.793032,,,,uploaded landslide_report.pdf
1601,AP/LDV/82P16/2022/68,Arunachal Pradesh,,,,28.218539,95.794022,,,,uploaded landslide_report.pdf
1602,AP/LDV/82P16/2022/54,Arunachal Pradesh,,,,20.5,95.791084,,,,uploaded landslide_report.pdf
1603,AP/LDV/82P16/2022/67,Arunachal Pradesh,,,,20.8,95.799065,,,,uploaded landslide_report.pdf
1604,AR/ANJ/91D12/2014/14,Arunachal Pradesh,,,,28.22328,96.55303,,,,uploaded landslide_report.pdf
1605,AR/ANJ/91D12/2014/28,Arunachal Pradesh,,,,28.0,96.53644,,,,uploaded landslide_report.pdf
1606,AP/LDV/82P16/2022/38,Arunachal Pradesh,,,,27.1,95.829105,,,,uploaded landslide_report.pdf
1607,AR/ANJ/91D12/2014/09,Arunachal Pradesh,,,,28.22408,96.55872,,,,uploaded landslide_report.pdf
1608,AR/WS/82L16/2022/081,Arunachal Pradesh,,,,28.225583,94.889167,,,,uploaded landslide_report.pdf
1609,AR/WS/82L16/2022/082,Arunachal Pradesh,,,,28.226722,94.895611,,,,uploaded landslide_report.pdf
1610,AR/S/82P04/2022/031,Arunachal Pradesh,,,,28.22675,94.225111,,,,uploaded landslide_report.pdf
1611,AP/LDV/82P16/2022/53,Arunachal Pradesh,,,,21.8,95.781369,,,,uploaded landslide_report.pdf
1612,AP/ES/82P12/2022/76,Arunachal Pradesh,,,,28.227891,95.541082,,,,uploaded landslide_report.pdf
1613,AR/ANJ/91D12/2014/41,Arunachal Pradesh,,,,28.22797,96.54606,,,,uploaded landslide_report.pdf
1614,AR/WS/82L16/2022/083,Arunachal Pradesh,,,,28.228528,94.904278,,,,uploaded landslide_report.pdf
1615,AP/LDV/82P16/2022/50,Arunachal Pradesh,,,,22.0,95.780019,,,,uploaded landslide_report.pdf
1616,AP/LDV/82P16/2022/52,Arunachal Pradesh,,,,22.17,95.779855,,,,uploaded landslide_report.pdf
1617,AR/ANJ/91D12/2014/40,Arunachal Pradesh,,,,28.23153,96.54272,,,,uploaded landslide_report.pdf
1618,AR/WS/82L16/2022/084,Arunachal Pradesh,,,,28.232472,94.914889,,,,uploaded landslide_report.pdf
1619,AP/LDV/82P16/2022/49,Arunachal Pradesh,,,,22.9,95.777037,,,,uploaded landslide_report.pdf
1620,AR/WS/82L16/2022/087,Arunachal Pradesh,,,,28.234833,94.972278,,,,uploaded landslide_report.pdf
1621,AR/WS/82L16/2022/085,Arunachal Pradesh,,,,28.235361,94.933333,,,,uploaded landslide_report.pdf
1622,AP/LDV/82P16/2022/48,Arunachal Pradesh,,,,23.3,95.776204,,,,uploaded landslide_report.pdf
1623,AR/WS/82L16/2022/086,Arunachal Pradesh,,,,28.237361,94.954808,,,,uploaded landslide_report.pdf
1624,AP/LDV/82P16/2022/32,Arunachal Pradesh,,,,28.237425,95.897823,,,,uploaded landslide_report.pdf
1625,AP/ES/82P12/2022/79,Arunachal Pradesh,,,,28.237716,95.535611,,,,uploaded landslide_report.pdf
1626,AP/LDV/82P16/2022/47,Arunachal Pradesh,,,,23.5,95.774758,,,,uploaded landslide_report.pdf
1627,AP/LDV/82P16/2022/33,Arunachal Pradesh,,,,28.238615,95.893348,,,,uploaded landslide_report.pdf
1628,AP/LDV/82P16/2022/34,Arunachal Pradesh,,,,28.238692,95.892681,,,,uploaded landslide_report.pdf
1629,AP/LDV/82P16/2022/39,Arunachal Pradesh,,,,23.7,95.774559,,,,uploaded landslide_report.pdf
1630,AR/ANJ/91D12/2014/39,Arunachal Pradesh,,,,28.23969,96.52778,,,,uploaded landslide_report.pdf
1631,AP/LDV/82P16/2022/46,Arunachal Pradesh,,,,23.8,95.774201,,,,uploaded landslide_report.pdf
1632,AP/LDV/82P16/2022/36,Arunachal Pradesh,,,,28.240521,95.866592,,,,uploaded landslide_report.pdf
1633,AP/LDV/82P16/2022/37,Arunachal Pradesh,,,,28.241041,95.866387,,,,uploaded landslide_report.pdf
1634,AP/LDV/82P16/2022/31,Arunachal Pradesh,,,,28.24175,95.925012,,,,uploaded landslide_report.pdf
1635,AP/LDV/82P16/2022/30,Arunachal Pradesh,,,,30.0,95.923556,,,,uploaded landslide_report.pdf
1636,AR/S/82P04/2022/032,Arunachal Pradesh,,,,28.242389,94.220861,,,,uploaded landslide_report.pdf
1637,AP/ES/82P12/2022/80,Arunachal Pradesh,,,,28.242444,95.536828,,,,uploaded landslide_report.pdf
1638,AP/LDV/82P16/2022/29,Arunachal Pradesh,,,,29.0,95.922731,,,,uploaded landslide_report.pdf
1639,AP/ES/82P12/2022/81,Arunachal Pradesh,,,,28.242969,95.537549,,,,uploaded landslide_report.pdf
1640,AP/LDV/82P16/2022/40,Arunachal Pradesh,,,,24.4,95.772144,,,,uploaded landslide_report.pdf
1641,AP/LDV/82P16/2022/27,Arunachal Pradesh,,,,27.0,95.921338,,,,uploaded landslide_report.pdf
1642,AP/LDV/82P16/2022/28,Arunachal Pradesh,,,,28.0,95.921911,,,,uploaded landslide_report.pdf
1643,AP/ES/82P12/2022/82,Arunachal Pradesh,,,,28.243417,95.538216,,,,uploaded landslide_report.pdf
1644,AP/LDV/82P15/2022/21,Arunachal Pradesh,,,,21.0,95.894049,,,,uploaded landslide_report.pdf
1645,AP/LDV/82P16/2022/43,Arunachal Pradesh,,,,24.8,95.773499,,,,uploaded landslide_report.pdf
1646,AP/LDV/82P16/2022/26,Arunachal Pradesh,,,,26.0,95.914872,,,,uploaded landslide_report.pdf
1647,AP/LDV/82P16/2022/25,Arunachal Pradesh,,,,25.0,95.914094,,,,uploaded landslide_report.pdf
1648,AP/LDV/82P16/2022/42,Arunachal Pradesh,,,,24.9,95.77363,,,,uploaded landslide_report.pdf
1649,AP/LDV/82P16/2022/41,Arunachal Pradesh,,,,25.1,95.774057,,,,uploaded landslide_report.pdf
1650,AP/LDV/82P16/2022/35,Arunachal Pradesh,,,,28.246304,95.889037,,,,uploaded landslide_report.pdf
1651,AP/LDV/82P16/2022/77,Arunachal Pradesh,,,,28.246512,95.541646,,,,uploaded landslide_report.pdf
1652,AP/LDV/82P16/2022/78,Arunachal Pradesh,,,,28.249718,95.546273,,,,uploaded landslide_report.pdf
1653,AP/LDV/82P11/2022/LS71,Arunachal Pradesh,,,,28.251139,95.55011,,,,uploaded landslide_report.pdf
1654,AR/ANJ/91D11/2014/38,Arunachal Pradesh,,,,28.25203,96.54264,,,,uploaded landslide_report.pdf
1655,AP/LDV/82P16/2022/45,Arunachal Pradesh,,,,26.2,95.775797,,,,uploaded landslide_report.pdf
1656,AP/LDV/82P15/2022/18,Arunachal Pradesh,,,,28.252507,95.781741,,,,uploaded landslide_report.pdf
1657,AP/LDV/82P16/2022/24,Arunachal Pradesh,,,,24.0,95.908055,,,,uploaded landslide_report.pdf
1658,AP/LDV/82P11/2022/LS72,Arunachal Pradesh,,,,28.253915,95.578439,,,,uploaded landslide_report.pdf
1659,AP/LDV/82P11/2022/LS73,Arunachal Pradesh,,,,28.254509,95.581558,,,,uploaded landslide_report.pdf
1660,AP/LDV/82P11/2022/LS74,Arunachal Pradesh,,,,28.255059,95.576996,,,,uploaded landslide_report.pdf
1661,AP/E-Siang/82P8/2021/LS24,Arunachal Pradesh,,,,24.0,95.582613,,,,uploaded landslide_report.pdf
1662,AP/LDV/82P11/2022/LS75,Arunachal Pradesh,,,,28.255355,95.551658,,,,uploaded landslide_report.pdf
1663,AP/E-Siang/82P8/2021/LS25,Arunachal Pradesh,,,,25.0,95.55061,,,,uploaded landslide_report.pdf
1664,AP/LDV/82P15/2022/23,Arunachal Pradesh,,,,23.0,95.907144,,,,uploaded landslide_report.pdf
1665,AP/E-Siang/82P8/2021/LS26,Arunachal Pradesh,,,,26.0,95.576152,,,,uploaded landslide_report.pdf
1666,AP/LDV/82P11/2022/LS77,Arunachal Pradesh,,,,28.256397,95.550978,,,,uploaded landslide_report.pdf
1667,AP/LDV/82P11/2022/LS76,Arunachal Pradesh,,,,28.256434,95.57515,,,,uploaded landslide_report.pdf
1668,AP/LDV/82P11/2022/LS84,Arunachal Pradesh,,,,28.25701,95.551656,,,,uploaded landslide_report.pdf
1669,AP/LDV/82P15/2022/20,Arunachal Pradesh,,,,20.0,95.777764,,,,uploaded landslide_report.pdf
1670,AP/E-Siang/82P8/2021/LS27,Arunachal Pradesh,,,,27.0,95.55087,,,,uploaded landslide_report.pdf
1671,AP/LDV/82P16/2022/44,Arunachal Pradesh,,,,27.2,95.781619,,,,uploaded landslide_report.pdf
1672,AP/LDV/82P/11/2022/LS-85,Arunachal Pradesh,,,,28.258122,95.55209,,,,uploaded landslide_report.pdf
1673,AP/LDV/82P/11/2022/LS-86,Arunachal Pradesh,,,,28.258144,95.551252,,,,uploaded landslide_report.pdf
1674,AR/ANJ/91D11/2014/32,Arunachal Pradesh,,,,28.25897,96.54433,,,,uploaded landslide_report.pdf
1675,AP/LDV/82P15/2022/17,Arunachal Pradesh,,,,27.5,95.780336,,,,uploaded landslide_report.pdf
1676,AP/LDV/82P/11/2022/LS-87,Arunachal Pradesh,,,,28.259561,95.568965,,,,uploaded landslide_report.pdf
1677,AR/ESI/82L15/2022/54,Arunachal Pradesh,,,,28.260051,94.984752,,,,uploaded landslide_report.pdf
1678,AP/LDV/82P15/2022/22,Arunachal Pradesh,,,,22.0,95.904556,,,,uploaded landslide_report.pdf
1679,AP/LDV/82P/11/2022/LS-88,Arunachal Pradesh,,,,28.261147,95.567331,,,,uploaded landslide_report.pdf
1680,AP/LDV/82P/11/2022/LS-89,Arunachal Pradesh,,,,28.261379,95.566909,,,,uploaded landslide_report.pdf
1681,AP/LDV/82P/11/2022/LS-90,Arunachal Pradesh,,,,28.261999,95.56626,,,,uploaded landslide_report.pdf
1682,AP/LDV/83P/11/2022/LS-91,Arunachal Pradesh,,,,28.262338,95.565698,,,,uploaded landslide_report.pdf
1683,AR/ANJ/91D11/2014/37,Arunachal Pradesh,,,,28.2625,96.5465,,,,uploaded landslide_report.pdf
1684,AP/LDV/82P/11/2022/LS-92,Arunachal Pradesh,,,,28.262806,95.565421,,,,uploaded landslide_report.pdf
1685,AP/LDV/82P11/2022/LS83,Arunachal Pradesh,,,,28.262879,95.551911,,,,uploaded landslide_report.pdf
1686,AP/LDV/82P/11/2022/LS-93,Arunachal Pradesh,,,,28.262989,95.59932,,,,uploaded landslide_report.pdf
1687,AP/E-Siang/82P8/2021/LS28,Arunachal Pradesh,,,,28.0,95.570962,,,,uploaded landslide_report.pdf
1688,AP/LDV/82P/11/2022/LS-94,Arunachal Pradesh,,,,28.263468,95.570661,,,,uploaded landslide_report.pdf
1689,AP/LDV/82P/11/2022/LS-95,Arunachal Pradesh,,,,28.263731,95.551326,,,,uploaded landslide_report.pdf
1690,AP/LDV/82P/14/2022/LS-96,Arunachal Pradesh,,,,28.264331,95.565798,,,,uploaded landslide_report.pdf
1691,AP/E-Siang/82P8/2022/LS30,Arunachal Pradesh,,,,28.2646,95.571519,,,,uploaded landslide_report.pdf
1692,AP/E-Siang/82P8/2021/LS29,Arunachal Pradesh,,,,29.0,95.550575,,,,uploaded landslide_report.pdf
1693,AR/ANJ/91D11/2014/36,Arunachal Pradesh,,,,28.26522,96.57889,,,,uploaded landslide_report.pdf
1694,AP/E-Siang/82P8/2022/LS31,Arunachal Pradesh,,,,28.265266,95.56964,,,,uploaded landslide_report.pdf
1695,AP/E-Siang/82P8/2022/LS32,Arunachal Pradesh,,,,28.265532,95.549321,,,,uploaded landslide_report.pdf
1696,AP/DV/82P/14/2022/LS-97,Arunachal Pradesh,,,,28.265561,95.562854,,,,uploaded landslide_report.pdf
1697,AP/DV/82P/14/2022/LS-98,Arunachal Pradesh,,,,28.265563,95.563438,,,,uploaded landslide_report.pdf
1698,AP/DV/82P/13/2022/LS-149,Arunachal Pradesh,,,,28.265803,95.570892,,,,uploaded landslide_report.pdf
1699,AP/E-Siang/82P8/2022/LS33,Arunachal Pradesh,,,,28.265836,95.563875,,,,uploaded landslide_report.pdf
1700,AR/ESI/82L15/2022/55,Arunachal Pradesh,,,,28.265963,94.983464,,,,uploaded landslide_report.pdf
1701,AP/DV/82P/14/2022/LS-100,Arunachal Pradesh,,,,28.265965,95.560934,,,,uploaded landslide_report.pdf
1702,AP/DV/82P/14/2022/LS-99,Arunachal Pradesh,,,,28.266271,95.609385,,,,uploaded landslide_report.pdf
1703,AP/DV/83P/14/2022/LS-101,Arunachal Pradesh,,,,28.266795,95.607261,,,,uploaded landslide_report.pdf
1704,AP/LDV/82P15/2022/16,Arunachal Pradesh,,,,29.0,95.789109,,,,uploaded landslide_report.pdf
1705,AR/US/82P04/2022/016,Arunachal Pradesh,,,,28.266889,95.21425,,,,uploaded landslide_report.pdf
1706,AP/DV/84P/14/2022/LS-102,Arunachal Pradesh,,,,28.267216,95.559542,,,,uploaded landslide_report.pdf
1707,AP/E-Siang/82P8/2022/LS34,Arunachal Pradesh,,,,28.267526,95.561048,,,,uploaded landslide_report.pdf
1708,AP/LD/82P/14/2022/LS-103,Arunachal Pradesh,,,,28.267726,95.551477,,,,uploaded landslide_report.pdf
1709,AR/ANJ/91D11/2014/29,Arunachal Pradesh,,,,29.0,96.55781,,,,uploaded landslide_report.pdf
1710,AR/ANJ/91D11/2014/31,Arunachal Pradesh,,,,28.26814,96.55728,,,,uploaded landslide_report.pdf
1711,AP/E-Siang/82P8/2022/LS35,Arunachal Pradesh,,,,28.26825,95.555457,,,,uploaded landslide_report.pdf
1712,AP/E-Siang/82P8/2022/LS36,Arunachal Pradesh,,,,28.269062,95.610767,,,,uploaded landslide_report.pdf
1713,AR/ESI/82L15/2022/56,Arunachal Pradesh,,,,28.269497,94.982531,,,,uploaded landslide_report.pdf
1714,AP/E-Siang/82P8/2022/LS37,Arunachal Pradesh,,,,28.26986,95.610757,,,,uploaded landslide_report.pdf
1715,AP/LDV/82P16/2022/152,Arunachal Pradesh,,,,28.27138,95.90606,,,,uploaded landslide_report.pdf
1716,AR/US/82P04/2022/017,Arunachal Pradesh,,,,28.272,95.208417,,,,uploaded landslide_report.pdf
1717,AP/LDV/82P15/2022/15,Arunachal Pradesh,,,,29.8,95.789425,,,,uploaded landslide_report.pdf
1718,AR/ANJ/91D11/2014/30,Arunachal Pradesh,,,,30.0,96.57031,,,,uploaded landslide_report.pdf
1719,AR/ESI/82L15/2022/57,Arunachal Pradesh,,,,28.274019,94.962496,,,,uploaded landslide_report.pdf
1720,AP/LDV/82P15/2022/14,Arunachal Pradesh,,,,28.277716,95.789358,,,,uploaded landslide_report.pdf
1721,AR/ESI/82L15/2022/58,Arunachal Pradesh,,,,28.280246,94.953896,,,,uploaded landslide_report.pdf
1722,AR/US/82P04/2022/018,Arunachal Pradesh,,,,28.2805,95.201556,,,,uploaded landslide_report.pdf
1723,AR/WSI/82L15/2022/53,Arunachal Pradesh,,,,28.2823,94.863031,,,,uploaded landslide_report.pdf
1724,AR/ANJ/91D12/2014/08,Arunachal Pradesh,,,,28.28331,96.58094,,,,uploaded landslide_report.pdf
1725,AR/ANJ/91D11/2014/17,Arunachal Pradesh,,,,28.28386,96.58275,,,,uploaded landslide_report.pdf
1726,AP/LDV/82P16/2022/153,Arunachal Pradesh,,,,28.286447,95.920837,,,,uploaded landslide_report.pdf
1727,AR/ESI/82L15/2022/59,Arunachal Pradesh,,,,28.287317,94.947651,,,,uploaded landslide_report.pdf
1728,AR/ANJ/91D11/2014/35,Arunachal Pradesh,,,,28.28778,96.57928,,,,uploaded landslide_report.pdf
1729,AP/LDV/82P15/2022/12,Arunachal Pradesh,,,,28.289254,95.785468,,,,uploaded landslide_report.pdf
1730,AR/US/82P04/2022/025,Arunachal Pradesh,,,,25.0,95.199111,,,,uploaded landslide_report.pdf
1731,AP/DV/82P15/2022/13,Arunachal Pradesh,,,,28.291703,95.77618,,,,uploaded landslide_report.pdf
1732,AP/LDV/82P16/2022/154,Arunachal Pradesh,,,,28.296668,95.92282,,,,uploaded landslide_report.pdf
1733,AP/DV/82P15/2022/11,Arunachal Pradesh,,,,28.297476,95.791016,,,,uploaded landslide_report.pdf
1734,AR/US/82P04/2022/024,Arunachal Pradesh,,,,24.0,95.195361,,,,uploaded landslide_report.pdf
1735,AR/ESI/82L15/2022/60,Arunachal Pradesh,,,,28.303771,94.948727,,,,uploaded landslide_report.pdf
1736,AP/LDV/82P16/2022/117,Arunachal Pradesh,,,,28.308592,95.971041,,,,uploaded landslide_report.pdf
1737,AP/LDV/82P16/2022/116,Arunachal Pradesh,,,,28.308841,95.973238,,,,uploaded landslide_report.pdf
1738,AP/LDV/82P16/2022/109,Arunachal Pradesh,,,,28.308943,95.966462,,,,uploaded landslide_report.pdf
1739,AP/LDV/82P15/2022/19,Arunachal Pradesh,,,,28.309002,95.754702,,,,uploaded landslide_report.pdf
1740,AP/LDV/82P16/2022/108,Arunachal Pradesh,,,,28.309676,95.967453,,,,uploaded landslide_report.pdf
1741,AP/LDV/82P16/2022/112,Arunachal Pradesh,,,,28.30984,95.984084,,,,uploaded landslide_report.pdf
1742,AP/LDV/82P16/2022/151,Arunachal Pradesh,,,,28.309975,95.952909,,,,uploaded landslide_report.pdf
1743,AR/US/82P04/2022/019,Arunachal Pradesh,,,,28.3105,95.197472,,,,uploaded landslide_report.pdf
1744,AR/WSI/82L11/2021/16,Arunachal Pradesh,,,,28.310626,94.675637,,,,uploaded landslide_report.pdf
1745,AP/LDV/82P16/2022/113,Arunachal Pradesh,,,,28.31085,95.979868,,,,uploaded landslide_report.pdf
1746,AR/ANJ/91D11/2014/34,Arunachal Pradesh,,,,28.31211,96.61719,,,,uploaded landslide_report.pdf
1747,AP/LDV/82P16/2022/114,Arunachal Pradesh,,,,28.312731,95.975665,,,,uploaded landslide_report.pdf
1748,AP/LDV/82P16/2022/115,Arunachal Pradesh,,,,28.312795,95.97654,,,,uploaded landslide_report.pdf
1749,AP/LDV/82P16/2022/110,Arunachal Pradesh,,,,28.313528,95.966611,,,,uploaded landslide_report.pdf
1750,AP/LDV/82P16/2022/118,Arunachal Pradesh,,,,28.314581,95.966345,,,,uploaded landslide_report.pdf
1751,AP/LDV/82P16/2022/111,Arunachal Pradesh,,,,28.315484,95.982181,,,,uploaded landslide_report.pdf
1752,AR/ANJ/91D11/2014/33,Arunachal Pradesh,,,,28.31658,96.61508,,,,uploaded landslide_report.pdf
1753,AP/LDV/82P16/2022/120,Arunachal Pradesh,,,,28.31731,95.956718,,,,uploaded landslide_report.pdf
1754,AP/LDV/82P16/2022/121,Arunachal Pradesh,,,,28.319141,95.956918,,,,uploaded landslide_report.pdf
1755,AP/DV/82P15/2022/105,Arunachal Pradesh,,,,28.321143,95.779346,,,,uploaded landslide_report.pdf
1756,AP/DV/82P15/2022/8,Arunachal Pradesh,,,,28.32225,95.780295,,,,uploaded landslide_report.pdf
1757,AR/US/82P04/2022/023,Arunachal Pradesh,,,,23.0,95.203694,,,,uploaded landslide_report.pdf
1758,AP/DV/82P15/2022/10,Arunachal Pradesh,,,,28.327545,95.783923,,,,uploaded landslide_report.pdf
1759,AP/DV/82P15/2022/9,Arunachal Pradesh,,,,28.330336,95.794313,,,,uploaded landslide_report.pdf
1760,AP/DV/82P15/2022/106,Arunachal Pradesh,,,,28.335249,95.788465,,,,uploaded landslide_report.pdf
1761,AR/ESI/82L15/2022/62,Arunachal Pradesh,,,,28.335376,94.956509,,,,uploaded landslide_report.pdf
1762,AP/DV/82P15/2022/107,Arunachal Pradesh,,,,28.33836,95.781715,,,,uploaded landslide_report.pdf
1763,AR/ESI/82L15/2022/61,Arunachal Pradesh,,,,28.342551,94.987136,,,,uploaded landslide_report.pdf
1764,AR/WSI/82L11/2021/17,Arunachal Pradesh,,,,28.355501,94.679544,,,,uploaded landslide_report.pdf
1765,AP/LDV/82P16/2022/131,Arunachal Pradesh,,,,28.359553,95.948576,,,,uploaded landslide_report.pdf
1766,AR/US/82P04/2022/022,Arunachal Pradesh,,,,22.0,95.221194,,,,uploaded landslide_report.pdf
1767,AR/US/82P04/2022/020,Arunachal Pradesh,,,,20.0,95.230667,,,,uploaded landslide_report.pdf
1768,AR/US/82P04/2022/021,Arunachal Pradesh,,,,21.0,95.233806,,,,uploaded landslide_report.pdf
1769,AR/US/82P04/2022/042,Arunachal Pradesh,,,,28.386722,95.240833,,,,uploaded landslide_report.pdf
1770,AR/US/82P04/2022/043,Arunachal Pradesh,,,,28.386806,95.240111,,,,uploaded landslide_report.pdf
1771,ARA/DIB/82P15/2024/01,Arunachal Pradesh,,,,28.38919722,95.92776111,,,,uploaded landslide_report.pdf
1772,AR/US/82P04/2022/041,Arunachal Pradesh,,,,28.399111,95.241361,,,,uploaded landslide_report.pdf
1773,AR/US/82P04/2022/044,Arunachal Pradesh,,,,28.402139,95.243944,,,,uploaded landslide_report.pdf
1774,AR/US/82P04/2022/040,Arunachal Pradesh,,,,28.402417,95.245944,,,,uploaded landslide_report.pdf
1775,AR/US/82P04/2022/039,Arunachal Pradesh,,,,28.412722,95.247722,,,,uploaded landslide_report.pdf
1776,AR/US/82P04/2022/038,Arunachal Pradesh,,,,28.415028,95.247083,,,,uploaded landslide_report.pdf
1777,AR/WSI/82L11/2021/18,Arunachal Pradesh,,,,28.42636,94.6774,,,,uploaded landslide_report.pdf
1778,AR/WSI/82L11/2021/19,Arunachal Pradesh,,,,28.427393,94.674582,,,,uploaded landslide_report.pdf
1779,AR/WSI/82L11/2021/20,Arunachal Pradesh,,,,20.0,94.6778,,,,uploaded landslide_report.pdf
1780,AR/WSI/82L11/2021/21,Arunachal Pradesh,,,,21.0,94.674225,,,,uploaded landslide_report.pdf
1781,AP/DV/82P15/2022/150,Arunachal Pradesh,,,,28.434292,95.876106,,,,uploaded landslide_report.pdf
1782,AR/WSI/82L11/2021/22,Arunachal Pradesh,,,,22.0,94.668744,,,,uploaded landslide_report.pdf
1783,AP/DV/82P15/2022/149,Arunachal Pradesh,,,,28.438898,95.85009,,,,uploaded landslide_report.pdf
1784,AR/WSI/82L11/2021/23,Arunachal Pradesh,,,,23.0,94.669332,,,,uploaded landslide_report.pdf
1785,AR/WSI/82L11/2021/24,Arunachal Pradesh,,,,24.0,94.66913,,,,uploaded landslide_report.pdf
1786,AR/WSI/82L11/2021/25,Arunachal Pradesh,,,,25.0,94.664795,,,,uploaded landslide_report.pdf
1787,AR/WSI/82L11/2021/26,Arunachal Pradesh,,,,26.0,94.668074,,,,uploaded landslide_report.pdf
1788,AP/DV/82P15/2022/148,Arunachal Pradesh,,,,28.448428,95.855303,,,,uploaded landslide_report.pdf
1789,AP/DV/82P15/2022/147,Arunachal Pradesh,,,,28.450374,95.855884,,,,uploaded landslide_report.pdf
1790,AR/US/82P04/2022/037,Arunachal Pradesh,,,,28.452528,95.239333,,,,uploaded landslide_report.pdf
1791,AP/DV/82P15/2022/146,Arunachal Pradesh,,,,28.454481,95.854029,,,,uploaded landslide_report.pdf
1792,AP/DV/82P15/2022/145,Arunachal Pradesh,,,,28.455284,95.854018,,,,uploaded landslide_report.pdf
1793,AR/WSI/82L11/2021/27A,Arunachal Pradesh,,,,27.0,94.680282,,,,uploaded landslide_report.pdf
1794,AR/WSI/82L11/2021/27B,Arunachal Pradesh,,,,27.0,94.680664,,,,uploaded landslide_report.pdf
1795,AP/DV/82P15/2022/144,Arunachal Pradesh,,,,28.457775,95.853489,,,,uploaded landslide_report.pdf
1796,AR/WSI/82L11/2021/28,Arunachal Pradesh,,,,28.0,94.680108,,,,uploaded landslide_report.pdf
1797,AP/DV/82P15/2022/143,Arunachal Pradesh,,,,28.462314,95.849136,,,,uploaded landslide_report.pdf
1798,AP/DV/82P15/2022/132,Arunachal Pradesh,,,,28.464936,95.852312,,,,uploaded landslide_report.pdf
1799,AP/DV/82P15/2022/137,Arunachal Pradesh,,,,28.469481,95.849951,,,,uploaded landslide_report.pdf
1800,AR/US/82P04/2022/045,Arunachal Pradesh,,,,28.470167,95.233333,,,,uploaded landslide_report.pdf
1801,AP/DV/82P15/2022/138,Arunachal Pradesh,,,,28.471388,95.852234,,,,uploaded landslide_report.pdf
1802,AP/DV/82P15/2022/141,Arunachal Pradesh,,,,28.472858,95.858449,,,,uploaded landslide_report.pdf
1803,AP/DV/82P15/2022/142,Arunachal Pradesh,,,,28.472863,95.858934,,,,uploaded landslide_report.pdf
1804,AP/DV/82P15/2022/140,Arunachal Pradesh,,,,28.472919,95.857932,,,,uploaded landslide_report.pdf
1805,AP/DV/82P15/2022/139,Arunachal Pradesh,,,,28.472966,95.857242,,,,uploaded landslide_report.pdf
1806,AP/DV/82P15/2022/136,Arunachal Pradesh,,,,28.474093,95.847423,,,,uploaded landslide_report.pdf
1807,AP/DV/82P15/2022/135,Arunachal Pradesh,,,,28.476722,95.841356,,,,uploaded landslide_report.pdf
1808,AP/DV/82P15/2022/134,Arunachal Pradesh,,,,28.479902,95.839317,,,,uploaded landslide_report.pdf
1809,AP/DV/82P15/2022/133,Arunachal Pradesh,,,,28.481108,95.838317,,,,uploaded landslide_report.pdf
1810,AR/US/82P04/2022/047,Arunachal Pradesh,,,,28.484056,95.207056,,,,uploaded landslide_report.pdf
1811,AP/DV/82P15/2022/130,Arunachal Pradesh,,,,28.487041,95.848265,,,,uploaded landslide_report.pdf
1812,AR/US/82P04/2022/046,Arunachal Pradesh,,,,28.4875,95.213417,,,,uploaded landslide_report.pdf
1813,AP/LDV/82P16/2022/119,Arunachal Pradesh,,,,28.487904,95.84071,,,,uploaded landslide_report.pdf
1814,AP/DV/82P15/2022/128,Arunachal Pradesh,,,,28.488264,95.842761,,,,uploaded landslide_report.pdf
1815,AP/DV/82P15/2022/129,Arunachal Pradesh,,,,28.489492,95.845459,,,,uploaded landslide_report.pdf
1816,AR/US/82P04/2022/051,Arunachal Pradesh,,,,28.490278,95.203194,,,,uploaded landslide_report.pdf
1817,AP/DV/82P15/2022/126,Arunachal Pradesh,,,,28.490519,95.832301,,,,uploaded landslide_report.pdf
1818,AP/DV/82P15/2022/127,Arunachal Pradesh,,,,28.490727,95.833473,,,,uploaded landslide_report.pdf
1819,AR/US/82P04/2022/052,Arunachal Pradesh,,,,28.4915,95.202944,,,,uploaded landslide_report.pdf
1820,AP/DV/82P15/2022/125,Arunachal Pradesh,,,,28.494378,95.825225,,,,uploaded landslide_report.pdf
1821,AP/DV/82P15/2022/124,Arunachal Pradesh,,,,28.497294,95.827044,,,,uploaded landslide_report.pdf
1822,AR/US/82P04/2022/053,Arunachal Pradesh,,,,28.497917,95.191639,,,,uploaded landslide_report.pdf
1823,AP/DV/82P15/2022/123,Arunachal Pradesh,,,,28.498405,95.827217,,,,uploaded landslide_report.pdf
1824,AP/DV/82P15/2022/122,Arunachal Pradesh,,,,28.498464,95.828278,,,,uploaded landslide_report.pdf
1825,AR/WS/82L16/2022/080,Arunachal Pradesh,,,,28.506306,94.873361,,,,uploaded landslide_report.pdf
1826,AR/US/82P02/2022/058,Arunachal Pradesh,,,,28.509,95.177639,,,,uploaded landslide_report.pdf
1827,AR/US/82P04/2022/057,Arunachal Pradesh,,,,28.510528,95.177722,,,,uploaded landslide_report.pdf
1828,AR/US/82P04/2022/054,Arunachal Pradesh,,,,28.512056,95.1805,,,,uploaded landslide_report.pdf
1829,AR/US/82P04/2022/056,Arunachal Pradesh,,,,28.514083,95.178278,,,,uploaded landslide_report.pdf
1830,AR/US/82P04/2022/055,Arunachal Pradesh,,,,28.516083,95.178028,,,,uploaded landslide_report.pdf
1831,AR/US/82P02/2022/059,Arunachal Pradesh,,,,28.522806,95.172639,,,,uploaded landslide_report.pdf
1832,AR/US/82P02/2022/060,Arunachal Pradesh,,,,28.527722,95.173556,,,,uploaded landslide_report.pdf
1833,AP/SY/83I01/2021/14,Arunachal Pradesh,,,,28.527944,94.309444,,,,uploaded landslide_report.pdf
1834,AR/US/82P02/2022/072,Arunachal Pradesh,,,,28.528778,95.173278,,,,uploaded landslide_report.pdf
1835,AR/US/82P02/2022/077,Arunachal Pradesh,,,,28.531528,95.050417,,,,uploaded landslide_report.pdf
1836,AR/WSI/82L10/2022/63,Arunachal Pradesh,,,,28.535474,94.597063,,,,uploaded landslide_report.pdf
1837,AR/US/82P02/2022/071,Arunachal Pradesh,,,,28.540139,95.168667,,,,uploaded landslide_report.pdf
1838,AR/WSI/82L10/2022/64,Arunachal Pradesh,,,,28.543178,94.633991,,,,uploaded landslide_report.pdf
1839,AR/US/82P02/2022/076,Arunachal Pradesh,,,,28.550472,95.06325,,,,uploaded landslide_report.pdf
1840,AR/US/82P02/2022/070,Arunachal Pradesh,,,,28.550694,95.158333,,,,uploaded landslide_report.pdf
1841,AR/US/82P02/2022/069,Arunachal Pradesh,,,,28.560139,95.149472,,,,uploaded landslide_report.pdf
1842,AR/US/82P02/2022/068,Arunachal Pradesh,,,,28.56525,95.148333,,,,uploaded landslide_report.pdf
1843,AR/US/82P02/2022/067,Arunachal Pradesh,,,,28.568694,95.143556,,,,uploaded landslide_report.pdf
1844,AR/US/82P02/2022/066,Arunachal Pradesh,,,,28.605528,95.105528,,,,uploaded landslide_report.pdf
1845,AP/DV/82P/14/2022/LS-104,Arunachal Pradesh,,,,28.606804,95.864088,,,,uploaded landslide_report.pdf
1846,AP/E-Siang/82P8/2022/LS39,Arunachal Pradesh,,,,28.608016,95.854035,,,,uploaded landslide_report.pdf
1847,AP/LDV/82P8/2022/LS38,Arunachal Pradesh,,,,28.609263,95.856878,,,,uploaded landslide_report.pdf
1848,AR/US/82P02/2022/065,Arunachal Pradesh,,,,28.609361,95.088583,,,,uploaded landslide_report.pdf
1849,AR/US/82P02/2022/064,Arunachal Pradesh,,,,28.614667,95.063611,,,,uploaded landslide_report.pdf
1850,AR/US/82P02/2022/061,Arunachal Pradesh,,,,28.615028,95.053306,,,,uploaded landslide_report.pdf
1851,AP/LDV/82P11/2022/LS82,Arunachal Pradesh,,,,28.615893,95.859914,,,,uploaded landslide_report.pdf
1852,AR/US/82P04/2022/050,Arunachal Pradesh,,,,28.617333,95.049556,,,,uploaded landslide_report.pdf
1853,AR/US/82P02/2022/062,Arunachal Pradesh,,,,28.617667,95.056444,,,,uploaded landslide_report.pdf
1854,AP/DV/82P/14/2022/LS-105,Arunachal Pradesh,,,,28.618542,95.858124,,,,uploaded landslide_report.pdf
1855,AR/US/82P02/2022/063,Arunachal Pradesh,,,,28.619917,95.057583,,,,uploaded landslide_report.pdf
1856,AP/DV/82P/14/2022/LS-106,Arunachal Pradesh,,,,28.621593,95.855998,,,,uploaded landslide_report.pdf
1857,AP/LDV/82P11/2022/LS81,Arunachal Pradesh,,,,28.62267,95.856377,,,,uploaded landslide_report.pdf
1858,AR/US/82P04/2022/049,Arunachal Pradesh,,,,28.622722,95.043528,,,,uploaded landslide_report.pdf
1859,AP/DV/82P/13/2022/LS-107,Arunachal Pradesh,,,,28.625048,95.857251,,,,uploaded landslide_report.pdf
1860,AP/E-Siang/82P8/2022/LS40,Arunachal Pradesh,,,,28.625114,95.852703,,,,uploaded landslide_report.pdf
1861,AR/US/82P04/2022/048,Arunachal Pradesh,,,,28.626972,95.035722,,,,uploaded landslide_report.pdf
1862,AP/DV/82P/13/2022/LS-108,Arunachal Pradesh,,,,28.628208,95.85647,,,,uploaded landslide_report.pdf
1863,AR/US/82P02/2022/074,Arunachal Pradesh,,,,28.632361,95.037917,,,,uploaded landslide_report.pdf
1864,AR/US/82P02/2022/075,Arunachal Pradesh,,,,28.633861,95.023806,,,,uploaded landslide_report.pdf
1865,AP/LDV/82P11/2022/LS80,Arunachal Pradesh,,,,28.638336,95.856331,,,,uploaded landslide_report.pdf
1866,AR/US/82P02/2022/073,Arunachal Pradesh,,,,28.639389,95.033639,,,,uploaded landslide_report.pdf
1867,AR/USI/82L14/2022/31,Arunachal Pradesh,,,,28.693837,94.973784,,,,uploaded landslide_report.pdf
1868,AR/USI/82P02/2022/32B,Arunachal Pradesh,,,,28.694531,95.001999,,,,uploaded landslide_report.pdf
1869,AR/USI/82P02/2022/32A,Arunachal Pradesh,,,,28.694778,95.001887,,,,uploaded landslide_report.pdf
1870,AR/USI/82L14/2022/33,Arunachal Pradesh,,,,28.706748,94.985298,,,,uploaded landslide_report.pdf
1871,AR/USI/82L14/2022/35,Arunachal Pradesh,,,,28.716426,94.969346,,,,uploaded landslide_report.pdf
1872,AR/USI/82L14/2022/34,Arunachal Pradesh,,,,28.720187,94.971636,,,,uploaded landslide_report.pdf
1873,AR/USI/82L14/2022/36,Arunachal Pradesh,,,,28.723166,94.959687,,,,uploaded landslide_report.pdf
1874,AR/USI/82L14/2022/30,Arunachal Pradesh,,,,30.0,94.92012,,,,uploaded landslide_report.pdf
1875,AR/USI/82L14/2022/38,Arunachal Pradesh,,,,28.740576,94.867317,,,,uploaded landslide_report.pdf
1876,AR/USI/82L14/2022/39,Arunachal Pradesh,,,,28.740874,94.866397,,,,uploaded landslide_report.pdf
1877,AR/USI/82L14/2022/37,Arunachal Pradesh,,,,28.744078,94.86976,,,,uploaded landslide_report.pdf
1878,AR/USI/82L13/2022/41,Arunachal Pradesh,,,,28.752815,94.893869,,,,uploaded landslide_report.pdf
1879,AR/USI/82L13/2022/29,Arunachal Pradesh,,,,29.0,94.8954,,,,uploaded landslide_report.pdf
1880,AP/E-Siang/82P8/2022/LS41,Arunachal Pradesh,,,,28.760937,95.865649,,,,uploaded landslide_report.pdf
1881,AR/USI/82L13/2022/40,Arunachal Pradesh,,,,28.762661,94.860138,,,,uploaded landslide_report.pdf
1882,AP/E-Siang/82P8/2022/LS42,Arunachal Pradesh,,,,28.763514,95.868872,,,,uploaded landslide_report.pdf
1883,AP/DV/82P/13/2022/LS-109,Arunachal Pradesh,,,,28.763802,95.868513,,,,uploaded landslide_report.pdf
1884,AP/DV/82p/13/2022/LS-110,Arunachal Pradesh,,,,28.772473,95.867921,,,,uploaded landslide_report.pdf
1885,AP/DV/82P/13/2022/LS-111,Arunachal Pradesh,,,,28.77363,95.869239,,,,uploaded landslide_report.pdf
1886,AP/DV/82P/13/2022/LS-112,Arunachal Pradesh,,,,28.774623,95.89086,,,,uploaded landslide_report.pdf
1888,AP/DV/82P/13/2022/LS-114,Arunachal Pradesh,,,,28.775779,95.890362,,,,uploaded landslide_report.pdf
1889,AP/DV/82P/13/2022/LS-115,Arunachal Pradesh,,,,28.775918,95.874296,,,,uploaded landslide_report.pdf
1890,AR/USI/82L13/2022/42,Arunachal Pradesh,,,,28.779408,94.859327,,,,uploaded landslide_report.pdf
1891,AR/USI/82L13/2022/48,Arunachal Pradesh,,,,28.782426,94.810546,,,,uploaded landslide_report.pdf
1892,AP/E-Siang/82P8/2022/LS43,Arunachal Pradesh,,,,28.783517,95.904106,,,,uploaded landslide_report.pdf
1893,AP/DV/82P/13/2022/LS-116,Arunachal Pradesh,,,,28.784231,95.906188,,,,uploaded landslide_report.pdf
1894,AP/DV/82P/13/2022/LS-117,Arunachal Pradesh,,,,28.785391,95.892707,,,,uploaded landslide_report.pdf
1895,AP/E-Siang/82P8/2022/LS44,Arunachal Pradesh,,,,28.786868,95.908637,,,,uploaded landslide_report.pdf
1896,AR/USI/82L13/2022/47,Arunachal Pradesh,,,,28.787001,94.81686,,,,uploaded landslide_report.pdf
1897,AR/USI/82L13/2022/46,Arunachal Pradesh,,,,28.787486,94.819425,,,,uploaded landslide_report.pdf
1898,AR/USI/82L13/2022/45,Arunachal Pradesh,,,,28.787937,94.820098,,,,uploaded landslide_report.pdf
1899,AP/LDV/82P11/2022/LS78,Arunachal Pradesh,,,,28.789647,95.894965,,,,uploaded landslide_report.pdf
1900,AR/USI/82L13/2022/43,Arunachal Pradesh,,,,28.793279,94.848477,,,,uploaded landslide_report.pdf
1901,AR/USI/82L13/2022/44,Arunachal Pradesh,,,,28.800083,94.842265,,,,uploaded landslide_report.pdf
1902,AP/DV/82P/13/2022/LS-118,Arunachal Pradesh,,,,28.808133,95.926984,,,,uploaded landslide_report.pdf
1903,AP/DV/82P/13/2022/LS-119,Arunachal Pradesh,,,,28.809244,95.92821,,,,uploaded landslide_report.pdf
1904,AR/USI/82L13/2022/50,Arunachal Pradesh,,,,28.810126,94.785508,,,,uploaded landslide_report.pdf
1905,AP/DV/82P/13/2022/LS-121,Arunachal Pradesh,,,,28.813805,95.919362,,,,uploaded landslide_report.pdf
1906,AP/DV/82P/13/2022/LS-120,Arunachal Pradesh,,,,28.813905,95.920439,,,,uploaded landslide_report.pdf
1907,AR/USI/82L13/2022/51,Arunachal Pradesh,,,,28.816882,94.791032,,,,uploaded landslide_report.pdf
1908,AR/USI/82L13/2022/49,Arunachal Pradesh,,,,28.817009,94.791755,,,,uploaded landslide_report.pdf
1909,AP/DV/82P/13/2022/LS-122,Arunachal Pradesh,,,,28.817477,95.922181,,,,uploaded landslide_report.pdf
1910,AP/DV/82P/13/2022/LS-123,Arunachal Pradesh,,,,28.822521,95.92931,,,,uploaded landslide_report.pdf
1911,AP/DV/82P/13/2022/LS-124,Arunachal Pradesh,,,,28.822525,95.93415,,,,uploaded landslide_report.pdf
1912,AP/DV/82P/13/2022/LS-125,Arunachal Pradesh,,,,28.823558,95.882966,,,,uploaded landslide_report.pdf
1913,AP/DV/82P/13/2022/LS-126,Arunachal Pradesh,,,,28.823766,95.922046,,,,uploaded landslide_report.pdf
1914,AP/DV/82P/13/2022/LS-127,Arunachal Pradesh,,,,28.824703,95.93119,,,,uploaded landslide_report.pdf
1915,AP/E-Siang/82P8/2022/LS45,Arunachal Pradesh,,,,28.827069,95.9225,,,,uploaded landslide_report.pdf
1916,AR/USI/82L13/2022/52,Arunachal Pradesh,,,,28.830097,94.874715,,,,uploaded landslide_report.pdf
1917,AP/DV/82P/13/2022/LS-128,Arunachal Pradesh,,,,28.830316,95.877843,,,,uploaded landslide_report.pdf
1918,AP/DV/82P/13/2022/LS-129,Arunachal Pradesh,,,,28.830919,95.880901,,,,uploaded landslide_report.pdf
1919,AP/DV/82P/13/2022/LS-130,Arunachal Pradesh,,,,28.831619,95.882949,,,,uploaded landslide_report.pdf
1920,AP/DV/82P/13/2022/LS-131,Arunachal Pradesh,,,,28.831826,95.882841,,,,uploaded landslide_report.pdf
1921,AP/DV/82P/13/2022/LS-132,Arunachal Pradesh,,,,28.836083,95.963806,,,,uploaded landslide_report.pdf
1922,AP/DV/82P/13/2022/LS-133,Arunachal Pradesh,,,,28.846067,95.865922,,,,uploaded landslide_report.pdf
1923,AP/DV/82P/13/2022/LS-134,Arunachal Pradesh,,,,28.852213,95.863907,,,,uploaded landslide_report.pdf
1924,AP/LDV/82P11/2022/LS79,Arunachal Pradesh,,,,28.85641,95.859872,,,,uploaded landslide_report.pdf
1925,AP/DV/82P/13/2022/LS-135,Arunachal Pradesh,,,,28.858358,95.858469,,,,uploaded landslide_report.pdf
1926,AP/DV/82P/13/2022/LS-136,Arunachal Pradesh,,,,28.863017,95.856703,,,,uploaded landslide_report.pdf
1927,AP/DV/82P/13/2022/LS-137,Arunachal Pradesh,,,,28.868037,95.983398,,,,uploaded landslide_report.pdf
1928,AP/DV/82P/13/2022/LS-138,Arunachal Pradesh,,,,28.871556,95.852732,,,,uploaded landslide_report.pdf
1929,AP/DV/82P/13/2022/LS-139,Arunachal Pradesh,,,,28.873622,95.850285,,,,uploaded landslide_report.pdf
1930,AP/DV/82P/13/2022/LS-140,Arunachal Pradesh,,,,28.874939,95.981911,,,,uploaded landslide_report.pdf
1931,AP/DV/82P/13/2022/LS-141,Arunachal Pradesh,,,,28.87826,95.847156,,,,uploaded landslide_report.pdf
1932,AP/DV/82P/13/2022/LS-142,Arunachal Pradesh,,,,28.937833,95.820661,,,,uploaded landslide_report.pdf
1933,AP/DV/82P/13/2022/LS-143,Arunachal Pradesh,,,,28.940482,95.82044,,,,uploaded landslide_report.pdf
1934,AP/DV/82P/13/2022/LS-144,Arunachal Pradesh,,,,28.9407,95.82058,,,,uploaded landslide_report.pdf
1935,AP/DV/82P/13/2022/LS-145,Arunachal Pradesh,,,,28.963981,95.808627,,,,uploaded landslide_report.pdf
1936,3290,Arunachal Pradesh,,,,27.2575411,93.7963965,,,,uploaded landslide_report.pdf
1937,3293,Arunachal Pradesh,,,,27.2858578,93.798472,,,,uploaded landslide_report.pdf
1938,ARA/PP/83E16/2024/01,Arunachal Pradesh,,,,27.105253,93.825399,,,,uploaded landslide_report.pdf
1939,ARA/PP/83E16/2024/02,Arunachal Pradesh,,,,27.121136,93.762164,,,,uploaded landslide_report.pdf
1940,ARA/PP/83E16/2024/03,Arunachal Pradesh,,,,27.121136,93.762164,,,,uploaded landslide_report.pdf
1941,ARA/DIB/82P15/2024/01,Arunachal Pradesh,,,,28.38919722,95.92776111,,,,uploaded landslide_report.pdf
1942,4691,Arunachal Pradesh,,,,27.092699,92.58314,,,,uploaded landslide_report.pdf
1943,7010,Arunachal Pradesh,,,,27.059755,93.522666,,,,uploaded landslide_report.pdf
1944,AR/EAK/84E03/2025/01,Arunachal Pradesh,,,,27.322582,93.048256,,,,uploaded landslide_report.pdf
1945,AR/EAK/84E03/2025/02,Arunachal Pradesh,,,,27.313874,93.045623,,,,uploaded landslide_report.pdf
1946,AR/EAK/84E03/2025/03,Arunachal Pradesh,,,,27.311231,93.04677,,,,uploaded landslide_report.pdf
1947,AR/EAK/84E12/2025/04,Arunachal Pradesh,,,,27.059755,93.522666,,,,uploaded landslide_report.pdf
1948,AR/EAK/84E03/2025/05,Arunachal Pradesh,,,,27.309745,93.047722,,,,uploaded landslide_report.pdf
1949,AR/EAK/84E03/2025/06,Arunachal Pradesh,,,,27.304291,93.052835,,,,uploaded landslide_report.pdf
1950,AR/EAK/84E03/2025/07,Arunachal Pradesh,,,,27.304291,93.052835,,,,uploaded landslide_report.pdf
1951,AR/EAK/84E03/2025/08,Arunachal Pradesh,,,,27.308143,93.059302,,,,uploaded landslide_report.pdf
1952,AR/EAK/84E03/2025/09,Arunachal Pradesh,,,,27.301468,93.053244,,,,uploaded landslide_report.pdf
1953,AR/EAK/84E03/2025/10,Arunachal Pradesh,,,,27.302253,93.050932,,,,uploaded landslide_report.pdf
1954,AR/EAK/84E03/2025/11,Arunachal Pradesh,,,,27.293539,93.050398,,,,uploaded landslide_report.pdf
1955,AR/EAK/84E03/2025/12,Arunachal Pradesh,,,,27.296928,93.088111,,,,uploaded landslide_report.pdf
1956,AR/EAK/84E03/2025/13,Arunachal Pradesh,,,,27.296928,93.088111,,,,uploaded landslide_report.pdf
1957,AR/EAK/84E03/2025/14,Arunachal Pradesh,,,,27.296928,93.088111,,,,uploaded landslide_report.pdf
1958,AR/EAK/84E03/2025/15,Arunachal Pradesh,,,,27.296928,93.088111,,,,uploaded landslide_report.pdf
1959,AR/EAK/84E03/2025/16,Arunachal Pradesh,,,,27.296928,93.088111,,,,uploaded landslide_report.pdf
1960,AR/EAK/84E03/2025/17,Arunachal Pradesh,,,,27.296928,93.088111,,,,uploaded landslide_report.pdf
1961,AR/EAK/84E03/2025/18,Arunachal Pradesh,,,,27.301412,93.051563,,,,uploaded landslide_report.pdf
1962,AR/EAK/84E03/2025/19,Arunachal Pradesh,,,,27.311571,93.046703,,,,uploaded landslide_report.pdf
1963,AR/EAK/84E04/2025/20,Arunachal Pradesh,,,,20.0,93.066329,,,,uploaded landslide_report.pdf
1964,AR/EAK/84E04/2025/21,Arunachal Pradesh,,,,21.0,93.066329,,,,uploaded landslide_report.pdf
1965,AR/EAK/84E03/2025/22,Arunachal Pradesh,,,,22.0,93.088111,,,,uploaded landslide_report.pdf
1966,AR/EAK/84E03/2025/23,Arunachal Pradesh,,,,23.0,93.088111,,,,uploaded landslide_report.pdf
1967,AR/EAK/84E03/2025/24,Arunachal Pradesh,,,,24.0,93.088111,,,,uploaded landslide_report.pdf
1968,AR/EAK/84E03/2025/25,Arunachal Pradesh,,,,25.0,93.088111,,,,uploaded landslide_report.pdf
1969,AR/EAK/84E12/2025/26,Arunachal Pradesh,,,,26.0,93.494166,,,,uploaded landslide_report.pdf
1970,AR/EAK/84E03/2025/27,Arunachal Pradesh,,,,27.0,93.088111,,,,uploaded landslide_report.pdf
1971,AR/EAK/84E03/2025/28,Arunachal Pradesh,,,,28.0,93.088111,,,,uploaded landslide_report.pdf
1972,AR/EAK/84E12/2025/29,Arunachal Pradesh,,,,29.0,92.652213,,,,uploaded landslide_report.pdf
1973,AR/EAK/84E12/2025/30,Arunachal Pradesh,,,,30.0,93.531487,,,,uploaded landslide_report.pdf
1974,AR/EAK/84E12/2025/31,Arunachal Pradesh,,,,27.109398,93.61692,,,,uploaded landslide_report.pdf
1975,3515,Arunachal Pradesh,,,,27.084417,92.586622,,,,uploaded landslide_report.pdf
1976,4524,Arunachal Pradesh,,,,28.199641,95.811903,,,,uploaded landslide_report.pdf
1977,4525,Arunachal Pradesh,,,,28.198566,95.813206,,,,uploaded landslide_report.pdf
1978,4526,Arunachal Pradesh,,,,28.194898,95.807336,,,,uploaded landslide_report.pdf
1979,4540,Arunachal Pradesh,,,,27.08386,92.587656,,,,uploaded landslide_report.pdf
1980,5752,Arunachal Pradesh,,,,28.244256,95.920559,,,,uploaded landslide_report.pdf
1981,6805,Arunachal Pradesh,,,,27.322582,93.048256,,,,uploaded landslide_report.pdf
1982,6806,Arunachal Pradesh,,,,27.313874,93.045623,,,,uploaded landslide_report.pdf
1983,6807,Arunachal Pradesh,,,,27.311231,93.04677,,,,uploaded landslide_report.pdf
1984,6808,Arunachal Pradesh,,,,27.160636,93.738873,,,,uploaded landslide_report.pdf
1985,6809,Arunachal Pradesh,,,,27.309745,93.047722,,,,uploaded landslide_report.pdf
1986,6810,Arunachal Pradesh,,,,27.304291,93.052835,,,,uploaded landslide_report.pdf
1987,6812,Arunachal Pradesh,,,,27.308143,93.059302,,,,uploaded landslide_report.pdf
1988,6813,Arunachal Pradesh,,,,27.301468,93.053244,,,,uploaded landslide_report.pdf
1989,6814,Arunachal Pradesh,,,,27.302253,93.050932,,,,uploaded landslide_report.pdf
1990,6815,Arunachal Pradesh,,,,27.293539,93.050398,,,,uploaded landslide_report.pdf
1991,6816,Arunachal Pradesh,,,,27.296928,93.088111,,,,uploaded landslide_report.pdf
1992,6823,Arunachal Pradesh,,,,27.301412,93.051563,,,,uploaded landslide_report.pdf
1993,6824,Arunachal Pradesh,,,,27.311571,93.046703,,,,uploaded landslide_report.pdf
1994,6825,Arunachal Pradesh,,,,27.157291,93.739896,,,,uploaded landslide_report.pdf
1995,6827,Arunachal Pradesh,,,,27.216933,93.066329,,,,uploaded landslide_report.pdf
1996,6834,Arunachal Pradesh,,,,27.158579,93.74103,,,,uploaded landslide_report.pdf
1997,6837,Arunachal Pradesh,,,,27.162502,93.746553,,,,uploaded landslide_report.pdf
1998,6840,Arunachal Pradesh,,,,27.16186,93.747535,,,,uploaded landslide_report.pdf
1999,6843,Arunachal Pradesh,,,,27.166107,93.750907,,,,uploaded landslide_report.pdf
2000,6859,Arunachal Pradesh,,,,27.166864,93.755668,,,,uploaded landslide_report.pdf
2001,6861,Arunachal Pradesh,,,,27.169659,93.756277,,,,uploaded landslide_report.pdf
2002,6959,Arunachal Pradesh,,,,27.184921,93.782324,,,,uploaded landslide_report.pdf
2003,6960,Arunachal Pradesh,,,,27.188151,93.78308,,,,uploaded landslide_report.pdf
2004,6961,Arunachal Pradesh,,,,27.192865,93.781908,,,,uploaded landslide_report.pdf
2005,6962,Arunachal Pradesh,,,,27.194916,93.778683,,,,uploaded landslide_report.pdf
2006,6965,Arunachal Pradesh,,,,27.197293,93.782341,,,,uploaded landslide_report.pdf
2007,6966,Arunachal Pradesh,,,,27.20833,93.794568,,,,uploaded landslide_report.pdf
2008,6967,Arunachal Pradesh,,,,27.227449,93.798727,,,,uploaded landslide_report.pdf
2009,6968,Arunachal Pradesh,,,,27.228061,93.797954,,,,uploaded landslide_report.pdf
2010,6969,Arunachal Pradesh,,,,27.228511,93.799206,,,,uploaded landslide_report.pdf
2011,6970,Arunachal Pradesh,,,,27.229356,93.800968,,,,uploaded landslide_report.pdf
2012,6971,Arunachal Pradesh,,,,27.23616,93.807069,,,,uploaded landslide_report.pdf
2013,6972,Arunachal Pradesh,,,,27.23719,93.80556,,,,uploaded landslide_report.pdf
2014,6973,Arunachal Pradesh,,,,27.238406,93.806341,,,,uploaded landslide_report.pdf
2015,6974,Arunachal Pradesh,,,,27.239998,93.807194,,,,uploaded landslide_report.pdf
2016,6975,Arunachal Pradesh,,,,27.246268,93.804628,,,,uploaded landslide_report.pdf
2017,6976,Arunachal Pradesh,,,,27.248114,93.805987,,,,uploaded landslide_report.pdf
2018,6977,Arunachal Pradesh,,,,27.252527,93.804341,,,,uploaded landslide_report.pdf
2019,6978,Arunachal Pradesh,,,,27.25649,93.795077,,,,uploaded landslide_report.pdf
2020,6979,Arunachal Pradesh,,,,27.257603,93.796335,,,,uploaded landslide_report.pdf
2021,6980,Arunachal Pradesh,,,,27.177138,92.576909,,,,uploaded landslide_report.pdf
2022,6981,Arunachal Pradesh,,,,27.178567,92.583154,,,,uploaded landslide_report.pdf
2023,6982,Arunachal Pradesh,,,,27.177138,92.576909,,,,uploaded landslide_report.pdf
2024,6983,Arunachal Pradesh,,,,27.184248,92.579624,,,,uploaded landslide_report.pdf
2025,6987,Arunachal Pradesh,,,,21.0,93.61692,,,,uploaded landslide_report.pdf
2026,6988,Arunachal Pradesh,,,,27.113024,93.606339,,,,uploaded landslide_report.pdf
2027,6989,Arunachal Pradesh,,,,27.307958,93.498326,,,,uploaded landslide_report.pdf
2028,6990,Arunachal Pradesh,,,,27.318647,92.77855,,,,uploaded landslide_report.pdf
2029,6991,Arunachal Pradesh,,,,27.24867,92.737685,,,,uploaded landslide_report.pdf
2030,6992,Arunachal Pradesh,,,,27.288425,92.769407,,,,uploaded landslide_report.pdf
2031,6993,Arunachal Pradesh,,,,27.080299,93.574089,,,,uploaded landslide_report.pdf
2032,6994,Arunachal Pradesh,,,,27.079763,93.573921,,,,uploaded landslide_report.pdf
2033,6995,Arunachal Pradesh,,,,27.078192,93.572402,,,,uploaded landslide_report.pdf
2034,6996,Arunachal Pradesh,,,,27.077728,93.57163,,,,uploaded landslide_report.pdf
2035,6997,Arunachal Pradesh,,,,27.076582,93.569035,,,,uploaded landslide_report.pdf
2036,6998,Arunachal Pradesh,,,,27.069837,93.5542,,,,uploaded landslide_report.pdf
2037,6999,Arunachal Pradesh,,,,27.069615,93.550726,,,,uploaded landslide_report.pdf
2038,7000,Arunachal Pradesh,,,,27.066648,93.536536,,,,uploaded landslide_report.pdf
2039,7001,Arunachal Pradesh,,,,27.213127,92.652213,,,,uploaded landslide_report.pdf
2040,7002,Arunachal Pradesh,,,,27.062298,93.531487,,,,uploaded landslide_report.pdf
2041,7003,Arunachal Pradesh,,,,27.053976,93.494166,,,,uploaded landslide_report.pdf
2042,7005,Arunachal Pradesh,,,,27.2594,93.796312,,,,uploaded landslide_report.pdf
2043,7006,Arunachal Pradesh,,,,27.267809,93.801259,,,,uploaded landslide_report.pdf
2044,7007,Arunachal Pradesh,,,,27.269714,93.802353,,,,uploaded landslide_report.pdf
2045,7008,Arunachal Pradesh,,,,27.270257,93.798647,,,,uploaded landslide_report.pdf
2046,7009,Arunachal Pradesh,,,,27.274387,93.797815,,,,uploaded landslide_report.pdf
2047,7046,Arunachal Pradesh,,,,28.139996,95.259634,,,,uploaded landslide_report.pdf
2048,7047,Arunachal Pradesh,,,,28.136244,95.245136,,,,uploaded landslide_report.pdf
2049,7049,Arunachal Pradesh,,,,27.622016,93.841176,,,,uploaded landslide_report.pdf
2050,7051,Arunachal Pradesh,,,,27.622973,93.841316,,,,uploaded landslide_report.pdf
2051,7052,Arunachal Pradesh,,,,27.623829,93.841776,,,,uploaded landslide_report.pdf
2052,7053,Arunachal Pradesh,,,,27.623885,93.841824,,,,uploaded landslide_report.pdf
2053,7079,Arunachal Pradesh,,,,27.631,93.8465,,,,uploaded landslide_report.pdf
2054,7082,Arunachal Pradesh,,,,27.633,93.8464,,,,uploaded landslide_report.pdf
2055,7083,Arunachal Pradesh,,,,27.636624,93.8485,,,,uploaded landslide_report.pdf
2056,7084,Arunachal Pradesh,,,,27.6369,93.853,,,,uploaded landslide_report.pdf
2057,7085,Arunachal Pradesh,,,,27.6375,93.8555,,,,uploaded landslide_report.pdf
2058,7086,Arunachal Pradesh,,,,27.6387,93.8551,,,,uploaded landslide_report.pdf
2059,7087,Arunachal Pradesh,,,,27.6384,93.8578,,,,uploaded landslide_report.pdf
2060,7088,Arunachal Pradesh,,,,27.64,93.858,,,,uploaded landslide_report.pdf
2061,7089,Arunachal Pradesh,,,,27.6478,93.8737,,,,uploaded landslide_report.pdf
2062,7090,Arunachal Pradesh,,,,27.6402,93.8628,,,,uploaded landslide_report.pdf
2063,7091,Arunachal Pradesh,,,,27.6394,93.8708,,,,uploaded landslide_report.pdf
2064,7093,Arunachal Pradesh,,,,27.6451,93.8706,,,,uploaded landslide_report.pdf
2065,7094,Arunachal Pradesh,,,,27.649,93.8744,,,,uploaded landslide_report.pdf
2066,7095,Arunachal Pradesh,,,,27.6549,93.8759,,,,uploaded landslide_report.pdf
2067,7096,Arunachal Pradesh,,,,27.66,93.8799,,,,uploaded landslide_report.pdf
2068,7097,Arunachal Pradesh,,,,27.6607,93.8833,,,,uploaded landslide_report.pdf
2069,7098,Arunachal Pradesh,,,,27.6756,93.8837,,,,uploaded landslide_report.pdf
2070,7099,Arunachal Pradesh,,,,27.6784,93.9026,,,,uploaded landslide_report.pdf
2071,7100,Arunachal Pradesh,,,,27.6712,93.8974,,,,uploaded landslide_report.pdf
2072,7101,Arunachal Pradesh,,,,27.7621,94.0563,,,,uploaded landslide_report.pdf
2073,7102,Arunachal Pradesh,,,,27.763,94.037,,,,uploaded landslide_report.pdf
2074,7103,Arunachal Pradesh,,,,27.7306,93.9767,,,,uploaded landslide_report.pdf
2075,7104,Arunachal Pradesh,,,,27.7257,93.9656,,,,uploaded landslide_report.pdf
2076,7105,Arunachal Pradesh,,,,27.7231,93.9587,,,,uploaded landslide_report.pdf
2077,7106,Arunachal Pradesh,,,,27.7182,93.947,,,,uploaded landslide_report.pdf
2078,7386,Arunachal Pradesh,,,,27.099285,93.614766,,,,uploaded landslide_report.pdf
2079,7387,Arunachal Pradesh,,,,27.086102,93.596625,,,,uploaded landslide_report.pdf
2080,7583,Arunachal Pradesh,,,,27.715081,94.692035,,,,uploaded landslide_report.pdf
17975,MN/UKH/83L05/2018/001,Manipur,,,,22.873558,92.755953,,,,uploaded landslide_report.pdf
17976,MN/CDL/84I01/2020/12,Manipur,,,,23.95,94.07,,,,uploaded landslide_report.pdf
17977,MN/CDL/84I01/2020/13,Manipur,,,,23.95,94.07,,,,uploaded landslide_report.pdf
17978,MN/CDL/84I01/2020/14,Manipur,,,,23.95,94.06,,,,uploaded landslide_report.pdf
17979,MN/CDL/84I01/2020/15,Manipur,,,,23.95,94.06,,,,uploaded landslide_report.pdf
17980,MN/CDL/84I01/2020/2,Manipur,,,,23.96,94.06,,,,uploaded landslide_report.pdf
17981,MN/CDL/84I01/2020/16,Manipur,,,,23.96,94.06,,,,uploaded landslide_report.pdf
17982,MN/CDL/84E13/2020/7,Manipur,,,,23.97,93.95,,,,uploaded landslide_report.pdf
17983,MN/CDL/84I01/2020/3,Manipur,,,,23.97,94.04,,,,uploaded landslide_report.pdf
17984,MN/CCP/83H12/2020/25,Manipur,,,,25.0,93.55,,,,uploaded landslide_report.pdf
17985,MN/CCP/83H12/2020/26,Manipur,,,,26.0,93.55,,,,uploaded landslide_report.pdf
17986,MN/CDL/84E13/2020/8,Manipur,,,,23.98,93.99,,,,uploaded landslide_report.pdf
17987,MN/CDL/84I01/2020/1,Manipur,,,,23.98,94.02,,,,uploaded landslide_report.pdf
17988,MN/CDL/84I01/2020/5,Manipur,,,,23.98,94.03,,,,uploaded landslide_report.pdf
17989,MN/CDL/84I01/2020/6,Manipur,,,,23.98,94.03,,,,uploaded landslide_report.pdf
17990,MN/CDL/84I01/2020/7,Manipur,,,,23.98,94.03,,,,uploaded landslide_report.pdf
17991,MN/CDL/84I01/2020/8,Manipur,,,,23.98,94.03,,,,uploaded landslide_report.pdf
17992,MN/CDL/84I01/2020/9,Manipur,,,,23.98,94.02,,,,uploaded landslide_report.pdf
17993,MN/CCP/83E09/2020/2,Manipur,,,,23.99,93.55,,,,uploaded landslide_report.pdf
17994,MN/CDL/84E13/2020/3,Manipur,,,,23.99,93.94,,,,uploaded landslide_report.pdf
17995,MN/CDL/84E13/2020/4,Manipur,,,,23.99,93.94,,,,uploaded landslide_report.pdf
17996,MN/CDL/84I01/2020/4,Manipur,,,,23.99,94.04,,,,uploaded landslide_report.pdf
17997,MN/CDL/84I01/2020/10,Manipur,,,,23.99,94.0,,,,uploaded landslide_report.pdf
17998,MN/CCP/83H12/2020/21,Manipur,,,,21.0,93.56,,,,uploaded landslide_report.pdf
17999,MN/CCP/83H12/2020/22,Manipur,,,,22.0,93.55,,,,uploaded landslide_report.pdf
18000,MN/CCP/83H12/2020/24,Manipur,,,,24.0,93.55,,,,uploaded landslide_report.pdf
18001,MN/CDL/83H16/2020/12,Manipur,,,,24.0,93.97,,,,uploaded landslide_report.pdf
18002,MN/CDL/83H16/2020/23,Manipur,,,,23.0,93.99,,,,uploaded landslide_report.pdf
18003,MN/CDL/83H16/2020/38,Manipur,,,,24.0,93.98,,,,uploaded landslide_report.pdf
18004,MN/CCP/83E09/2020/1,Manipur,,,,24.0,93.55,,,,uploaded landslide_report.pdf
18005,MN/CDL/84E13/2020/1,Manipur,,,,24.0,93.98,,,,uploaded landslide_report.pdf
18006,MN/CDL/84E13/2020/2,Manipur,,,,24.0,93.99,,,,uploaded landslide_report.pdf
18007,MN/CDL/84E13/2020/5,Manipur,,,,24.0,94.0,,,,uploaded landslide_report.pdf
18008,MN/CDL/84E13/2020/6,Manipur,,,,24.0,93.82,,,,uploaded landslide_report.pdf
18009,MN/CDL/84I01/2020/11,Manipur,,,,24.0,94.0,,,,uploaded landslide_report.pdf
18010,MN/CCP/83H12/2020/27,Manipur,,,,27.0,93.55,,,,uploaded landslide_report.pdf
18011,MN/CDL/83H16/2020/2,Manipur,,,,24.01,93.99,,,,uploaded landslide_report.pdf
18012,MN/CDL/83H16/2020/3,Manipur,,,,24.01,93.96,,,,uploaded landslide_report.pdf
18013,MN/CDL/83H16/2020/4,Manipur,,,,24.01,93.98,,,,uploaded landslide_report.pdf
18014,MN/CDL/83H16/2020/32,Manipur,,,,24.01,93.97,,,,uploaded landslide_report.pdf
18015,MN/CDL/83H16/2020/33,Manipur,,,,24.01,93.98,,,,uploaded landslide_report.pdf
18016,MN/CDL/83H16/2020/34,Manipur,,,,24.01,93.99,,,,uploaded landslide_report.pdf
18017,MN/CDL/83H16/2020/35,Manipur,,,,24.01,93.99,,,,uploaded landslide_report.pdf
18018,MN/CDL/83H16/2020/36,Manipur,,,,24.01,93.97,,,,uploaded landslide_report.pdf
18019,MN/CDL/83H16/2020/39,Manipur,,,,24.01,93.97,,,,uploaded landslide_report.pdf
18020,MN/CCP/83H12/2020/18,Manipur,,,,24.02,93.57,,,,uploaded landslide_report.pdf
18021,MN/CCP/83H12/2020/19,Manipur,,,,24.02,93.56,,,,uploaded landslide_report.pdf
18022,MN/CCP/83H12/2020/20,Manipur,,,,20.0,93.56,,,,uploaded landslide_report.pdf
18023,MN/CDL/83H16/2020/37,Manipur,,,,24.02,93.97,,,,uploaded landslide_report.pdf
18024,MN/CCP/83H12/2020/16,Manipur,,,,24.03,93.57,,,,uploaded landslide_report.pdf
18025,MN/CCP/83H12/2020/17,Manipur,,,,24.03,93.57,,,,uploaded landslide_report.pdf
18026,MN/CDL/83H16/2020/5,Manipur,,,,24.03,93.81,,,,uploaded landslide_report.pdf
18027,MN/CDL/83L04/2020/7,Manipur,,,,24.04,94.08,,,,uploaded landslide_report.pdf
18028,MN/CCP/83H12/2020/15,Manipur,,,,24.05,93.57,,,,uploaded landslide_report.pdf
18029,MN/CDL/83L04/2020/4,Manipur,,,,24.05,94.07,,,,uploaded landslide_report.pdf
18030,MN/CDL/83L04/2020/5,Manipur,,,,24.05,94.07,,,,uploaded landslide_report.pdf
18031,MN/CDL/83L04/2020/6,Manipur,,,,24.05,94.07,,,,uploaded landslide_report.pdf
18032,MN/CCP/83H08/2020/19,Manipur,,,,24.06,93.28,,,,uploaded landslide_report.pdf
18033,MN/CCP/83H12/2020/14,Manipur,,,,24.06,93.57,,,,uploaded landslide_report.pdf
18034,MN/CDL/83L04/2020/8,Manipur,,,,24.06,94.05,,,,uploaded landslide_report.pdf
18035,MN/CDL/83L04/2020/9,Manipur,,,,24.06,94.04,,,,uploaded landslide_report.pdf
18036,MN/CDL/83L04/2020/10,Manipur,,,,24.06,94.02,,,,uploaded landslide_report.pdf
18037,MN/CDL/83L04/2020/11,Manipur,,,,24.06,94.03,,,,uploaded landslide_report.pdf
18038,MN/CDL/83L04/2020/13,Manipur,,,,24.07,94.03,,,,uploaded landslide_report.pdf
18039,MN/CDL/83H16/2020/17,Manipur,,,,24.08,93.89,,,,uploaded landslide_report.pdf
18040,MN/CDL/83L04/2020/14,Manipur,,,,24.08,94.03,,,,uploaded landslide_report.pdf
18041,MN/CDL/83H16/2020/13,Manipur,,,,24.09,93.9,,,,uploaded landslide_report.pdf
18042,MN/CDL/83H16/2020/18,Manipur,,,,24.09,93.91,,,,uploaded landslide_report.pdf
18043,MN/CDL/83L04/2020/15,Manipur,,,,24.09,94.02,,,,uploaded landslide_report.pdf
18044,MN/CDL/83L04/2020/16,Manipur,,,,24.09,94.02,,,,uploaded landslide_report.pdf
18045,MN/CDL/83L04/2020/17,Manipur,,,,24.09,94.02,,,,uploaded landslide_report.pdf
18046,MN/CDL/83L04/2020/18,Manipur,,,,24.09,94.02,,,,uploaded landslide_report.pdf
18047,MN/CDL/83L04/2020/22,Manipur,,,,22.0,94.15,,,,uploaded landslide_report.pdf
18048,MN/CDL/83L04/2020/24,Manipur,,,,24.0,94.15,,,,uploaded landslide_report.pdf
18049,MN/CDL/83L04/2020/36,Manipur,,,,24.09,94.03,,,,uploaded landslide_report.pdf
18050,MN/CDL/83L04/2020/48,Manipur,,,,24.09,94.04,,,,uploaded landslide_report.pdf
18051,MN/CDL/83L04/2020/50,Manipur,,,,24.09,94.03,,,,uploaded landslide_report.pdf
18052,MN/CDL/83L04/2020/57,Manipur,,,,24.09,94.04,,,,uploaded landslide_report.pdf
18053,MN/CDL/83L04/2020/58,Manipur,,,,24.09,94.04,,,,uploaded landslide_report.pdf
18054,MN/CDL/83L04/2020/59,Manipur,,,,24.09,94.04,,,,uploaded landslide_report.pdf
18055,MN/CDL/83L04/2020/66,Manipur,,,,24.09,94.02,,,,uploaded landslide_report.pdf
18056,MN/CDL/83L04/2020/75,Manipur,,,,24.09,94.04,,,,uploaded landslide_report.pdf
18057,MN/CDL/83L04/2020/77,Manipur,,,,24.09,94.02,,,,uploaded landslide_report.pdf
18058,MN/CDL/83L04/2020/83,Manipur,,,,24.09,94.03,,,,uploaded landslide_report.pdf
18059,MN/CCP/83H08/2020/2,Manipur,,,,24.1,93.28,,,,uploaded landslide_report.pdf
18060,MN/CCP/83H08/2020/18,Manipur,,,,24.1,93.29,,,,uploaded landslide_report.pdf
18061,MN/CCP/83H12/2020/11,Manipur,,,,24.1,93.57,,,,uploaded landslide_report.pdf
18062,MN/CCP/83H12/2020/13,Manipur,,,,24.1,93.57,,,,uploaded landslide_report.pdf
18063,MN/CCP/83H12/2020/23,Manipur,,,,23.0,93.5,,,,uploaded landslide_report.pdf
18064,MN/CCP/83H12/2020/31,Manipur,,,,24.1,93.51,,,,uploaded landslide_report.pdf
18065,MN/CDL/83H16/2020/11,Manipur,,,,24.1,93.96,,,,uploaded landslide_report.pdf
18066,MN/CDL/83H16/2020/14,Manipur,,,,24.1,93.9,,,,uploaded landslide_report.pdf
18067,MN/CDL/83H16/2020/22,Manipur,,,,22.0,93.95,,,,uploaded landslide_report.pdf
18068,MN/CDL/83L04/2020/47,Manipur,,,,24.1,94.04,,,,uploaded landslide_report.pdf
18069,MN/CDL/83L04/2020/51,Manipur,,,,24.1,94.02,,,,uploaded landslide_report.pdf
18070,MN/CDL/83L04/2020/52,Manipur,,,,24.1,94.03,,,,uploaded landslide_report.pdf
18071,MN/CDL/83L04/2020/53,Manipur,,,,24.1,94.03,,,,uploaded landslide_report.pdf
18072,MN/CDL/83L04/2020/54,Manipur,,,,24.1,94.03,,,,uploaded landslide_report.pdf
18073,MN/CDL/83L04/2020/55,Manipur,,,,24.1,94.03,,,,uploaded landslide_report.pdf
18074,MN/CDL/83L04/2020/68,Manipur,,,,24.1,94.03,,,,uploaded landslide_report.pdf
18075,MN/CDL/83L04/2020/73,Manipur,,,,24.1,94.04,,,,uploaded landslide_report.pdf
18076,MN/CDL/83L04/2020/74,Manipur,,,,24.1,94.07,,,,uploaded landslide_report.pdf
18077,MN/CCP/83H08/2020/31,Manipur,,,,24.11,93.32,,,,uploaded landslide_report.pdf
18078,MN/CCP/83H12/2020/1,Manipur,,,,24.11,93.53,,,,uploaded landslide_report.pdf
18079,MN/CCP/83H12/2020/12,Manipur,,,,24.11,93.52,,,,uploaded landslide_report.pdf
18080,MN/CCP/83H12/2020/28,Manipur,,,,28.0,93.58,,,,uploaded landslide_report.pdf
18081,MN/CDL/83H16/2020/19,Manipur,,,,24.11,93.91,,,,uploaded landslide_report.pdf
18082,MN/CDL/83L04/2020/25,Manipur,,,,25.0,94.13,,,,uploaded landslide_report.pdf
18083,MN/CDL/83L04/2020/65,Manipur,,,,24.11,94.02,,,,uploaded landslide_report.pdf
18084,MN/CCP/83H08/2020/17,Manipur,,,,24.12,93.29,,,,uploaded landslide_report.pdf
18085,MN/CCP/83H12/2020/9,Manipur,,,,24.12,93.58,,,,uploaded landslide_report.pdf
18086,MN/CCP/83H12/2020/10,Manipur,,,,24.12,93.58,,,,uploaded landslide_report.pdf
18087,MN/CDL/83L04/2020/26,Manipur,,,,26.0,94.13,,,,uploaded landslide_report.pdf
18088,MN/CDL/83L04/2020/37,Manipur,,,,24.12,94.07,,,,uploaded landslide_report.pdf
18089,MN/CDL/83L04/2020/46,Manipur,,,,24.12,94.05,,,,uploaded landslide_report.pdf
18090,MN/CDL/83L04/2020/49,Manipur,,,,24.12,94.02,,,,uploaded landslide_report.pdf
18091,MN/CDL/83L04/2020/70,Manipur,,,,24.12,94.07,,,,uploaded landslide_report.pdf
18092,MN/CDL/83L04/2020/71,Manipur,,,,24.12,94.07,,,,uploaded landslide_report.pdf
18093,MN/CDL/83L04/2020/72,Manipur,,,,24.12,94.07,,,,uploaded landslide_report.pdf
18094,MN/CCP/83H08/2020/1,Manipur,,,,24.13,93.48,,,,uploaded landslide_report.pdf
18095,MN/CCP/83H08/2020/12,Manipur,,,,24.13,93.48,,,,uploaded landslide_report.pdf
18096,MN/CCP/83H08/2020/15,Manipur,,,,24.13,93.29,,,,uploaded landslide_report.pdf
18097,MN/CCP/83H08/2020/16,Manipur,,,,24.13,93.29,,,,uploaded landslide_report.pdf
18098,MN/CCP/83H08/2020/23,Manipur,,,,23.0,93.48,,,,uploaded landslide_report.pdf
18099,MN/CDL/83H16/2020/29,Manipur,,,,29.0,93.99,,,,uploaded landslide_report.pdf
18100,MN/CDL/83H16/2020/30,Manipur,,,,30.0,94.0,,,,uploaded landslide_report.pdf
18101,MN/CDL/83L04/2020/27,Manipur,,,,27.0,94.13,,,,uploaded landslide_report.pdf
18102,MN/CDL/83L04/2020/28,Manipur,,,,28.0,94.12,,,,uploaded landslide_report.pdf
18103,MN/CDL/83L04/2020/29,Manipur,,,,29.0,94.12,,,,uploaded landslide_report.pdf
18104,MN/CDL/83L04/2020/30,Manipur,,,,30.0,94.11,,,,uploaded landslide_report.pdf
18105,MN/CDL/83L04/2020/31,Manipur,,,,24.13,94.11,,,,uploaded landslide_report.pdf
18106,MN/CDL/83L04/2020/38,Manipur,,,,24.13,94.07,,,,uploaded landslide_report.pdf
18107,MN/CDL/83L04/2020/41,Manipur,,,,24.13,94.07,,,,uploaded landslide_report.pdf
18108,MN/CDL/83L04/2020/42,Manipur,,,,24.13,94.07,,,,uploaded landslide_report.pdf
18109,MN/CDL/83L04/2020/43,Manipur,,,,24.13,94.07,,,,uploaded landslide_report.pdf
18110,MN/CDL/83L04/2020/44,Manipur,,,,24.13,94.06,,,,uploaded landslide_report.pdf
18111,MN/CCP/83H08/2020/24,Manipur,,,,24.0,93.38,,,,uploaded landslide_report.pdf
18112,MN/CCP/83H08/2020/26,Manipur,,,,26.0,93.47,,,,uploaded landslide_report.pdf
18113,MN/CCP/83H08/2020/27,Manipur,,,,27.0,93.47,,,,uploaded landslide_report.pdf
18114,MN/CCP/83H08/2020/28,Manipur,,,,28.0,93.47,,,,uploaded landslide_report.pdf
18115,MN/CCP/83H08/2020/29,Manipur,,,,29.0,93.45,,,,uploaded landslide_report.pdf
18116,MN/CCP/83H08/2020/30,Manipur,,,,30.0,93.42,,,,uploaded landslide_report.pdf
18117,MN/CCP/83H11/2020/6,Manipur,,,,24.14,93.57,,,,uploaded landslide_report.pdf
18118,MN/CCP/83H11/2020/7,Manipur,,,,24.14,93.57,,,,uploaded landslide_report.pdf
18119,MN/CDL/83H16/2020/20,Manipur,,,,20.0,93.93,,,,uploaded landslide_report.pdf
18120,MN/CDL/83H16/2020/21,Manipur,,,,21.0,93.93,,,,uploaded landslide_report.pdf
18121,MN/CDL/83L04/2020/40,Manipur,,,,24.14,94.07,,,,uploaded landslide_report.pdf
18122,MN/CDL/83L04/2020/64,Manipur,,,,24.14,94.01,,,,uploaded landslide_report.pdf
18123,MN/CCP/83H08/2020/11,Manipur,,,,24.15,93.3,,,,uploaded landslide_report.pdf
18124,MN/CCP/83H08/2020/13,Manipur,,,,24.15,93.3,,,,uploaded landslide_report.pdf
18125,MN/CCP/83H08/2020/14,Manipur,,,,24.15,93.3,,,,uploaded landslide_report.pdf
18126,MN/CCP/83H11/2020/4,Manipur,,,,24.15,93.58,,,,uploaded landslide_report.pdf
18127,MN/CCP/83H11/2020/5,Manipur,,,,24.15,93.58,,,,uploaded landslide_report.pdf
18128,MN/CCP/83H11/2020/8,Manipur,,,,24.15,93.55,,,,uploaded landslide_report.pdf
18129,MN/CCP/83H12/2020/32,Manipur,,,,24.15,93.58,,,,uploaded landslide_report.pdf
18130,MN/CDL/83L04/2020/32,Manipur,,,,24.15,94.1,,,,uploaded landslide_report.pdf
18131,MN/CDL/83L04/2020/33,Manipur,,,,24.15,94.1,,,,uploaded landslide_report.pdf
18132,MN/CDL/83L04/2020/35,Manipur,,,,24.15,94.1,,,,uploaded landslide_report.pdf
18133,MN/CDL/83L04/2020/39,Manipur,,,,24.15,94.08,,,,uploaded landslide_report.pdf
18134,MN/CDL/83L04/2020/69,Manipur,,,,24.15,94.1,,,,uploaded landslide_report.pdf
18135,MN/CDL/83L04/2020/84,Manipur,,,,24.15,94.1,,,,uploaded landslide_report.pdf
18136,MN/CCP/83H08/2020/9,Manipur,,,,24.16,93.3,,,,uploaded landslide_report.pdf
18137,MN/CCP/83H08/2020/10,Manipur,,,,24.16,93.31,,,,uploaded landslide_report.pdf
18138,MN/CDL/83H16/2020/7,Manipur,,,,24.16,93.97,,,,uploaded landslide_report.pdf
18139,MN/CDL/83H16/2020/8,Manipur,,,,24.16,93.96,,,,uploaded landslide_report.pdf
18140,MN/CDL/83H16/2020/24,Manipur,,,,24.0,93.95,,,,uploaded landslide_report.pdf
18141,MN/CDL/83H16/2020/25,Manipur,,,,25.0,93.95,,,,uploaded landslide_report.pdf
18142,MN/CDL/83H16/2020/26,Manipur,,,,26.0,93.95,,,,uploaded landslide_report.pdf
18143,MN/CCP/83H08/2020/8,Manipur,,,,24.17,93.3,,,,uploaded landslide_report.pdf
18144,MN/CCP/83H12/2020/2,Manipur,,,,24.17,93.58,,,,uploaded landslide_report.pdf
18145,MN/CCP/83H12/2020/3,Manipur,,,,24.17,93.58,,,,uploaded landslide_report.pdf
18146,MN/CCP/83H12/2020/4,Manipur,,,,24.17,93.58,,,,uploaded landslide_report.pdf
18147,MN/CCP/83H12/2020/5,Manipur,,,,24.17,93.58,,,,uploaded landslide_report.pdf
18148,MN/CCP/83H12/2020/6,Manipur,,,,24.17,93.58,,,,uploaded landslide_report.pdf
18149,MN/CCP/83H12/2020/7,Manipur,,,,24.17,93.58,,,,uploaded landslide_report.pdf
18150,MN/CCP/83H12/2020/34,Manipur,,,,24.17,93.59,,,,uploaded landslide_report.pdf
18151,MN/CCP/83H12/2020/35,Manipur,,,,24.17,93.58,,,,uploaded landslide_report.pdf
18152,MN/CCP/83H12/2020/36,Manipur,,,,24.17,93.58,,,,uploaded landslide_report.pdf
18153,MN/CDL/83H16/2020/31,Manipur,,,,24.17,93.93,,,,uploaded landslide_report.pdf
18154,MN/CCP/83H11/2020/9,Manipur,,,,24.18,93.6,,,,uploaded landslide_report.pdf
18155,MN/CCP/83H12/2020/8,Manipur,,,,24.18,93.56,,,,uploaded landslide_report.pdf
18156,MN/CCP/83H12/2020/29,Manipur,,,,29.0,93.59,,,,uploaded landslide_report.pdf
18157,MN/CCP/83H12/2020/30,Manipur,,,,30.0,93.6,,,,uploaded landslide_report.pdf
18158,MN/CDL/83H16/2020/9,Manipur,,,,24.18,93.9,,,,uploaded landslide_report.pdf
18159,MN/CDL/83H16/2020/28,Manipur,,,,28.0,93.99,,,,uploaded landslide_report.pdf
18160,MN/CDL/83L04/2020/79,Manipur,,,,24.18,94.07,,,,uploaded landslide_report.pdf
18161,MN/CCP/83H08/2020/25,Manipur,,,,25.0,93.4,,,,uploaded landslide_report.pdf
18162,MN/CDL/83H16/2020/6,Manipur,,,,24.19,93.97,,,,uploaded landslide_report.pdf
18163,MN/CDL/83H16/2020/27,Manipur,,,,27.0,93.97,,,,uploaded landslide_report.pdf
18164,MN/CDL/83L04/2020/19,Manipur,,,,24.19,94.11,,,,uploaded landslide_report.pdf
18165,MN/CDL/83L04/2020/23,Manipur,,,,23.0,94.02,,,,uploaded landslide_report.pdf
18166,MN/CDL/83L04/2020/62,Manipur,,,,24.19,94.2,,,,uploaded landslide_report.pdf
18167,MN/CDL/83L04/2020/63,Manipur,,,,24.19,94.19,,,,uploaded landslide_report.pdf
18168,MN/CDL/83L04/2020/76,Manipur,,,,24.19,94.01,,,,uploaded landslide_report.pdf
18169,MN/PZL/83H04/2020/1,Manipur,,,,24.2,93.53,,,,uploaded landslide_report.pdf
18170,MN/PZL/83H04/2020/8,Manipur,,,,24.2,93.22,,,,uploaded landslide_report.pdf
18171,MN/CDL/83L04/2020/20,Manipur,,,,20.0,94.1,,,,uploaded landslide_report.pdf
18172,MN/CDL/83L04/2020/21,Manipur,,,,21.0,94.1,,,,uploaded landslide_report.pdf
18173,MN/CDL/83L04/2020/60,Manipur,,,,24.2,94.2,,,,uploaded landslide_report.pdf
18174,MN/CDL/83L04/2020/61,Manipur,,,,24.2,94.2,,,,uploaded landslide_report.pdf
18175,MN/PZL/83H04/2020/9,Manipur,,,,24.21,93.21,,,,uploaded landslide_report.pdf
18176,MN/PZL/83H04/2020/10,Manipur,,,,24.21,93.21,,,,uploaded landslide_report.pdf
18177,MN/PZL/83H04/2020/11,Manipur,,,,24.21,93.21,,,,uploaded landslide_report.pdf
18178,MN/CCP/83H08/2020/7,Manipur,,,,24.21,93.3,,,,uploaded landslide_report.pdf
18179,MN/CCP/83H08/2020/21,Manipur,,,,21.0,93.29,,,,uploaded landslide_report.pdf
18180,MN/CCP/83H08/2020/22,Manipur,,,,22.0,93.28,,,,uploaded landslide_report.pdf
18181,MN/CDL/83L04/2020/12,Manipur,,,,24.21,94.22,,,,uploaded landslide_report.pdf
18182,MN/PZL/83H04/2020/12,Manipur,,,,24.22,93.2,,,,uploaded landslide_report.pdf
18183,MN/CCP/83H08/2020/5,Manipur,,,,24.22,93.3,,,,uploaded landslide_report.pdf
18184,MN/CCP/83H08/2020/6,Manipur,,,,24.22,93.3,,,,uploaded landslide_report.pdf
18185,MN/CDL/83H16/2020/10,Manipur,,,,24.22,93.88,,,,uploaded landslide_report.pdf
18186,MN/CDL/83L04/2020/1,Manipur,,,,24.22,94.24,,,,uploaded landslide_report.pdf
18187,MN/CDL/83L04/2020/2,Manipur,,,,24.22,94.09,,,,uploaded landslide_report.pdf
18188,MN/CDL/83L04/2020/3,Manipur,,,,24.22,94.09,,,,uploaded landslide_report.pdf
18189,MN/CDL/83L04/2020/34,Manipur,,,,24.22,94.11,,,,uploaded landslide_report.pdf
18190,MN/CDL/83L04/2020/45,Manipur,,,,24.22,94.07,,,,uploaded landslide_report.pdf
18191,MN/CDL/83L04/2020/56,Manipur,,,,24.22,94.08,,,,uploaded landslide_report.pdf
18192,MN/CDL/83L04/2020/67,Manipur,,,,24.22,94.08,,,,uploaded landslide_report.pdf
18193,MN/CDL/83L04/2020/78,Manipur,,,,24.22,94.08,,,,uploaded landslide_report.pdf
18194,MN/CDL/83L04/2020/85,Manipur,,,,24.22,94.09,,,,uploaded landslide_report.pdf
18195,MN/CDL/83L04/2020/87,Manipur,,,,24.22,94.26,,,,uploaded landslide_report.pdf
18196,MN/PZL/83H04/2020/4,Manipur,,,,24.23,93.09,,,,uploaded landslide_report.pdf
18197,MN/PZL/83H04/2020/5,Manipur,,,,24.23,93.08,,,,uploaded landslide_report.pdf
18198,MN/PZL/83H04/2020/6,Manipur,,,,24.23,93.08,,,,uploaded landslide_report.pdf
18199,MN/PZL/83H04/2020/7,Manipur,,,,24.23,93.08,,,,uploaded landslide_report.pdf
18200,MN/PZL/83H04/2020/13,Manipur,,,,24.23,93.19,,,,uploaded landslide_report.pdf
18201,MN/CDL/83H16/2020/15,Manipur,,,,24.23,93.93,,,,uploaded landslide_report.pdf
18202,MN/CDL/83H16/2020/16,Manipur,,,,24.23,93.94,,,,uploaded landslide_report.pdf
18203,MN/PZL/83H03/2020/18,Manipur,,,,24.24,93.1,,,,uploaded landslide_report.pdf
18204,MN/PZL/83H04/2020/2,Manipur,,,,24.24,93.18,,,,uploaded landslide_report.pdf
18205,MN/PZL/83H04/2020/3,Manipur,,,,24.24,93.1,,,,uploaded landslide_report.pdf
18206,MN/PZL/83H04/2020/14,Manipur,,,,24.24,93.19,,,,uploaded landslide_report.pdf
18207,MN/PZL/83H04/2020/15,Manipur,,,,24.24,93.19,,,,uploaded landslide_report.pdf
18208,MN/CCP/83H16/2020/1,Manipur,,,,24.24,93.85,,,,uploaded landslide_report.pdf
18209,MN/CDL/83L04/2020/82,Manipur,,,,24.24,94.08,,,,uploaded landslide_report.pdf
18210,MN/CHA/83L03/2018/59,Manipur,,,,24.246228,94.070389,,,,uploaded landslide_report.pdf
18211,MN/CCP/83H11/2020/33,Manipur,,,,24.25,93.66,,,,uploaded landslide_report.pdf
18212,MN/CDL/83L04/2020/80,Manipur,,,,24.25,94.08,,,,uploaded landslide_report.pdf
18213,MN/CDL/83L04/2020/81,Manipur,,,,24.25,94.07,,,,uploaded landslide_report.pdf
18214,MN/CHA/83L03/2018/53,Manipur,,,,24.2504,94.096483,,,,uploaded landslide_report.pdf
18215,MN/CHA/83L03/2018/35,Manipur,,,,24.250722,94.073861,,,,uploaded landslide_report.pdf
18216,MN/CHA/83L03/2018/61,Manipur,,,,24.251011,94.0873,,,,uploaded landslide_report.pdf
18217,MN/CHA/83L03/2018/60,Manipur,,,,24.253611,94.100258,,,,uploaded landslide_report.pdf
18218,MN/CHA/83L03/2018/34,Manipur,,,,24.256583,94.093111,,,,uploaded landslide_report.pdf
18219,MAN/CHAN/83L06/2007/C-8,Manipur,,,,24.25806,94.28722,,,,uploaded landslide_report.pdf
18220,MN/PZL/83H03/2020/16,Manipur,,,,24.26,93.1,,,,uploaded landslide_report.pdf
18221,MN/PZL/83H03/2020/17,Manipur,,,,24.26,93.1,,,,uploaded landslide_report.pdf
18222,MN/CHA/83L03/2018/62,Manipur,,,,24.264317,94.096472,,,,uploaded landslide_report.pdf
18223,MN/TEN/83L07/2018/3,Manipur,,,,24.264333,94.283806,,,,uploaded landslide_report.pdf
18224,MN/CHA/83L03/2018/10,Manipur,,,,24.267194,94.111889,,,,uploaded landslide_report.pdf
18225,MN/CHA/83L03/2018/64,Manipur,,,,24.267658,94.117506,,,,uploaded landslide_report.pdf
18226,MN/CHA/83L03/2018/65,Manipur,,,,24.267872,94.117978,,,,uploaded landslide_report.pdf
18227,MN/TEN/83L03/2018/36,Manipur,,,,24.267944,94.111556,,,,uploaded landslide_report.pdf
18228,MN/CHA/83L03/2018/66,Manipur,,,,24.268022,94.120806,,,,uploaded landslide_report.pdf
18229,MN/CHA/83L03/2018/33,Manipur,,,,24.268528,94.103861,,,,uploaded landslide_report.pdf
18230,MN/CHA/83L03/2018/63,Manipur,,,,24.269144,94.107397,,,,uploaded landslide_report.pdf
18231,MN/PZL/83H03/2020/1,Manipur,,,,24.27,93.18,,,,uploaded landslide_report.pdf
18232,MN/PZL/83H03/2020/15,Manipur,,,,24.27,93.11,,,,uploaded landslide_report.pdf
18233,MN/CCP/83H11/2020/26,Manipur,,,,26.0,93.67,,,,uploaded landslide_report.pdf
18234,MN/TEN/83L03/2018/37,Manipur,,,,24.270806,94.125139,,,,uploaded landslide_report.pdf
18235,MN/TEN/83L03/2018/32,Manipur,,,,24.271528,94.125667,,,,uploaded landslide_report.pdf
18236,MN/CHA/83L03/2018/2,Manipur,,,,24.272667,94.075083,,,,uploaded landslide_report.pdf
18237,MN/CHA/83L03/2018/3,Manipur,,,,24.272722,94.075111,,,,uploaded landslide_report.pdf
18238,MN/CHA/83L03/2018/56,Manipur,,,,24.27705,94.070089,,,,uploaded landslide_report.pdf
18239,MN/TEN/83L03/2018/31,Manipur,,,,24.277639,94.127278,,,,uploaded landslide_report.pdf
18240,MN/CHA/83L03/2018/57,Manipur,,,,24.279575,94.077164,,,,uploaded landslide_report.pdf
18241,MN/PZL/83H03/2020/12,Manipur,,,,24.28,93.18,,,,uploaded landslide_report.pdf
18242,MN/PZL/83H03/2020/13,Manipur,,,,24.28,93.11,,,,uploaded landslide_report.pdf
18243,MN/PZL/83H03/2020/14,Manipur,,,,24.28,93.11,,,,uploaded landslide_report.pdf
18244,MN/CCP/83H11/2020/25,Manipur,,,,25.0,93.68,,,,uploaded landslide_report.pdf
18245,MN/CHA/83L03/2018/4,Manipur,,,,24.280472,94.073833,,,,uploaded landslide_report.pdf
18246,MN/TEN/83L07/2018/4,Manipur,,,,24.284222,94.2805,,,,uploaded landslide_report.pdf
18247,MN/CHA/83L03/2018/12,Manipur,,,,24.285722,94.128222,,,,uploaded landslide_report.pdf
18248,MN/CHA/83L03/2018/11,Manipur,,,,24.28575,94.128222,,,,uploaded landslide_report.pdf
18249,MN/CHA/83L03/2018/1,Manipur,,,,24.287361,94.022917,,,,uploaded landslide_report.pdf
18250,MN/CHA/83L03/2018/58,Manipur,,,,24.289019,94.073331,,,,uploaded landslide_report.pdf
18251,MN/TEN/83L07/2018/5,Manipur,,,,24.289333,94.277139,,,,uploaded landslide_report.pdf
18252,MN/PZL/83H03/2020/9,Manipur,,,,24.29,93.12,,,,uploaded landslide_report.pdf
18253,MN/PZL/83H03/2020/10,Manipur,,,,24.29,93.11,,,,uploaded landslide_report.pdf
18254,MN/PZL/83H03/2020/11,Manipur,,,,24.29,93.12,,,,uploaded landslide_report.pdf
18255,MN/CCP/83H11/2020/24,Manipur,,,,24.0,93.68,,,,uploaded landslide_report.pdf
18256,MN/CHA/83L03/2018/55,Manipur,,,,24.290714,94.038094,,,,uploaded landslide_report.pdf
18257,MN/CHA/83L03/2018/13,Manipur,,,,24.291028,94.124056,,,,uploaded landslide_report.pdf
18258,MN/TEN/83L07/2018/6,Manipur,,,,24.291139,94.276139,,,,uploaded landslide_report.pdf
18259,MN/CHA/83L03/2018/14,Manipur,,,,24.298028,94.123583,,,,uploaded landslide_report.pdf
18260,MN/CCP/83H11/2020/32,Manipur,,,,24.3,93.69,,,,uploaded landslide_report.pdf
18261,MN/BNP/83H15/2020/5,Manipur,,,,24.3,93.84,,,,uploaded landslide_report.pdf
18262,MN/BNP/83H15/2020/6,Manipur,,,,24.3,93.84,,,,uploaded landslide_report.pdf
18263,MN/CHA/83L03/2018/52,Manipur,,,,24.301528,94.017972,,,,uploaded landslide_report.pdf
18264,MN/CHA/83L03/2018/5,Manipur,,,,24.301806,94.059917,,,,uploaded landslide_report.pdf
18265,MN/TEN/83L03/2018/46,Manipur,,,,24.303083,94.245056,,,,uploaded landslide_report.pdf
18266,MN/TEN/83L03/2018/47,Manipur,,,,24.304417,94.243889,,,,uploaded landslide_report.pdf
18267,MN/TEN/83L03/2018/48,Manipur,,,,24.309861,94.234639,,,,uploaded landslide_report.pdf
18268,MN/PZL/83H03/2020/6,Manipur,,,,24.31,93.13,,,,uploaded landslide_report.pdf
18269,MN/PZL/83H03/2020/7,Manipur,,,,24.31,93.12,,,,uploaded landslide_report.pdf
18270,MN/PZL/83H03/2020/8,Manipur,,,,24.31,93.12,,,,uploaded landslide_report.pdf
18271,MN/PZL/83H03/2020/19,Manipur,,,,24.31,93.18,,,,uploaded landslide_report.pdf
18272,MN/TEN/83L03/2018/49,Manipur,,,,24.313111,94.230444,,,,uploaded landslide_report.pdf
18273,MN/CHA/83H15/2018/3,Manipur,,,,24.314194,93.928861,,,,uploaded landslide_report.pdf
18274,MN/CHA/83H15/2018/4,Manipur,,,,24.314333,93.931361,,,,uploaded landslide_report.pdf
18275,MN/TEN/83L03/2018/9,Manipur,,,,24.316528,94.138083,,,,uploaded landslide_report.pdf
18276,MN/TEN/83L03/2018/8,Manipur,,,,24.316639,94.138139,,,,uploaded landslide_report.pdf
18277,MN/CHA/83L03/2018/54,Manipur,,,,24.317619,94.003678,,,,uploaded landslide_report.pdf
18278,MN/TEN/83L03/2018/30,Manipur,,,,30.0,94.144667,,,,uploaded landslide_report.pdf
18279,MN/PZL/83H03/2020/2,Manipur,,,,24.32,93.15,,,,uploaded landslide_report.pdf
18280,MN/PZL/83H03/2020/3,Manipur,,,,24.32,93.15,,,,uploaded landslide_report.pdf
18281,MN/PZL/83H03/2020/4,Manipur,,,,24.32,93.14,,,,uploaded landslide_report.pdf
18282,MN/PZL/83H03/2020/5,Manipur,,,,24.32,93.14,,,,uploaded landslide_report.pdf
18283,MN/PZL/83H03/2020/20,Manipur,,,,20.0,93.16,,,,uploaded landslide_report.pdf
18284,MN/CCP/83H07/2020/4,Manipur,,,,24.32,93.36,,,,uploaded landslide_report.pdf
18285,MN/CCP/83H07/2020/5,Manipur,,,,24.32,93.28,,,,uploaded landslide_report.pdf
18286,MN/CCP/83H11/2020/29,Manipur,,,,29.0,93.74,,,,uploaded landslide_report.pdf
18287,MN/CCP/83H11/2020/30,Manipur,,,,30.0,93.74,,,,uploaded landslide_report.pdf
18288,MN/CCP/83H11/2020/31,Manipur,,,,24.32,93.74,,,,uploaded landslide_report.pdf
18289,MN/BNP/83H15/2020/1,Manipur,,,,24.32,93.75,,,,uploaded landslide_report.pdf
18290,MN/BNP/83H15/2020/2,Manipur,,,,24.32,93.75,,,,uploaded landslide_report.pdf
18291,MN/BNP/83H15/2020/3,Manipur,,,,24.32,93.76,,,,uploaded landslide_report.pdf
18292,MN/BNP/83H15/2020/4,Manipur,,,,24.32,93.79,,,,uploaded landslide_report.pdf
18293,MN/TEN/83L03/2018/28,Manipur,,,,28.0,94.147306,,,,uploaded landslide_report.pdf
18294,MAN/CHAN/83L03/2007/C-9,Manipur,,,,24.3225,94.23361,,,,uploaded landslide_report.pdf
18295,MN/TEN/83L03/2018/29,Manipur,,,,29.0,94.151,,,,uploaded landslide_report.pdf
18296,MN/TEN/83L03/2018/7,Manipur,,,,24.323361,94.143556,,,,uploaded landslide_report.pdf
18297,MN/PZL/83H03/2020/21,Manipur,,,,21.0,93.15,,,,uploaded landslide_report.pdf
18298,MN/PZL/83H03/2020/22,Manipur,,,,22.0,93.16,,,,uploaded landslide_report.pdf
18299,MN/PZL/83H03/2020/23,Manipur,,,,23.0,93.15,,,,uploaded landslide_report.pdf
18300,MN/PZL/83H03/2020/24,Manipur,,,,24.0,93.15,,,,uploaded landslide_report.pdf
18301,MN/CCP/83H07/2020/1,Manipur,,,,24.33,93.3,,,,uploaded landslide_report.pdf
18302,MN/CCP/83H11/2020/1,Manipur,,,,24.33,93.66,,,,uploaded landslide_report.pdf
18303,MN/CCP/83H11/2020/23,Manipur,,,,23.0,93.55,,,,uploaded landslide_report.pdf
18304,MN/CCP/83H11/2020/27,Manipur,,,,27.0,93.67,,,,uploaded landslide_report.pdf
18305,MN/CCP/83H11/2020/45,Manipur,,,,24.33,93.53,,,,uploaded landslide_report.pdf
18306,MN/CCP/83H11/2020/48,Manipur,,,,24.33,93.55,,,,uploaded landslide_report.pdf
18307,MAN/CHAN/83L03/2007/C-11,Manipur,,,,24.34,94.22444,,,,uploaded landslide_report.pdf
18308,MN/CCP/83H07/2020/2,Manipur,,,,24.34,93.31,,,,uploaded landslide_report.pdf
18309,MN/CCP/83H07/2020/3,Manipur,,,,24.34,93.32,,,,uploaded landslide_report.pdf
18310,MN/CCP/83H11/2020/10,Manipur,,,,24.34,93.66,,,,uploaded landslide_report.pdf
18311,MN/CCP/83H11/2020/11,Manipur,,,,24.34,93.66,,,,uploaded landslide_report.pdf
18312,MN/CCP/83H11/2020/12,Manipur,,,,24.34,93.66,,,,uploaded landslide_report.pdf
18313,MN/CCP/83H11/2020/13,Manipur,,,,24.34,93.66,,,,uploaded landslide_report.pdf
18314,MN/CCP/83H11/2020/14,Manipur,,,,24.34,93.66,,,,uploaded landslide_report.pdf
18315,MN/CCP/83H11/2020/15,Manipur,,,,24.34,93.66,,,,uploaded landslide_report.pdf
18316,MN/CCP/83H11/2020/28,Manipur,,,,28.0,93.66,,,,uploaded landslide_report.pdf
18317,MN/CCP/83H11/2020/40,Manipur,,,,24.34,93.66,,,,uploaded landslide_report.pdf
18318,MN/CCP/83H11/2020/41,Manipur,,,,24.34,93.66,,,,uploaded landslide_report.pdf
18319,MN/CCP/83H11/2020/47,Manipur,,,,24.34,93.62,,,,uploaded landslide_report.pdf
18320,MN/CHA/83H15/2018/1,Manipur,,,,24.340028,93.977472,,,,uploaded landslide_report.pdf
18321,MN/CHA/83H15/2018/2,Manipur,,,,24.346028,93.954583,,,,uploaded landslide_report.pdf
18322,MN/CCP/83H08/2020/3,Manipur,,,,24.35,93.28,,,,uploaded landslide_report.pdf
18323,MN/CCP/83H11/2020/2,Manipur,,,,24.35,93.51,,,,uploaded landslide_report.pdf
18324,MN/CCP/83H11/2020/16,Manipur,,,,24.35,93.66,,,,uploaded landslide_report.pdf
18325,MN/CCP/83H11/2020/17,Manipur,,,,24.35,93.66,,,,uploaded landslide_report.pdf
18326,MN/CCP/83H11/2020/18,Manipur,,,,24.35,93.66,,,,uploaded landslide_report.pdf
18327,MN/CCP/83H11/2020/19,Manipur,,,,24.35,93.66,,,,uploaded landslide_report.pdf
18328,MN/CCP/83H11/2020/20,Manipur,,,,20.0,93.67,,,,uploaded landslide_report.pdf
18329,MN/CCP/83H11/2020/21,Manipur,,,,21.0,93.67,,,,uploaded landslide_report.pdf
18330,MN/CCP/83H11/2020/22,Manipur,,,,22.0,93.67,,,,uploaded landslide_report.pdf
18331,MN/CCP/83H11/2020/37,Manipur,,,,24.35,93.66,,,,uploaded landslide_report.pdf
18332,MN/CCP/83H11/2020/43,Manipur,,,,24.35,93.54,,,,uploaded landslide_report.pdf
18333,MN/CCP/83H11/2020/44,Manipur,,,,24.35,93.53,,,,uploaded landslide_report.pdf
18334,MN/CCP/83H11/2020/46,Manipur,,,,24.35,93.51,,,,uploaded landslide_report.pdf
18335,MN/TEN/83L07/2018/7,Manipur,,,,24.354814,94.258094,,,,uploaded landslide_report.pdf
18336,MN/CCP/83H08/2020/4,Manipur,,,,24.36,93.27,,,,uploaded landslide_report.pdf
18337,MN/CCP/83H11/2020/34,Manipur,,,,24.36,93.54,,,,uploaded landslide_report.pdf
18338,MN/CCP/83H11/2020/38,Manipur,,,,24.36,93.65,,,,uploaded landslide_report.pdf
18339,MN/CCP/83H11/2020/42,Manipur,,,,24.36,93.54,,,,uploaded landslide_report.pdf
18340,MN/TEN/83L03/2018/45,Manipur,,,,24.364861,94.174139,,,,uploaded landslide_report.pdf
18341,MN/TEN/83L03/2018/44,Manipur,,,,24.365611,94.1665,,,,uploaded landslide_report.pdf
18342,MN/TEN/83L03/2018/43,Manipur,,,,24.366806,94.163389,,,,uploaded landslide_report.pdf
18343,MN/CCP/83H07/2020/6,Manipur,,,,24.37,93.52,,,,uploaded landslide_report.pdf
18344,MN/CCP/83H08/2020/20,Manipur,,,,20.0,93.26,,,,uploaded landslide_report.pdf
18345,MN/CCP/83H11/2020/3,Manipur,,,,24.37,93.5,,,,uploaded landslide_report.pdf
18346,MN/CCP/83H11/2020/39,Manipur,,,,24.37,93.72,,,,uploaded landslide_report.pdf
18347,MN/TEN/83L03/2018/42,Manipur,,,,24.379417,94.154139,,,,uploaded landslide_report.pdf
18348,MN/CHA/83L03/2018/51,Manipur,,,,24.381906,94.213136,,,,uploaded landslide_report.pdf
18349,MN/TEN/83L03/2018/73,Manipur,,,,24.387658,94.151683,,,,uploaded landslide_report.pdf
18350,MN/TEN/83L03/2018/74,Manipur,,,,24.387708,94.155764,,,,uploaded landslide_report.pdf
18351,MN/TEN/83L03/2018/21,Manipur,,,,21.0,94.154361,,,,uploaded landslide_report.pdf
18352,MN/CHA/83L03/2018/6,Manipur,,,,24.391583,94.085806,,,,uploaded landslide_report.pdf
18353,MN/TEN/83L03/2018/41,Manipur,,,,24.404167,94.156667,,,,uploaded landslide_report.pdf
18354,MAN/CHAN/83L03/2007/C-10,Manipur,,,,24.40639,94.06583,,,,uploaded landslide_report.pdf
18355,MN/TEN/83L03/2018/81,Manipur,,,,24.407989,94.240544,,,,uploaded landslide_report.pdf
18356,MN/TEN/83L03/2018/80,Manipur,,,,24.408672,94.245139,,,,uploaded landslide_report.pdf
18357,MN/TEN/83L03/2018/40,Manipur,,,,24.416167,94.176167,,,,uploaded landslide_report.pdf
18358,MN/TEN/83L03/2018/38,Manipur,,,,24.4165,94.176944,,,,uploaded landslide_report.pdf
18359,MN/TEN/83L03/2018/39,Manipur,,,,24.417667,94.176806,,,,uploaded landslide_report.pdf
18360,MN/TEN/83L03/2018/22,Manipur,,,,22.0,94.182722,,,,uploaded landslide_report.pdf
18361,MN/CCP/83H11/2020/35,Manipur,,,,24.42,93.84,,,,uploaded landslide_report.pdf
18362,MN/CCP/83H11/2020/36,Manipur,,,,24.43,93.85,,,,uploaded landslide_report.pdf
18363,MN/TEN/83L07/2018/2,Manipur,,,,24.431056,94.259028,,,,uploaded landslide_report.pdf
18364,MN/TEN/83L03/2018/27,Manipur,,,,27.0,94.249544,,,,uploaded landslide_report.pdf
18365,MN/TEN/83L07/2018/1,Manipur,,,,24.433611,94.250611,,,,uploaded landslide_report.pdf
18366,MN/TEN/83L03/2018/26,Manipur,,,,26.0,94.249278,,,,uploaded landslide_report.pdf
18367,MN/TEN/83L03/2018/72,Manipur,,,,24.437169,94.18495,,,,uploaded landslide_report.pdf
18368,MN/TEN/83L03/2018/70,Manipur,,,,24.439842,94.184347,,,,uploaded landslide_report.pdf
18369,MN/TEN/83L03/2018/71,Manipur,,,,24.440033,94.184122,,,,uploaded landslide_report.pdf
18370,MN/TEN/83L03/2018/69,Manipur,,,,24.441683,94.179211,,,,uploaded landslide_report.pdf
18371,MN/TEN/83L03/2018/68,Manipur,,,,24.444011,94.173489,,,,uploaded landslide_report.pdf
18372,MN/CHA/83L03/2018/67,Manipur,,,,24.444067,94.169767,,,,uploaded landslide_report.pdf
18373,MN/TEN/83L03/2018/25,Manipur,,,,25.0,94.230583,,,,uploaded landslide_report.pdf
18374,MN/TEN/83L03/2018/24,Manipur,,,,24.0,94.229722,,,,uploaded landslide_report.pdf
18375,MN/TEN/83L03/2018/23,Manipur,,,,23.0,94.221778,,,,uploaded landslide_report.pdf
18376,MN/TEN/83L03/2018/18,Manipur,,,,24.454953,94.225406,,,,uploaded landslide_report.pdf
18377,MN/TEN/83L03/2018/17,Manipur,,,,24.456464,94.226856,,,,uploaded landslide_report.pdf
18378,MN/TEN/83L03/2018/16,Manipur,,,,24.4588,94.223469,,,,uploaded landslide_report.pdf
18379,MN/TEN/83L03/2018/15,Manipur,,,,24.462958,94.233667,,,,uploaded landslide_report.pdf
18380,MN/TEN/83L03/2018/83,Manipur,,,,24.489728,94.191686,,,,uploaded landslide_report.pdf
18381,MN/TEN/83L03/2018/77,Manipur,,,,24.490983,94.16515,,,,uploaded landslide_report.pdf
18382,MN/CHA/83L02/2018/20,Manipur,,,,20.0,94.160889,,,,uploaded landslide_report.pdf
18383,MN/TEN/83L03/2018/76,Manipur,,,,24.491669,94.163786,,,,uploaded landslide_report.pdf
18384,MN/TEN/83L03/2018/50,Manipur,,,,24.492333,94.143361,,,,uploaded landslide_report.pdf
18385,MN/TEN/83L03/2018/78,Manipur,,,,24.493294,94.179533,,,,uploaded landslide_report.pdf
18386,MN/TEN/83L03/2018/82,Manipur,,,,24.495,94.186181,,,,uploaded landslide_report.pdf
18387,MN/TEN/83L03/2018/75,Manipur,,,,24.496792,94.141878,,,,uploaded landslide_report.pdf
18388,MN/TEN/83L03/2018/19,Manipur,,,,24.497622,94.180403,,,,uploaded landslide_report.pdf
18389,MN/TEN/83L03/2018/79,Manipur,,,,24.499014,94.154514,,,,uploaded landslide_report.pdf
18390,MN/TEN/83L03/2018/84,Manipur,,,,24.499972,94.195769,,,,uploaded landslide_report.pdf
18391,MN/PZL/83H02/2020/42,Manipur,,,,24.5,93.12,,,,uploaded landslide_report.pdf
18392,MN/TEN/83L03/2018/85,Manipur,,,,24.501367,94.192292,,,,uploaded landslide_report.pdf
18393,MN/TEN/83L03/2018/20,Manipur,,,,20.0,94.180147,,,,uploaded landslide_report.pdf
18394,MN/CHA/83L02/2018/18,Manipur,,,,24.506528,94.180389,,,,uploaded landslide_report.pdf
18395,MN/PZL/83H02/2020/41,Manipur,,,,24.51,93.12,,,,uploaded landslide_report.pdf
18396,MN/PZL/83H02/2020/27,Manipur,,,,27.0,93.09,,,,uploaded landslide_report.pdf
18397,MN/PZL/83H02/2020/29,Manipur,,,,29.0,93.09,,,,uploaded landslide_report.pdf
18398,MN/PZL/83H02/2020/30,Manipur,,,,30.0,93.09,,,,uploaded landslide_report.pdf
18399,MN/PZL/83H02/2020/31,Manipur,,,,24.52,93.09,,,,uploaded landslide_report.pdf
18400,MN/PZL/83H02/2020/32,Manipur,,,,24.52,93.08,,,,uploaded landslide_report.pdf
18401,MN/PZL/83H02/2020/33,Manipur,,,,24.52,93.09,,,,uploaded landslide_report.pdf
18402,MN/PZL/83H02/2020/34,Manipur,,,,24.52,93.1,,,,uploaded landslide_report.pdf
18403,MN/PZL/83H02/2020/35,Manipur,,,,24.52,93.07,,,,uploaded landslide_report.pdf
18404,MN/PZL/83H02/2020/38,Manipur,,,,24.52,93.11,,,,uploaded landslide_report.pdf
18405,MN/PZL/83H02/2020/39,Manipur,,,,24.52,93.11,,,,uploaded landslide_report.pdf
18406,MN/PZL/83H02/2020/43,Manipur,,,,24.52,93.1,,,,uploaded landslide_report.pdf
18407,MN/PZL/83H02/2020/44,Manipur,,,,24.52,93.09,,,,uploaded landslide_report.pdf
18408,MN/PZL/83H02/2020/45,Manipur,,,,24.52,93.09,,,,uploaded landslide_report.pdf
18409,MN/BNP/83H14/2020/1,Manipur,,,,24.52,93.8,,,,uploaded landslide_report.pdf
18410,MN/CHA/83L02/2018/17,Manipur,,,,24.528778,94.156667,,,,uploaded landslide_report.pdf
18411,MN/CCR/83H02/2020/1,Manipur,,,,24.53,93.08,,,,uploaded landslide_report.pdf
18412,MN/CCR/83H02/2020/2,Manipur,,,,24.53,93.07,,,,uploaded landslide_report.pdf
18413,MN/CHU/83H10/2018/83,Manipur,,,,24.534017,93.680433,,,,uploaded landslide_report.pdf
18414,MN/CHU/83H10/2018/88,Manipur,,,,24.536556,93.670047,,,,uploaded landslide_report.pdf
18415,MN/CHU/83H10/2018/85,Manipur,,,,24.538817,93.676767,,,,uploaded landslide_report.pdf
18416,MN/PZL/83H02/2020/36,Manipur,,,,24.54,93.11,,,,uploaded landslide_report.pdf
18417,MN/CHU/83H10/2018/86,Manipur,,,,24.543806,93.676528,,,,uploaded landslide_report.pdf
18418,MN/CHU/83H10/2018/84,Manipur,,,,24.544361,93.674917,,,,uploaded landslide_report.pdf
18419,MN/CHU/83H10/2018/87,Manipur,,,,24.5465,93.671667,,,,uploaded landslide_report.pdf
18420,MN/CHU/83H10/2018/81,Manipur,,,,24.548053,93.709739,,,,uploaded landslide_report.pdf
18421,MN/CHU/83H10/2018/90,Manipur,,,,24.549256,93.667681,,,,uploaded landslide_report.pdf
18422,MN/CHU/83H10/2018/89,Manipur,,,,24.549944,93.668361,,,,uploaded landslide_report.pdf
18423,MN/CHU/83H10/2018/80,Manipur,,,,24.553572,93.711317,,,,uploaded landslide_report.pdf
18424,MN/THO/83L02/2018/16,Manipur,,,,24.553917,94.091167,,,,uploaded landslide_report.pdf
18425,MN/CHU/83H10/2018/82,Manipur,,,,24.595972,93.721889,,,,uploaded landslide_report.pdf
18426,MN/CHU/83H10/2018/39,Manipur,,,,24.599333,93.689722,,,,uploaded landslide_report.pdf
18427,MN/KAM/83L06/2018/20,Manipur,,,,20.0,94.358694,,,,uploaded landslide_report.pdf
18428,MN/CHU/83H10/2018/33,Manipur,,,,24.599858,93.725225,,,,uploaded landslide_report.pdf
18429,MN/CHU/83H10/2018/34,Manipur,,,,24.600083,93.725528,,,,uploaded landslide_report.pdf
18430,MN/CHU/83H10/2018/36,Manipur,,,,24.600231,93.695483,,,,uploaded landslide_report.pdf
18431,MN/CHU/83H10/2018/35,Manipur,,,,24.607528,93.713778,,,,uploaded landslide_report.pdf
18432,MN/KAM/83L06/2018/21,Manipur,,,,21.0,94.342873,,,,uploaded landslide_report.pdf
18433,MN/CHU/83H10/2018/38,Manipur,,,,24.612372,93.670775,,,,uploaded landslide_report.pdf
18434,MN/CHU/83H10/2018/37,Manipur,,,,24.612992,93.670236,,,,uploaded landslide_report.pdf
18435,MN/KAM/83L06/2018/22,Manipur,,,,22.0,94.33124,,,,uploaded landslide_report.pdf
18436,MN/NON/83H10/2018/31,Manipur,,,,24.614883,93.696186,,,,uploaded landslide_report.pdf
18437,MN/NON/83H10/2018/32,Manipur,,,,24.615033,93.695917,,,,uploaded landslide_report.pdf
18438,MN/NON/83H10/2018/30,Manipur,,,,30.0,93.696844,,,,uploaded landslide_report.pdf
18439,MN/KAM/83L06/2018/19,Manipur,,,,24.618157,94.309379,,,,uploaded landslide_report.pdf
18440,MN/KAM/83L06/2018/33,Manipur,,,,24.618583,94.308778,,,,uploaded landslide_report.pdf
18441,MN/NON/83H10/2018/29,Manipur,,,,29.0,93.705833,,,,uploaded landslide_report.pdf
18442,MN/JRM/83H02/2020/16,Manipur,,,,24.62,93.17,,,,uploaded landslide_report.pdf
18443,MN/NON/83H10/2018/67,Manipur,,,,24.624944,93.691556,,,,uploaded landslide_report.pdf
18444,MN/NON/83H10/2018/66,Manipur,,,,24.62595,93.692953,,,,uploaded landslide_report.pdf
18445,MN/NON/83H10/2018/58,Manipur,,,,24.626389,93.604389,,,,uploaded landslide_report.pdf
18446,MN/NON/83H10/2018/28,Manipur,,,,28.0,93.709444,,,,uploaded landslide_report.pdf
18447,MN/NON/83H10/2018/57,Manipur,,,,24.62775,93.604611,,,,uploaded landslide_report.pdf
18448,MN/NON/83H10/2018/59,Manipur,,,,24.628,93.603944,,,,uploaded landslide_report.pdf
18449,MN/NON/83H10/2018/56,Manipur,,,,24.628361,93.604917,,,,uploaded landslide_report.pdf
18450,MN/NON/83H10/2018/68,Manipur,,,,24.629861,93.695278,,,,uploaded landslide_report.pdf
18451,MN/NON/83H10/2018/55,Manipur,,,,24.630083,93.606139,,,,uploaded landslide_report.pdf
18452,MN/NON/83H10/2018/25,Manipur,,,,25.0,93.721889,,,,uploaded landslide_report.pdf
18453,MN/NON/83H10/2018/54,Manipur,,,,24.633083,93.610222,,,,uploaded landslide_report.pdf
18454,MN/NON/83H10/2018/26,Manipur,,,,26.0,93.719639,,,,uploaded landslide_report.pdf
18455,MN/NON/83H10/2018/27,Manipur,,,,27.0,93.719194,,,,uploaded landslide_report.pdf
18456,MN/NON/83H10/2018/60,Manipur,,,,24.636444,93.606694,,,,uploaded landslide_report.pdf
18457,MN/UKH/83L01/2018/49,Manipur,,,,24.637278,94.1725,,,,uploaded landslide_report.pdf
18458,MN/NON/83H10/2018/51,Manipur,,,,24.637769,93.612292,,,,uploaded landslide_report.pdf
18459,MN/NON/83H10/2018/5,Manipur,,,,24.637806,93.69075,,,,uploaded landslide_report.pdf
18460,MN/NON/83H10/2018/53,Manipur,,,,24.63875,93.611278,,,,uploaded landslide_report.pdf
18461,MN/NON/83H10/2018/52,Manipur,,,,24.639,93.611556,,,,uploaded landslide_report.pdf
18462,MN/NON/83H10/2018/4,Manipur,,,,24.639311,93.691111,,,,uploaded landslide_report.pdf
18463,MN/NON/83H10/2018/78,Manipur,,,,24.639361,93.659444,,,,uploaded landslide_report.pdf
18464,MN/NON/83H10/2018/50,Manipur,,,,24.639722,93.612222,,,,uploaded landslide_report.pdf
18465,MN/NON/83H10/2018/3,Manipur,,,,24.639806,93.691333,,,,uploaded landslide_report.pdf
18466,MN/NON/83H10/2018/48,Manipur,,,,24.640072,93.627392,,,,uploaded landslide_report.pdf
18467,MN/NON/83H10/2018/13,Manipur,,,,24.640639,93.620311,,,,uploaded landslide_report.pdf
18468,MN/NON/83H10/2018/63,Manipur,,,,24.641194,93.594472,,,,uploaded landslide_report.pdf
18469,MN/NON/83H10/2018/12,Manipur,,,,24.641369,93.623008,,,,uploaded landslide_report.pdf
18470,MN/NON/83H10/2018/62,Manipur,,,,24.641417,93.596611,,,,uploaded landslide_report.pdf
18471,MN/NON/83H10/2018/2,Manipur,,,,24.641444,93.691639,,,,uploaded landslide_report.pdf
18472,MN/NON/83H10/2018/77,Manipur,,,,24.641528,93.623694,,,,uploaded landslide_report.pdf
18473,MN/NON/83H10/2018/19,Manipur,,,,24.641747,93.640183,,,,uploaded landslide_report.pdf
18474,MN/NON/83H10/2018/40,Manipur,,,,24.64175,93.623222,,,,uploaded landslide_report.pdf
18475,MN/NON/83H10/2018/61,Manipur,,,,24.642722,93.602083,,,,uploaded landslide_report.pdf
18476,MN/NON/83H10/2018/49,Manipur,,,,24.644889,93.619583,,,,uploaded landslide_report.pdf
18477,MN/NON/83H10/2018/41,Manipur,,,,24.645275,93.628828,,,,uploaded landslide_report.pdf
18478,MN/KAM/83L06/2018/30,Manipur,,,,30.0,94.38249,,,,uploaded landslide_report.pdf
18479,MN/NON/83H10/2018/18,Manipur,,,,24.646197,93.671856,,,,uploaded landslide_report.pdf
18480,MN/NON/83H10/2018/17,Manipur,,,,24.646969,93.672364,,,,uploaded landslide_report.pdf
18481,MN/NON/83H10/2018/16,Manipur,,,,24.647011,93.672828,,,,uploaded landslide_report.pdf
18482,MN/NON/83H10/2018/15,Manipur,,,,24.649492,93.679522,,,,uploaded landslide_report.pdf
18483,MN/NON/83H09/2018/64,Manipur,,,,24.6525,93.676,,,,uploaded landslide_report.pdf
18484,MN/KAM/83L06/2018/29,Manipur,,,,29.0,94.389194,,,,uploaded landslide_report.pdf
18485,MN/NON/83H10/2018/14,Manipur,,,,24.653156,93.646406,,,,uploaded landslide_report.pdf
18486,MN/KAM/83L06/2018/5,Manipur,,,,24.655226,94.292756,,,,uploaded landslide_report.pdf
18487,MN/NON/83H10/2018/75,Manipur,,,,24.656306,93.580806,,,,uploaded landslide_report.pdf
18488,MN/NON/83H10/2018/65,Manipur,,,,24.658206,93.625503,,,,uploaded landslide_report.pdf
18489,MN/NON/83H10/2018/11,Manipur,,,,24.660825,93.632156,,,,uploaded landslide_report.pdf
18490,MN/NON/83H10/2018/64,Manipur,,,,24.662664,93.62825,,,,uploaded landslide_report.pdf
18491,MN/NON/83H09/2018/63,Manipur,,,,24.663889,93.679056,,,,uploaded landslide_report.pdf
18492,MN/NON/83H10/2018/76,Manipur,,,,24.664694,93.532361,,,,uploaded landslide_report.pdf
18493,MN/KAM/83L06/2018/4,Manipur,,,,24.664707,94.29025,,,,uploaded landslide_report.pdf
18494,MN/KAM/83L06/2018/32,Manipur,,,,24.664737,94.290345,,,,uploaded landslide_report.pdf
18495,MN/NON/83H10/2018/20,Manipur,,,,20.0,93.676944,,,,uploaded landslide_report.pdf
18496,MN/KAM/83L06/2018/18,Manipur,,,,24.668389,94.285472,,,,uploaded landslide_report.pdf
18497,MN/KAM/83L06/2018/10,Manipur,,,,24.672316,94.26374,,,,uploaded landslide_report.pdf
18498,MN/NON/83H10/2018/8,Manipur,,,,24.672406,93.696858,,,,uploaded landslide_report.pdf
18499,MN/NON/83H10/2018/9,Manipur,,,,24.672569,93.6973,,,,uploaded landslide_report.pdf
18500,MN/KAM/83L06/2018/14,Manipur,,,,24.6735,94.270702,,,,uploaded landslide_report.pdf
18501,MN/KAM/83L06/2018/9,Manipur,,,,24.673582,94.270534,,,,uploaded landslide_report.pdf
18502,MN/KAM/83L06/2018/15,Manipur,,,,24.676078,94.253133,,,,uploaded landslide_report.pdf
18503,MN/KAM/83L06/2018/7,Manipur,,,,24.676323,94.253976,,,,uploaded landslide_report.pdf
18504,MN/KAM/83L06/2018/16,Manipur,,,,24.677303,94.253445,,,,uploaded landslide_report.pdf
18505,MN/KAM/83L06/2018/17,Manipur,,,,24.67916,94.252632,,,,uploaded landslide_report.pdf
18506,MN/NON/83H10/2018/21,Manipur,,,,21.0,93.669667,,,,uploaded landslide_report.pdf
18507,MN/JRM/83H02/2020/14,Manipur,,,,24.68,93.11,,,,uploaded landslide_report.pdf
18508,MN/KAN/83L02/2018/1,Manipur,,,,24.682167,94.138111,,,,uploaded landslide_report.pdf
18509,MN/KAN/83L02/2018/15,Manipur,,,,24.682778,94.140056,,,,uploaded landslide_report.pdf
18510,MN/KAM/83L06/2018/13,Manipur,,,,24.682833,94.269306,,,,uploaded landslide_report.pdf
18511,MN/NON/83H10/2018/10,Manipur,,,,24.683139,93.696258,,,,uploaded landslide_report.pdf
18512,MN/KAM/83L06/2018/31,Manipur,,,,24.683139,94.400917,,,,uploaded landslide_report.pdf
18513,MN/KAM/83L06/2018/6,Manipur,,,,24.683238,94.267283,,,,uploaded landslide_report.pdf
18514,MN/KAN/83L02/2018/6,Manipur,,,,24.683944,94.172778,,,,uploaded landslide_report.pdf
18515,MN/KAM/83L06/2018/8,Manipur,,,,24.684625,94.264253,,,,uploaded landslide_report.pdf
18516,MN/KAN/83L02/2018/5,Manipur,,,,24.685,94.171278,,,,uploaded landslide_report.pdf
18517,MN/NON/83H10/2018/22,Manipur,,,,22.0,93.669,,,,uploaded landslide_report.pdf
18518,MN/KAN/83L02/2018/2,Manipur,,,,24.686028,94.145444,,,,uploaded landslide_report.pdf
18519,MN/KAN/83L02/2018/4,Manipur,,,,24.68625,94.170694,,,,uploaded landslide_report.pdf
18520,MN/KAN/83L02/2018/3,Manipur,,,,24.686417,94.153333,,,,uploaded landslide_report.pdf
18521,MN/KAM/83L06/2018/11,Manipur,,,,24.686651,94.258667,,,,uploaded landslide_report.pdf
18522,MN/KAM/83L06/2018/12,Manipur,,,,24.686833,94.2605,,,,uploaded landslide_report.pdf
18523,MN/KAM/83L06/2018/23,Manipur,,,,23.0,94.267306,,,,uploaded landslide_report.pdf
18524,MN/UKH/83L02/2018/23,Manipur,,,,23.0,94.165472,,,,uploaded landslide_report.pdf
18525,MN/NON/83H10/2018/42,Manipur,,,,24.689806,93.522583,,,,uploaded landslide_report.pdf
18526,MN/JRM/83H02/2020/20,Manipur,,,,20.0,93.12,,,,uploaded landslide_report.pdf
18527,MN/KAM/83L06/2018/1,Manipur,,,,24.691389,94.255917,,,,uploaded landslide_report.pdf
18528,MN/KAM/83L06/2018/25,Manipur,,,,25.0,94.250333,,,,uploaded landslide_report.pdf
18529,MN/KAM/83L06/2018/2,Manipur,,,,24.692373,94.257477,,,,uploaded landslide_report.pdf
18530,MN/KAM/83L06/2018/24,Manipur,,,,24.0,94.258355,,,,uploaded landslide_report.pdf
18531,MN/KAM/83L06/2018/3,Manipur,,,,24.69325,94.259444,,,,uploaded landslide_report.pdf
18532,MN/NON/83H10/2018/7,Manipur,,,,24.698392,93.644183,,,,uploaded landslide_report.pdf
18533,MN/NON/83H10/2018/6,Manipur,,,,24.699761,93.650047,,,,uploaded landslide_report.pdf
18534,MN/KAN/83L02/2018/8,Manipur,,,,24.700278,94.197611,,,,uploaded landslide_report.pdf
18535,MN/KAN/83L02/2018/9,Manipur,,,,24.700417,94.199306,,,,uploaded landslide_report.pdf
18536,MN/KAN/83L02/2018/10,Manipur,,,,24.702722,94.198722,,,,uploaded landslide_report.pdf
18537,MN/KAN/83L02/2018/7,Manipur,,,,24.704083,94.187361,,,,uploaded landslide_report.pdf
18538,MN/KAN/83L02/2018/11,Manipur,,,,24.708417,94.198278,,,,uploaded landslide_report.pdf
18539,MN/KAN/83L02/2018/12,Manipur,,,,24.709111,94.198528,,,,uploaded landslide_report.pdf
18540,MN/KAN/83L02/2018/13,Manipur,,,,24.7135,94.199417,,,,uploaded landslide_report.pdf
18541,MN/KAM/83L06/2018/28,Manipur,,,,28.0,94.360864,,,,uploaded landslide_report.pdf
18542,MN/KAN/83L02/2018/14,Manipur,,,,24.71475,94.217917,,,,uploaded landslide_report.pdf
18543,MN/KAN/83L02/2018/19,Manipur,,,,24.717889,94.2235,,,,uploaded landslide_report.pdf
18544,MN/NON/83H10/2018/47,Manipur,,,,24.718567,93.500017,,,,uploaded landslide_report.pdf
18545,MN/NON/83H10/2018/46,Manipur,,,,24.718914,93.508378,,,,uploaded landslide_report.pdf
18546,MN/NON/83H10/2018/45,Manipur,,,,24.719214,93.508903,,,,uploaded landslide_report.pdf
18547,MN/NON/83H10/2018/44,Manipur,,,,24.719397,93.509003,,,,uploaded landslide_report.pdf
18548,MN/JRM/83H02/2020/6,Manipur,,,,24.72,93.18,,,,uploaded landslide_report.pdf
18549,MN/JRM/83H02/2020/7,Manipur,,,,24.72,93.18,,,,uploaded landslide_report.pdf
18550,MN/JRM/83H02/2020/8,Manipur,,,,24.72,93.18,,,,uploaded landslide_report.pdf
18551,MN/JRM/83H02/2020/9,Manipur,,,,24.72,93.18,,,,uploaded landslide_report.pdf
18552,MN/JRM/83H02/2020/17,Manipur,,,,24.72,93.14,,,,uploaded landslide_report.pdf
18553,MN/JRM/83H02/2020/21,Manipur,,,,21.0,93.13,,,,uploaded landslide_report.pdf
18554,MN/JRM/83H02/2020/22,Manipur,,,,22.0,93.14,,,,uploaded landslide_report.pdf
18555,MN/JRM/83H02/2020/23,Manipur,,,,23.0,93.14,,,,uploaded landslide_report.pdf
18556,MN/NON/83H06/2018/7,Manipur,,,,24.720167,93.496944,,,,uploaded landslide_report.pdf
18557,MN/NON/83H06/2018/6,Manipur,,,,24.722472,93.492806,,,,uploaded landslide_report.pdf
18558,MN/NON/83H06/2018/5,Manipur,,,,24.723056,93.491833,,,,uploaded landslide_report.pdf
18559,MN/TAM/83H06/2018/10,Manipur,,,,24.724333,93.273111,,,,uploaded landslide_report.pdf
18560,MN/NON/83H10/2018/43,Manipur,,,,24.724406,93.514431,,,,uploaded landslide_report.pdf
18561,MN/UKH/83L02/2018/21,Manipur,,,,21.0,94.224861,,,,uploaded landslide_report.pdf
18562,MN/TAM/83H06/2018/9,Manipur,,,,24.728917,93.256389,,,,uploaded landslide_report.pdf
18563,MN/NON/83H06/2018/4,Manipur,,,,24.729944,93.485833,,,,uploaded landslide_report.pdf
18564,MN/JRM/83H02/2020/5,Manipur,,,,24.73,93.18,,,,uploaded landslide_report.pdf
18565,MN/JRM/83H02/2020/10,Manipur,,,,24.73,93.18,,,,uploaded landslide_report.pdf
18566,MN/JRM/83H02/2020/11,Manipur,,,,24.73,93.18,,,,uploaded landslide_report.pdf
18567,MN/JRM/83H02/2020/12,Manipur,,,,24.73,93.19,,,,uploaded landslide_report.pdf
18568,MN/JRM/83H02/2020/13,Manipur,,,,24.73,93.13,,,,uploaded landslide_report.pdf
18569,MN/JRM/83H02/2020/19,Manipur,,,,24.73,93.17,,,,uploaded landslide_report.pdf
18570,MN/JRM/83H02/2020/24,Manipur,,,,24.0,93.15,,,,uploaded landslide_report.pdf
18571,MN/NON/83H06/2018/3,Manipur,,,,24.730139,93.485389,,,,uploaded landslide_report.pdf
18572,MN/NON/83H06/2018/1,Manipur,,,,24.732139,93.479194,,,,uploaded landslide_report.pdf
18573,MN/NON/83H06/2018/2,Manipur,,,,24.732417,93.483139,,,,uploaded landslide_report.pdf
18574,MN/NON/83H10/2018/79,Manipur,,,,24.733256,93.701856,,,,uploaded landslide_report.pdf
18575,MN/TAM/83H06/2018/13,Manipur,,,,24.734233,93.293194,,,,uploaded landslide_report.pdf
18576,MN/TAM/83H06/2018/12,Manipur,,,,24.734806,93.296306,,,,uploaded landslide_report.pdf
18577,MN/TAM/83H06/2018/11,Manipur,,,,24.734861,93.296,,,,uploaded landslide_report.pdf
18578,MN/JRM/83H02/2020/3,Manipur,,,,24.74,93.15,,,,uploaded landslide_report.pdf
18579,MN/JRM/83H02/2020/4,Manipur,,,,24.74,93.16,,,,uploaded landslide_report.pdf
18580,MN/JRM/83H02/2020/18,Manipur,,,,24.74,93.12,,,,uploaded landslide_report.pdf
18581,MN/JRM/83H02/2020/25,Manipur,,,,25.0,93.15,,,,uploaded landslide_report.pdf
18582,MN/JRM/83H02/2020/26,Manipur,,,,26.0,93.15,,,,uploaded landslide_report.pdf
18583,MN/UKH/83L02/2018/22,Manipur,,,,22.0,94.221333,,,,uploaded landslide_report.pdf
18584,MN/KAM/83L06/2018/27,Manipur,,,,27.0,94.348327,,,,uploaded landslide_report.pdf
18585,MN/NON/83H05/2018/67,Manipur,,,,24.747694,93.462667,,,,uploaded landslide_report.pdf
18586,MN/NON/83H05/2018/72,Manipur,,,,24.747778,93.424528,,,,uploaded landslide_report.pdf
18587,MN/NON/83H05/2018/68,Manipur,,,,24.747833,93.462778,,,,uploaded landslide_report.pdf
18588,MN/NON/83H05/2018/71,Manipur,,,,24.75,93.427528,,,,uploaded landslide_report.pdf
18589,MN/NON/83H05/2018/66,Manipur,,,,24.75075,93.464944,,,,uploaded landslide_report.pdf
18590,MN/NON/83H05/2018/63,Manipur,,,,24.751111,93.459361,,,,uploaded landslide_report.pdf
18591,MN/NON/83H05/2018/65,Manipur,,,,24.751139,93.462806,,,,uploaded landslide_report.pdf
18592,MN/NON/83H05/2018/64,Manipur,,,,24.751222,93.459722,,,,uploaded landslide_report.pdf
18593,MN/NON/83H05/2018/69,Manipur,,,,24.751667,93.461667,,,,uploaded landslide_report.pdf
18594,MN/NON/83H10/2018/1,Manipur,,,,24.756089,93.622039,,,,uploaded landslide_report.pdf
18595,MN/NON/83H05/2018/61,Manipur,,,,24.7585,93.459139,,,,uploaded landslide_report.pdf
18596,MN/NON/83H05/2018/62,Manipur,,,,24.758778,93.456889,,,,uploaded landslide_report.pdf
18597,MN/NON/83H05/2018/60,Manipur,,,,24.759667,93.462694,,,,uploaded landslide_report.pdf
18598,MN/TAM/83H05/2018/86,Manipur,,,,24.761056,93.255167,,,,uploaded landslide_report.pdf
18599,MN/TAM/83H05/2018/85,Manipur,,,,24.762667,93.255556,,,,uploaded landslide_report.pdf
18600,MN/NON/83H05/2018/57,Manipur,,,,24.764917,93.45875,,,,uploaded landslide_report.pdf
18601,MN/NON/83H05/2018/59,Manipur,,,,24.764917,93.46125,,,,uploaded landslide_report.pdf
18602,MN/NON/83H05/2018/58,Manipur,,,,24.765361,93.460889,,,,uploaded landslide_report.pdf
18603,MN/NON/83H05/2018/56,Manipur,,,,24.766389,93.457722,,,,uploaded landslide_report.pdf
18604,MN/NON/83H05/2018/73,Manipur,,,,24.766472,93.434167,,,,uploaded landslide_report.pdf
18605,MN/TAM/83H05/2018/87,Manipur,,,,24.766556,93.319833,,,,uploaded landslide_report.pdf
18606,MN/NON/83H05/2018/55,Manipur,,,,24.766667,93.458111,,,,uploaded landslide_report.pdf
18607,MN/NON/83H05/2018/54,Manipur,,,,24.767,93.458139,,,,uploaded landslide_report.pdf
18608,MN/NON/83H05/2018/53,Manipur,,,,24.768472,93.457389,,,,uploaded landslide_report.pdf
18609,MN/TAM/83H05/2018/88,Manipur,,,,24.768556,93.314358,,,,uploaded landslide_report.pdf
18610,MN/NON/83H05/2018/52,Manipur,,,,24.768694,93.45725,,,,uploaded landslide_report.pdf
18611,MN/TAM/83H05/2018/89,Manipur,,,,24.768778,93.386806,,,,uploaded landslide_report.pdf
18612,MN/NON/83H05/2018/51,Manipur,,,,24.768917,93.457306,,,,uploaded landslide_report.pdf
18613,MN/NON/83H09/2018/55,Manipur,,,,24.769333,93.653722,,,,uploaded landslide_report.pdf
18614,MN/IMP/83L01/2018/52,Manipur,,,,24.769556,94.116778,,,,uploaded landslide_report.pdf
18615,MN/NON/83H05/2018/50,Manipur,,,,24.772806,93.457417,,,,uploaded landslide_report.pdf
18616,MN/THO/83L01/2018/50,Manipur,,,,24.773472,94.078972,,,,uploaded landslide_report.pdf
18617,MN/NON/83H05/2018/70,Manipur,,,,24.775167,93.440722,,,,uploaded landslide_report.pdf
18618,MN/NON/83H05/2018/46,Manipur,,,,24.775917,93.453139,,,,uploaded landslide_report.pdf
18619,MN/NON/83H05/2018/84,Manipur,,,,24.775917,93.432611,,,,uploaded landslide_report.pdf
18620,MN/NON/83H05/2018/48,Manipur,,,,24.775972,93.457139,,,,uploaded landslide_report.pdf
18621,MN/NON/83H05/2018/49,Manipur,,,,24.776028,93.457083,,,,uploaded landslide_report.pdf
18622,MN/NON/83H05/2018/47,Manipur,,,,24.776583,93.456056,,,,uploaded landslide_report.pdf
18623,MN/KAM/83L09/2017/50,Manipur,,,,24.776694,94.599472,,,,uploaded landslide_report.pdf
18624,MN/KAM/83L09/2017/49,Manipur,,,,24.777306,94.601889,,,,uploaded landslide_report.pdf
18625,MN/KAM/83L09/2017/48,Manipur,,,,24.777333,94.602278,,,,uploaded landslide_report.pdf
18626,MN/KAN/83H13/2018/19,Manipur,,,,24.777667,93.782806,,,,uploaded landslide_report.pdf
18627,MN/KAN/83H13/2018/1,Manipur,,,,24.778778,93.782778,,,,uploaded landslide_report.pdf
18628,MN/KAN/83H13/2018/12,Manipur,,,,24.77925,93.781,,,,uploaded landslide_report.pdf
18629,MN/NON/83H09/2018/43,Manipur,,,,24.779889,93.663889,,,,uploaded landslide_report.pdf
18630,MN/KAN/83H13/2018/2,Manipur,,,,24.782139,93.777611,,,,uploaded landslide_report.pdf
18631,MN/TAM/83H01/2018/52,Manipur,,,,24.7825,93.19944,,,,uploaded landslide_report.pdf
18632,MN/KAN/83H13/2018/3,Manipur,,,,24.783194,93.774694,,,,uploaded landslide_report.pdf
18633,MN/NON/83H05/2018/45,Manipur,,,,24.783806,93.455556,,,,uploaded landslide_report.pdf
18634,MN/KAN/83H13/2018/4,Manipur,,,,24.784556,93.777972,,,,uploaded landslide_report.pdf
18635,MN/NON/83H05/2018/43,Manipur,,,,24.784611,93.462278,,,,uploaded landslide_report.pdf
18636,MN/NON/83H09/2018/44,Manipur,,,,24.784611,93.659528,,,,uploaded landslide_report.pdf
18637,MN/NON/83H09/2018/51,Manipur,,,,24.785889,93.736861,,,,uploaded landslide_report.pdf
18638,MN/NON/83H09/2018/46,Manipur,,,,24.78725,93.696694,,,,uploaded landslide_report.pdf
18639,MN/NON/83H09/2018/4,Manipur,,,,24.787667,93.666667,,,,uploaded landslide_report.pdf
18640,MN/KAN/83H13/2018/6,Manipur,,,,24.788639,93.772167,,,,uploaded landslide_report.pdf
18641,MN/NON/83H05/2018/83,Manipur,,,,24.788889,93.441889,,,,uploaded landslide_report.pdf
18642,MN/KAN/83H13/2018/5,Manipur,,,,24.7895,93.774222,,,,uploaded landslide_report.pdf
18643,MN/NON/83H05/2018/44,Manipur,,,,24.789917,93.459806,,,,uploaded landslide_report.pdf
18644,MN/NON/83H09/2018/54,Manipur,,,,24.790386,93.657044,,,,uploaded landslide_report.pdf
18645,MN/NON/83H09/2018/6,Manipur,,,,24.791389,93.735417,,,,uploaded landslide_report.pdf
18646,MAN/TAM/83H09/2009-10/MN-,Manipur,,,,24.792333,93.658222,,,,uploaded landslide_report.pdf
18647,MN/NON/83H09/2018/3,Manipur,,,,24.794722,93.655778,,,,uploaded landslide_report.pdf
18648,MN/NON/83H09/2018/7,Manipur,,,,24.7955,93.736056,,,,uploaded landslide_report.pdf
18649,MN/TAM/83H01/2018/48,Manipur,,,,24.795814,93.230263,,,,uploaded landslide_report.pdf
18650,MN/NON/83H09/2018/50,Manipur,,,,24.796319,93.737025,,,,uploaded landslide_report.pdf
18651,MN/KAM/83L05/2018/6,Manipur,,,,24.796417,94.398786,,,,uploaded landslide_report.pdf
18652,MN/KAM/83L05/2018/9,Manipur,,,,24.796722,94.40925,,,,uploaded landslide_report.pdf
18653,MN/NON/83H09/2018/52,Manipur,,,,24.796944,93.737583,,,,uploaded landslide_report.pdf
18654,MN/KAM/83L05/2018/8,Manipur,,,,24.797,94.409028,,,,uploaded landslide_report.pdf
18655,MN/NON/83H09/2018/8,Manipur,,,,24.797278,93.737778,,,,uploaded landslide_report.pdf
18656,MN/TAM/83H01/2018/51,Manipur,,,,24.797951,93.214998,,,,uploaded landslide_report.pdf
18657,MN/NON/83H09/2018/9,Manipur,,,,24.798,93.736,,,,uploaded landslide_report.pdf
18658,MN/NON/83H10/2018/72,Manipur,,,,24.798028,93.735972,,,,uploaded landslide_report.pdf
18659,MN/NON/83H09/2018/75,Manipur,,,,24.798042,93.722439,,,,uploaded landslide_report.pdf
18660,MN/KAM/83L05/2018/7,Manipur,,,,24.798077,94.406137,,,,uploaded landslide_report.pdf
18661,MN/NON/83H09/2018/5,Manipur,,,,24.79825,93.724083,,,,uploaded landslide_report.pdf
18662,MN/TAM/83H05/2018/90,Manipur,,,,24.798278,93.394306,,,,uploaded landslide_report.pdf
18663,MN/NON/83H09/2018/2,Manipur,,,,24.798333,93.655056,,,,uploaded landslide_report.pdf
18664,MN/TAM/83H01/2018/50,Manipur,,,,24.79847,93.21583,,,,uploaded landslide_report.pdf
18665,MN/NON/83H05/2018/42,Manipur,,,,24.798806,93.464667,,,,uploaded landslide_report.pdf
18666,MN/NON/83H05/2018/82,Manipur,,,,24.799333,93.435417,,,,uploaded landslide_report.pdf
18667,MN/NON/83H09/2018/49,Manipur,,,,24.799689,93.706336,,,,uploaded landslide_report.pdf
18668,MN/NON/83H05/2018/40,Manipur,,,,24.8,93.472222,,,,uploaded landslide_report.pdf
18669,MN/NON/83H09/2018/53,Manipur,,,,24.800125,93.700025,,,,uploaded landslide_report.pdf
18670,MN/NON/83H09/2018/66,Manipur,,,,24.800556,93.674222,,,,uploaded landslide_report.pdf
18671,MN/NON/83H09/2018/47,Manipur,,,,24.800778,93.702611,,,,uploaded landslide_report.pdf
18672,MN/NON/83H09/2018/1,Manipur,,,,24.801111,93.653111,,,,uploaded landslide_report.pdf
18673,MN/NON/83H05/2018/39,Manipur,,,,24.801389,93.469444,,,,uploaded landslide_report.pdf
18674,MN/NON/83H10/2018/71,Manipur,,,,24.801681,93.736408,,,,uploaded landslide_report.pdf
18675,MN/NON/83H09/2018/48,Manipur,,,,24.802417,93.699175,,,,uploaded landslide_report.pdf
18676,MN/NON/83H05/2018/41,Manipur,,,,24.804167,93.471667,,,,uploaded landslide_report.pdf
18677,MN/NON/83H09/2018/10,Manipur,,,,24.80425,93.732861,,,,uploaded landslide_report.pdf
18678,MN/TAM/83H01/2018/57,Manipur,,,,24.804448,93.235711,,,,uploaded landslide_report.pdf
18679,MN/NON/83H10/2018/70,Manipur,,,,24.804586,93.655719,,,,uploaded landslide_report.pdf
18680,MN/TAM/83H01/2018/47,Manipur,,,,24.805138,93.23716,,,,uploaded landslide_report.pdf
18681,MN/KAM/83L05/2018/37,Manipur,,,,24.805342,94.322356,,,,uploaded landslide_report.pdf
18682,MN/TAM/83H01/2018/46,Manipur,,,,24.80592,93.23789,,,,uploaded landslide_report.pdf
18683,MN/NON/83H10/2018/73,Manipur,,,,24.806064,93.735478,,,,uploaded landslide_report.pdf
18684,MN/KAM/83L05/2018/5,Manipur,,,,24.806278,94.377056,,,,uploaded landslide_report.pdf
18685,MN/KAM/83L09/2017/7,Manipur,,,,24.806417,94.505778,,,,uploaded landslide_report.pdf
18686,MN/TAM/83H05/2018/91,Manipur,,,,24.806806,93.404806,,,,uploaded landslide_report.pdf
18687,MN/TAM/83H01/2018/44,Manipur,,,,24.80831,93.24264,,,,uploaded landslide_report.pdf
18688,MN/NON/83H09/2018/74,Manipur,,,,24.808611,93.729078,,,,uploaded landslide_report.pdf
18689,MN/NON/83H10/2018/69,Manipur,,,,24.808619,93.651094,,,,uploaded landslide_report.pdf
18690,MN/NON/83H09/2018/11,Manipur,,,,24.808639,93.735722,,,,uploaded landslide_report.pdf
18691,MN/KAM/83L05/2018/4,Manipur,,,,24.808874,94.368466,,,,uploaded landslide_report.pdf
18692,MN/NON/83H09/2018/12,Manipur,,,,24.809917,93.736111,,,,uploaded landslide_report.pdf
18693,MN/NON/83H05/2018/81,Manipur,,,,24.811139,93.417,,,,uploaded landslide_report.pdf
18694,MN/KAM/83L06/2018/26,Manipur,,,,26.0,94.355581,,,,uploaded landslide_report.pdf
18695,MN/NON/83H05/2018/79,Manipur,,,,24.811333,93.42275,,,,uploaded landslide_report.pdf
18696,MN/KAM/83L05/2018/10,Manipur,,,,24.812017,94.356051,,,,uploaded landslide_report.pdf
18697,MN/NON/83H05/2018/76,Manipur,,,,24.812083,93.433917,,,,uploaded landslide_report.pdf
18698,MN/NON/83H05/2018/80,Manipur,,,,24.812167,93.423,,,,uploaded landslide_report.pdf
18699,MN/KAM/83L09/2017/51,Manipur,,,,24.812611,94.581278,,,,uploaded landslide_report.pdf
18700,MAN/TAM/83H09/2009-10/MN-,Manipur,,,,24.8133,93.5472,,,,uploaded landslide_report.pdf
18701,MN/TGPL/83L03/2018/009,Manipur,,,,24.813306,93.243417,,,,uploaded landslide_report.pdf
18702,MN/TMLG/83H1/2016/01,Manipur,,,,24.813889,93.245222,,,,uploaded landslide_report.pdf
18703,MN/KAM/83L09/2017/45,Manipur,,,,24.81425,94.552028,,,,uploaded landslide_report.pdf
18704,MN/NON/83H05/2018/78,Manipur,,,,24.814333,93.428306,,,,uploaded landslide_report.pdf
18705,MN/KAM/83L05/2018/38,Manipur,,,,24.814386,94.32344,,,,uploaded landslide_report.pdf
18706,MN/TAM/83H01/2018/45,Manipur,,,,24.8145,93.246,,,,uploaded landslide_report.pdf
18707,MN/KAM/83L09/2017/46,Manipur,,,,24.814778,94.549639,,,,uploaded landslide_report.pdf
18708,MN/NON/83H05/2018/74,Manipur,,,,24.815361,93.441528,,,,uploaded landslide_report.pdf
18709,MN/KAM/83L09/2017/52,Manipur,,,,24.8155,94.572222,,,,uploaded landslide_report.pdf
18710,MN/NON/83H05/2018/75,Manipur,,,,24.815528,93.43725,,,,uploaded landslide_report.pdf
18711,MN/NON/83H09/2018/45,Manipur,,,,24.815617,93.686672,,,,uploaded landslide_report.pdf
18712,MN/NON/83H09/2018/13,Manipur,,,,24.815833,93.740194,,,,uploaded landslide_report.pdf
18713,MN/NON/83H05/2018/77,Manipur,,,,24.816111,93.443917,,,,uploaded landslide_report.pdf
18714,MN/NON/83H09/2018/38,Manipur,,,,24.816242,93.523119,,,,uploaded landslide_report.pdf
18715,MN/KAM/83L09/2017/47,Manipur,,,,24.817028,94.534528,,,,uploaded landslide_report.pdf
18716,MAN/TAM/83H09/2007/C-1,Manipur,,,,24.81722,93.51722,,,,uploaded landslide_report.pdf
18717,MAN/TAM/83H09/2009-10/MN-,Manipur,,,,24.8175,93.54908,,,,uploaded landslide_report.pdf
18718,MAN/TAM/83H09/2007/C-13,Manipur,,,,24.81778,93.51583,,,,uploaded landslide_report.pdf
18719,MN/NON/83H09/2018/80,Manipur,,,,24.817939,93.688678,,,,uploaded landslide_report.pdf
18720,MN/KAM/83L09/2017/6,Manipur,,,,24.817944,94.504472,,,,uploaded landslide_report.pdf
18721,MN/NON/83H06/2018/8,Manipur,,,,24.818,93.45,,,,uploaded landslide_report.pdf
18722,MAN/TAM/83H09/2009-10/MN-,Manipur,,,,24.81867,93.54819,,,,uploaded landslide_report.pdf
18723,MN/KAM/83L05/2018/34,Manipur,,,,24.818713,94.355182,,,,uploaded landslide_report.pdf
18724,MN/NON/83H09/2018/79,Manipur,,,,24.818936,93.688939,,,,uploaded landslide_report.pdf
18725,MN/KAM/83L05/2018/36,Manipur,,,,24.819694,94.352611,,,,uploaded landslide_report.pdf
18726,MN/NON/83H05/2018/18,Manipur,,,,24.819722,93.459972,,,,uploaded landslide_report.pdf
18727,MN/NON/83H09/2018/39,Manipur,,,,24.819975,93.576653,,,,uploaded landslide_report.pdf
18728,MN/WEI/83H13/2020/4,Manipur,,,,24.82,93.89,,,,uploaded landslide_report.pdf
18729,MN/KAM/83L05/2018/35,Manipur,,,,24.820222,94.352889,,,,uploaded landslide_report.pdf
18730,MAN/KAN/83K04/2017/01,Manipur,,,,24.82058,94.137,,,,uploaded landslide_report.pdf
18731,MN/NON/83H09/2018/35,Manipur,,,,24.820667,93.525444,,,,uploaded landslide_report.pdf
18732,MN/NON/83H09/2018/40,Manipur,,,,24.820728,93.575906,,,,uploaded landslide_report.pdf
18733,MN/KAM/83L09/2017/5,Manipur,,,,24.820833,94.504167,,,,uploaded landslide_report.pdf
18734,MN/KAM/83L09/2017/4,Manipur,,,,24.821028,94.50425,,,,uploaded landslide_report.pdf
18735,MN/NON/83H09/2018/77,Manipur,,,,24.822953,93.710756,,,,uploaded landslide_report.pdf
18736,MN/KAM/83L05/2018/64,Manipur,,,,24.823283,94.322722,,,,uploaded landslide_report.pdf
18737,MN/KAM/83L05/2018/11,Manipur,,,,24.823296,94.358767,,,,uploaded landslide_report.pdf
18738,MAN/TAM/83H09/2009-10/MN-,Manipur,,,,24.82375,93.523861,,,,uploaded landslide_report.pdf
18739,MN/NON/83H05/2018/38,Manipur,,,,24.824111,93.474139,,,,uploaded landslide_report.pdf
18740,MN/KAM/83L05/2018/65,Manipur,,,,24.824278,94.322472,,,,uploaded landslide_report.pdf
18741,MN/NON/83H05/2018/37,Manipur,,,,24.824611,93.476528,,,,uploaded landslide_report.pdf
18742,MN/KAM/83L05/2018/39,Manipur,,,,24.825889,94.348861,,,,uploaded landslide_report.pdf
18743,MN/KAM/83L09/2017/3,Manipur,,,,24.826361,94.5255,,,,uploaded landslide_report.pdf
18744,MN/NON/83H05/2018/19,Manipur,,,,24.826694,93.467944,,,,uploaded landslide_report.pdf
18745,MN/NON/83H05/2018/35,Manipur,,,,24.827,93.478472,,,,uploaded landslide_report.pdf
18746,MN/NON/83H05/2018/36,Manipur,,,,24.827778,93.479167,,,,uploaded landslide_report.pdf
18747,MN/NON/83H09/2018/78,Manipur,,,,24.829225,93.720472,,,,uploaded landslide_report.pdf
18748,MN/NON/83H09/2018/37,Manipur,,,,24.829333,93.507056,,,,uploaded landslide_report.pdf
18749,MN/WEI/83H13/2020/2,Manipur,,,,24.83,93.9,,,,uploaded landslide_report.pdf
18750,MN/WEI/83H13/2020/5,Manipur,,,,24.83,93.88,,,,uploaded landslide_report.pdf
18751,MN/KAM/83L05/2018/12,Manipur,,,,24.830202,94.357821,,,,uploaded landslide_report.pdf
18752,MN/NON/83H05/2018/20,Manipur,,,,20.0,93.466972,,,,uploaded landslide_report.pdf
18753,MN/KAM/83L05/2018/60,Manipur,,,,24.831028,94.334833,,,,uploaded landslide_report.pdf
18754,MN/KAM/83L05/2018/61,Manipur,,,,24.831167,94.334111,,,,uploaded landslide_report.pdf
18755,MN/KAM/83L05/2018/40,Manipur,,,,24.83125,94.339194,,,,uploaded landslide_report.pdf
18756,MN/KAM/83L05/2018/63,Manipur,,,,24.831526,94.32757,,,,uploaded landslide_report.pdf
18757,MN/NON/83H09/2018/36,Manipur,,,,24.831719,93.514025,,,,uploaded landslide_report.pdf
18758,MN/KAM/83L05/2018/59,Manipur,,,,24.831859,94.335718,,,,uploaded landslide_report.pdf
18759,MAN/TAM/83H05/2008/C-19,Manipur,,,,24.83278,93.46333,,,,uploaded landslide_report.pdf
18760,MN/KAM/83L05/2018/62,Manipur,,,,24.832817,94.330448,,,,uploaded landslide_report.pdf
18761,MN/KAM/83L05/2018/31,Manipur,,,,24.833278,94.349639,,,,uploaded landslide_report.pdf
18762,MN/UKH/83L01/2018/42,Manipur,,,,24.833889,94.220167,,,,uploaded landslide_report.pdf
18763,MN/KAM/83L05/2018/32,Manipur,,,,24.833889,94.346417,,,,uploaded landslide_report.pdf
18764,MN/IMP/83L01/2018/51,Manipur,,,,24.833944,94.08125,,,,uploaded landslide_report.pdf
18765,MN/NON/83H09/2018/65,Manipur,,,,24.834028,93.644,,,,uploaded landslide_report.pdf
18766,MN/NON/83H09/2018/41,Manipur,,,,24.834069,93.578039,,,,uploaded landslide_report.pdf
18767,MN/KAM/83L05/2018/30,Manipur,,,,30.0,94.353028,,,,uploaded landslide_report.pdf
18768,MN/NON/83H09/2018/76,Manipur,,,,24.834386,93.715025,,,,uploaded landslide_report.pdf
18769,MN/NON/83H05/2018/21,Manipur,,,,21.0,93.459167,,,,uploaded landslide_report.pdf
18770,MN/NON/83H05/2018/22,Manipur,,,,22.0,93.459083,,,,uploaded landslide_report.pdf
18771,MN/KAM/83L05/2018/13,Manipur,,,,24.834921,94.365211,,,,uploaded landslide_report.pdf
18772,MN/KAM/83L05/2018/43,Manipur,,,,24.835145,94.340419,,,,uploaded landslide_report.pdf
18773,MN/KAM/83L09/2017/2,Manipur,,,,24.835611,94.519722,,,,uploaded landslide_report.pdf
18774,MN/TMLG/83H5/2016/02,Manipur,,,,24.836194,93.481992,,,,uploaded landslide_report.pdf
18775,MN/NON/83H05/2018/33,Manipur,,,,24.836222,93.482111,,,,uploaded landslide_report.pdf
18776,MN/NON/83H05/2018/34,Manipur,,,,24.836222,93.482111,,,,uploaded landslide_report.pdf
18777,MN/KAM/83L05/2018/14,Manipur,,,,24.83636,94.37622,,,,uploaded landslide_report.pdf
18778,MN/KAM/83L05/2018/29,Manipur,,,,29.0,94.354848,,,,uploaded landslide_report.pdf
18779,MN/NON/83H05/2018/32,Manipur,,,,24.83725,93.494528,,,,uploaded landslide_report.pdf
18780,MN/KAM/83L05/2018/41,Manipur,,,,24.837576,94.337593,,,,uploaded landslide_report.pdf
18781,MN/KAM/83L05/2018/28,Manipur,,,,28.0,94.357139,,,,uploaded landslide_report.pdf
18782,MN/KAM/83L05/2018/27,Manipur,,,,27.0,94.357083,,,,uploaded landslide_report.pdf
18783,MN/KAM/83L05/2018/26,Manipur,,,,26.0,94.357083,,,,uploaded landslide_report.pdf
18784,MN/UKH/83L01/2018/40,Manipur,,,,24.839306,94.22575,,,,uploaded landslide_report.pdf
18785,MN/UKH/83L01/2018/41,Manipur,,,,24.839722,94.224944,,,,uploaded landslide_report.pdf
18786,MN/WEI/83H13/2020/1,Manipur,,,,24.84,93.9,,,,uploaded landslide_report.pdf
18787,MN/WEI/83H13/2020/3,Manipur,,,,24.84,93.91,,,,uploaded landslide_report.pdf
18788,MN/NON/83H05/2018/31,Manipur,,,,24.841472,93.495917,,,,uploaded landslide_report.pdf
18789,MN/KAM/83L05/2018/15,Manipur,,,,24.8415,94.361167,,,,uploaded landslide_report.pdf
18790,MN/NON/83H05/2018/30,Manipur,,,,30.0,93.498556,,,,uploaded landslide_report.pdf
18791,MN/KAM/83L09/2017/1,Manipur,,,,24.841944,94.512972,,,,uploaded landslide_report.pdf
18792,MN/NON/83H05/2018/29,Manipur,,,,29.0,93.499333,,,,uploaded landslide_report.pdf
18793,MN/KAM/83L05/2018/42,Manipur,,,,24.842538,94.325233,,,,uploaded landslide_report.pdf
18794,MN/KAM/83L05/2018/25,Manipur,,,,25.0,94.357583,,,,uploaded landslide_report.pdf
18795,MN/TAM/83H05/2018/100,Manipur,,,,24.842944,93.439972,,,,uploaded landslide_report.pdf
18796,MN/NON/83H05/2018/27,Manipur,,,,27.0,93.498778,,,,uploaded landslide_report.pdf
18797,MN/TAM/83H05/2018/101,Manipur,,,,24.846028,93.43875,,,,uploaded landslide_report.pdf
18798,MN/KAM/83L05/2018/44,Manipur,,,,24.846167,94.323778,,,,uploaded landslide_report.pdf
18799,MN/KAM/83L05/2018/24,Manipur,,,,24.0,94.358028,,,,uploaded landslide_report.pdf
18800,MN/KAM/83L05/2018/33,Manipur,,,,24.847436,94.325861,,,,uploaded landslide_report.pdf
18801,MN/KAM/83L05/2018/23,Manipur,,,,23.0,94.357889,,,,uploaded landslide_report.pdf
18802,MAN/TAM/83H05/2007/C-14,Manipur,,,,24.84833,93.45917,,,,uploaded landslide_report.pdf
18803,MAN/TAM/83H05/2008/C-17,Manipur,,,,24.84833,93.45917,,,,uploaded landslide_report.pdf
18804,MN/KAM/83L05/2018/16,Manipur,,,,24.849667,94.365306,,,,uploaded landslide_report.pdf
18805,MN/NON/83H05/2018/28,Manipur,,,,28.0,93.497583,,,,uploaded landslide_report.pdf
18806,MN/KAM/83L05/2018/22,Manipur,,,,22.0,94.361722,,,,uploaded landslide_report.pdf
18807,MN/TAM/83H05/2018/25,Manipur,,,,25.0,93.449389,,,,uploaded landslide_report.pdf
18808,MN/KAM/83L05/2018/19,Manipur,,,,24.851806,94.366083,,,,uploaded landslide_report.pdf
18809,MN/KAM/83L05/2018/20,Manipur,,,,20.0,94.366303,,,,uploaded landslide_report.pdf
18810,MN/KAM/83L05/2018/17,Manipur,,,,24.852222,94.369333,,,,uploaded landslide_report.pdf
18811,MN/TAM/83H05/2018/24,Manipur,,,,24.0,93.449639,,,,uploaded landslide_report.pdf
18812,MN/KAM/83L05/2018/18,Manipur,,,,24.853139,94.369875,,,,uploaded landslide_report.pdf
18813,MN/TAM/83H01/2018/56,Manipur,,,,24.85325,93.2449,,,,uploaded landslide_report.pdf
18814,MN/NON/83H09/2018/67,Manipur,,,,24.854044,93.585331,,,,uploaded landslide_report.pdf
18815,MN/TAM/83H05/2018/23,Manipur,,,,23.0,93.449036,,,,uploaded landslide_report.pdf
18816,MN/NON/83H09/2018/33,Manipur,,,,24.854806,93.573444,,,,uploaded landslide_report.pdf
18817,Manipur/Noney/83H09/2020/0,Manipur,,,,24.85536111,93.62402778,,,,uploaded landslide_report.pdf
18818,MN/UKH/83L01/2018/39,Manipur,,,,24.858778,94.233139,,,,uploaded landslide_report.pdf
18819,MN/NON/83H09/2018/32,Manipur,,,,24.860347,93.572383,,,,uploaded landslide_report.pdf
18820,MN/NON/83H10/2018/24,Manipur,,,,24.0,93.62675,,,,uploaded landslide_report.pdf
18821,MN/TAM/83H05/2018/10,Manipur,,,,24.860889,93.463222,,,,uploaded landslide_report.pdf
18822,MN/NON/83H10/2018/74,Manipur,,,,24.861264,93.627742,,,,uploaded landslide_report.pdf
18823,MAN/TAM/83H09/2009-10/MN-,Manipur,,,,24.862444,93.610639,,,,uploaded landslide_report.pdf
18824,MN/NON/83H09/2018/31,Manipur,,,,24.862444,93.598194,,,,uploaded landslide_report.pdf
18825,Manipur/Noney/83H09/2020/0,Manipur,,,,24.86269444,93.62405556,,,,uploaded landslide_report.pdf
18826,MN/NON/83H09/2018/34,Manipur,,,,24.862778,93.585333,,,,uploaded landslide_report.pdf
18827,MN/NON/83H10/2018/23,Manipur,,,,23.0,93.616397,,,,uploaded landslide_report.pdf
18828,MN/NON/83H09/2018/42,Manipur,,,,24.863272,93.574044,,,,uploaded landslide_report.pdf
18829,MN/NON/83H09/2018/30,Manipur,,,,30.0,93.598719,,,,uploaded landslide_report.pdf
18830,MN/NON/83H09/2018/29,Manipur,,,,29.0,93.598917,,,,uploaded landslide_report.pdf
18831,MN/NON/83H09/2018/56,Manipur,,,,24.864739,93.625244,,,,uploaded landslide_report.pdf
18832,MN/KAN/83H13/2018/16,Manipur,,,,24.864833,93.772583,,,,uploaded landslide_report.pdf
18833,MN/KAN/83H13/2018/15,Manipur,,,,24.866972,93.7745,,,,uploaded landslide_report.pdf
18834,MN/KAM/83L09/2017/25,Manipur,,,,25.0,94.566889,,,,uploaded landslide_report.pdf
18835,MN/NON/83H09/2018/58,Manipur,,,,24.867694,93.625858,,,,uploaded landslide_report.pdf
18836,MN/UKH/83L01/2018/38,Manipur,,,,24.869028,94.234611,,,,uploaded landslide_report.pdf
18837,MN/KAN/83H13/2018/9,Manipur,,,,24.869889,93.779444,,,,uploaded landslide_report.pdf
18838,MN/KAM/83L09/2017/20,Manipur,,,,20.0,94.592417,,,,uploaded landslide_report.pdf
18839,MN/KAM/83L09/2017/23,Manipur,,,,23.0,94.588778,,,,uploaded landslide_report.pdf
18840,MN/KAM/83L09/2017/22,Manipur,,,,22.0,94.589944,,,,uploaded landslide_report.pdf
18841,MN/KAM/83L09/2017/21,Manipur,,,,21.0,94.591111,,,,uploaded landslide_report.pdf
18842,MN/KAN/83H13/2018/8,Manipur,,,,24.871361,93.778667,,,,uploaded landslide_report.pdf
18843,MN/UKH/83L01/2018/37,Manipur,,,,24.871528,94.234056,,,,uploaded landslide_report.pdf
18844,MN/KAN/83H13/2018/14,Manipur,,,,24.871694,93.776861,,,,uploaded landslide_report.pdf
18845,MN/KAN/83H13/2018/7,Manipur,,,,24.871861,93.778111,,,,uploaded landslide_report.pdf
18846,MN/KAM/83L09/2017/24,Manipur,,,,24.0,94.580417,,,,uploaded landslide_report.pdf
18847,MN/NON/83H09/2018/57,Manipur,,,,24.872153,93.623861,,,,uploaded landslide_report.pdf
18848,MN/KAN/83H13/2018/13,Manipur,,,,24.872917,93.779167,,,,uploaded landslide_report.pdf
18849,MN/TAM/83H05/2018/11,Manipur,,,,24.874222,93.466667,,,,uploaded landslide_report.pdf
18850,MN/UKH/83L01/2018/36,Manipur,,,,24.8745,94.235833,,,,uploaded landslide_report.pdf
18851,MN/TAM/83H05/2018/99,Manipur,,,,24.877417,93.460583,,,,uploaded landslide_report.pdf
18852,MN/KAM/83L05/2018/45,Manipur,,,,24.883132,94.31281,,,,uploaded landslide_report.pdf
18853,MN/TAM/83H05/2018/9,Manipur,,,,24.883194,93.465667,,,,uploaded landslide_report.pdf
18854,MN/KAM/83L09/2017/19,Manipur,,,,24.884389,94.601306,,,,uploaded landslide_report.pdf
18855,MN/KAM/83L09/2017/15,Manipur,,,,24.884889,94.613222,,,,uploaded landslide_report.pdf
18856,MN/KAM/83L05/2018/46,Manipur,,,,24.8852,94.313301,,,,uploaded landslide_report.pdf
18857,MN/KAM/83L09/2017/16,Manipur,,,,24.887722,94.610194,,,,uploaded landslide_report.pdf
18858,MN/TAM/83H05/2018/8,Manipur,,,,24.888472,93.473028,,,,uploaded landslide_report.pdf
18859,MN/KAM/83L09/2017/18,Manipur,,,,24.888528,94.601694,,,,uploaded landslide_report.pdf
18860,MN/NON/83H09/2018/68,Manipur,,,,24.888556,93.641472,,,,uploaded landslide_report.pdf
18861,MN/KAM/83L05/2018/48,Manipur,,,,24.889031,94.306125,,,,uploaded landslide_report.pdf
18862,MN/NON/83H09/2018/62,Manipur,,,,24.890167,93.707572,,,,uploaded landslide_report.pdf
18863,MN/TAM/83H05/2018/26,Manipur,,,,26.0,93.466667,,,,uploaded landslide_report.pdf
18864,MN/KAM/83L09/2017/17,Manipur,,,,24.8905,94.607056,,,,uploaded landslide_report.pdf
18865,MN/KAM/83L05/2018/47,Manipur,,,,24.890806,94.319308,,,,uploaded landslide_report.pdf
18866,MN/UKH/83L01/2018/35,Manipur,,,,24.892028,94.238389,,,,uploaded landslide_report.pdf
18867,MN/KAM/83L05/2018/49,Manipur,,,,24.894359,94.320541,,,,uploaded landslide_report.pdf
18868,MN/KAM/83L05/2018/52,Manipur,,,,24.894944,94.323111,,,,uploaded landslide_report.pdf
18869,MN/UKH/83L01/2018/34,Manipur,,,,24.895,94.242972,,,,uploaded landslide_report.pdf
18870,MN/UKH/83L01/2018/33,Manipur,,,,24.895806,94.243944,,,,uploaded landslide_report.pdf
18871,MN/KAM/83L05/2018/53,Manipur,,,,24.897722,94.328472,,,,uploaded landslide_report.pdf
18872,MN/TAM/83H05/2018/7,Manipur,,,,24.898,93.487722,,,,uploaded landslide_report.pdf
18873,MN/UKH/83L05/2018/3,Manipur,,,,24.898438,94.328686,,,,uploaded landslide_report.pdf
18874,MN/KAM/83L05/2018/58,Manipur,,,,24.901194,94.342444,,,,uploaded landslide_report.pdf
18875,MAN/TAM/83H05/2008/C-18,Manipur,,,,24.90139,93.45389,,,,uploaded landslide_report.pdf
18876,MN/KAM/83L05/2018/56,Manipur,,,,24.901444,94.338306,,,,uploaded landslide_report.pdf
18877,MN/KAM/83L05/2018/57,Manipur,,,,24.901861,94.341944,,,,uploaded landslide_report.pdf
18878,MN/KAM/83L05/2018/66,Manipur,,,,24.906333,94.482917,,,,uploaded landslide_report.pdf
18879,MN/UKH/83L05/2018/2,Manipur,,,,24.90725,94.335333,,,,uploaded landslide_report.pdf
18880,MN/KAM/83L05/2018/54,Manipur,,,,24.908389,94.335056,,,,uploaded landslide_report.pdf
18881,MN/KAM/83L05/2018/55,Manipur,,,,24.908778,94.333417,,,,uploaded landslide_report.pdf
18882,MN/KAM/83L05/2018/51,Manipur,,,,24.909542,94.316778,,,,uploaded landslide_report.pdf
18883,MN/KAM/83L05/2018/67,Manipur,,,,24.909889,94.486778,,,,uploaded landslide_report.pdf
18884,MN/KAM/83L05/2018/50,Manipur,,,,24.910619,94.321092,,,,uploaded landslide_report.pdf
18885,MN/UKH/83L01/2018/32,Manipur,,,,24.911194,94.242111,,,,uploaded landslide_report.pdf
18886,MN/TAM/83H05/2018/5,Manipur,,,,24.911722,93.484361,,,,uploaded landslide_report.pdf
18887,MN/UKH/83L01/2018/31,Manipur,,,,24.913611,94.242028,,,,uploaded landslide_report.pdf
18888,MN/KAM/83L05/2018/69,Manipur,,,,24.91475,94.464944,,,,uploaded landslide_report.pdf
18889,MN/UKH/83L01/2018/30,Manipur,,,,30.0,94.242583,,,,uploaded landslide_report.pdf
18890,MN/KAM/83L09/2017/41,Manipur,,,,24.9155,94.578333,,,,uploaded landslide_report.pdf
18891,MN/KAM/83L09/2017/42,Manipur,,,,24.915806,94.578222,,,,uploaded landslide_report.pdf
18892,MN/KAM/83L05/2018/68,Manipur,,,,24.916083,94.486889,,,,uploaded landslide_report.pdf
18893,MN/TAM/83H05/2018/94,Manipur,,,,24.916444,93.481556,,,,uploaded landslide_report.pdf
18894,MN/TAM/83H05/2018/92,Manipur,,,,24.917278,93.471167,,,,uploaded landslide_report.pdf
18895,MN/KAM/83L09/2017/43,Manipur,,,,24.917611,94.576556,,,,uploaded landslide_report.pdf
18896,MN/KAM/83L09/2017/44,Manipur,,,,24.9179,94.0,,,,uploaded landslide_report.pdf
18897,MN/KAM/83L05/2018/70,Manipur,,,,24.919751,94.461919,,,,uploaded landslide_report.pdf
18898,MN/KAM/83L09/2017/39,Manipur,,,,24.919917,94.567111,,,,uploaded landslide_report.pdf
18899,MN/KAM/83L09/2017/40,Manipur,,,,24.920056,94.568778,,,,uploaded landslide_report.pdf
18900,MN/KAM/83L09/2017/38,Manipur,,,,24.921167,94.563361,,,,uploaded landslide_report.pdf
18901,MN/NON/83H09/2018/59,Manipur,,,,24.922861,93.633144,,,,uploaded landslide_report.pdf
18902,MN/KAM/83L09/2017/37,Manipur,,,,24.924528,94.559833,,,,uploaded landslide_report.pdf
18903,MN/UKH/83L05/2018/1,Manipur,,,,24.925194,94.337056,,,,uploaded landslide_report.pdf
18904,MN/NON/83H13/2018/001,Manipur,,,,24.9252,94.3371,,,,uploaded landslide_report.pdf
18905,MN/KAN/83H13/2018/11,Manipur,,,,24.927139,93.789333,,,,uploaded landslide_report.pdf
18906,MN/KAN/83H13/2018/10,Manipur,,,,24.930056,93.797167,,,,uploaded landslide_report.pdf
18907,MN/UKH/83L01/2018/3,Manipur,,,,24.930278,94.149361,,,,uploaded landslide_report.pdf
18908,MN/TAM/83H05/2018/93,Manipur,,,,24.930806,93.444833,,,,uploaded landslide_report.pdf
18909,MN/UKH/83L01/2018/4,Manipur,,,,24.930944,94.151639,,,,uploaded landslide_report.pdf
18910,MN/UKH/83L01/2018/28,Manipur,,,,28.0,94.227111,,,,uploaded landslide_report.pdf
18911,MN/UKH/83L01/2018/29,Manipur,,,,29.0,94.228917,,,,uploaded landslide_report.pdf
18912,MN/KAM/83L05/2018/21,Manipur,,,,21.0,94.417417,,,,uploaded landslide_report.pdf
18913,MN/KAM/83L05/2018/71,Manipur,,,,24.934336,94.460091,,,,uploaded landslide_report.pdf
18914,MN/UKH/83L01/2018/2,Manipur,,,,24.934833,94.184944,,,,uploaded landslide_report.pdf
18915,MN/NON/83H09/2018/73,Manipur,,,,24.935611,93.654444,,,,uploaded landslide_report.pdf
18916,MN/UKH/83L01/2018/1,Manipur,,,,24.936361,94.160028,,,,uploaded landslide_report.pdf
18917,MN/KAM/83L09/2017/36,Manipur,,,,24.938361,94.549556,,,,uploaded landslide_report.pdf
18918,MN/UKH/83L01/2018/20,Manipur,,,,20.0,94.181861,,,,uploaded landslide_report.pdf
18919,MN/KAM/83L09/2017/35,Manipur,,,,24.938806,94.549278,,,,uploaded landslide_report.pdf
18920,MN/KAM/83L09/2017/34,Manipur,,,,24.939167,94.548889,,,,uploaded landslide_report.pdf
18921,MN/UKH/83L01/2018/44,Manipur,,,,24.940333,94.202556,,,,uploaded landslide_report.pdf
18922,MN/KAN/83H13/2018/17,Manipur,,,,24.940583,94.008889,,,,uploaded landslide_report.pdf
18923,MN/KAN/83H13/2018/18,Manipur,,,,24.940611,94.009083,,,,uploaded landslide_report.pdf
18924,MN/UKH/83L01/2018/5,Manipur,,,,24.940611,94.1515,,,,uploaded landslide_report.pdf
18925,MN/UKH/83L01/2018/45,Manipur,,,,24.940944,94.201889,,,,uploaded landslide_report.pdf
18926,MN/UKH/83L01/2018/6,Manipur,,,,24.940972,94.151528,,,,uploaded landslide_report.pdf
18927,MN/UKH/83L01/2018/27,Manipur,,,,27.0,94.220861,,,,uploaded landslide_report.pdf
18928,MN/KAM/83L09/2017/33,Manipur,,,,24.94225,94.541056,,,,uploaded landslide_report.pdf
18929,MN/TAM/83H05/2018/4,Manipur,,,,24.942778,93.495333,,,,uploaded landslide_report.pdf
18930,MN/KAM/83L05/2018/72,Manipur,,,,24.943258,94.457787,,,,uploaded landslide_report.pdf
18931,MN/NON/83H09/2018/60,Manipur,,,,24.943778,93.706472,,,,uploaded landslide_report.pdf
18932,MN/TAM/83H05/2018/95,Manipur,,,,24.943833,93.488917,,,,uploaded landslide_report.pdf
18933,MN/KAM/83L09/2017/32,Manipur,,,,24.944083,94.538667,,,,uploaded landslide_report.pdf
18934,MN/UKH/83L01/2018/7,Manipur,,,,24.946889,94.155111,,,,uploaded landslide_report.pdf
18935,MN/UKH/83L01/2018/23,Manipur,,,,23.0,94.191194,,,,uploaded landslide_report.pdf
18936,MN/UKH/83L01/2018/22,Manipur,,,,22.0,94.188889,,,,uploaded landslide_report.pdf
18937,MN/TAM/83H05/2018/3,Manipur,,,,24.94775,93.492889,,,,uploaded landslide_report.pdf
18938,MN/UKH/83L01/2018/21,Manipur,,,,21.0,94.187972,,,,uploaded landslide_report.pdf
18939,MN/KAM/83L09/2017/30,Manipur,,,,30.0,94.534778,,,,uploaded landslide_report.pdf
18940,MN/KAM/83L09/2017/31,Manipur,,,,24.948083,94.535556,,,,uploaded landslide_report.pdf
18941,MN/UKH/83L01/2018/8,Manipur,,,,24.948444,94.1555,,,,uploaded landslide_report.pdf
18942,MN/KAM/83L05/2018/78,Manipur,,,,24.948667,94.4835,,,,uploaded landslide_report.pdf
18943,MN/UKH/83L01/2018/9,Manipur,,,,24.949167,94.155389,,,,uploaded landslide_report.pdf
18944,MN/KAM/83L05/2018/77,Manipur,,,,24.949274,94.473427,,,,uploaded landslide_report.pdf
18945,MN/TAM/83H05/2018/96,Manipur,,,,24.950139,93.481278,,,,uploaded landslide_report.pdf
18946,MN/TAM/83H05/2018/97,Manipur,,,,24.950278,93.481917,,,,uploaded landslide_report.pdf
18947,MN/TAM/83H05/2018/98,Manipur,,,,24.950361,93.482333,,,,uploaded landslide_report.pdf
18948,MN/UKH/83L01/2018/15,Manipur,,,,24.950583,94.177778,,,,uploaded landslide_report.pdf
18949,MN/UKH/83L01/2018/19,Manipur,,,,24.950583,94.186028,,,,uploaded landslide_report.pdf
18950,MN/UKH/83L01/2018/16,Manipur,,,,24.951444,94.179278,,,,uploaded landslide_report.pdf
18951,MN/KAM/83L09/2017/29,Manipur,,,,29.0,94.529028,,,,uploaded landslide_report.pdf
18952,MN/TAM/83H05/2018/2,Manipur,,,,24.952611,93.487611,,,,uploaded landslide_report.pdf
18953,MN/KAM/83L05/2018/79,Manipur,,,,24.954887,94.493465,,,,uploaded landslide_report.pdf
18954,MN/UKH/83L01/2018/10,Manipur,,,,24.955167,94.157778,,,,uploaded landslide_report.pdf
18955,MN/UKH/83L01/2018/11,Manipur,,,,24.955972,94.157889,,,,uploaded landslide_report.pdf
18956,MN/KAM/83L09/2017/28,Manipur,,,,28.0,94.522278,,,,uploaded landslide_report.pdf
18957,MN/KAM/83L09/2017/27,Manipur,,,,27.0,94.520083,,,,uploaded landslide_report.pdf
18958,MN/UKH/83L01/2018/24,Manipur,,,,24.0,94.155694,,,,uploaded landslide_report.pdf
18959,MN/KAM/83L05/2018/73,Manipur,,,,24.957209,94.473616,,,,uploaded landslide_report.pdf
18960,MN/KAM/83L05/2018/74,Manipur,,,,24.957303,94.473342,,,,uploaded landslide_report.pdf
18961,MN/KAM/83L09/2017/26,Manipur,,,,26.0,94.50075,,,,uploaded landslide_report.pdf
18962,MN/UKH/83L01/2018/12,Manipur,,,,24.957833,94.162444,,,,uploaded landslide_report.pdf
18963,MN/KAM/83L05/2018/76,Manipur,,,,24.958261,94.473862,,,,uploaded landslide_report.pdf
18964,MN/KAM/83L09/2017/14,Manipur,,,,24.958833,94.618917,,,,uploaded landslide_report.pdf
18965,MN/KAM/83L09/2017/8,Manipur,,,,24.964694,94.6175,,,,uploaded landslide_report.pdf
18966,MN/NON/83H09/2018/61,Manipur,,,,24.965053,93.731514,,,,uploaded landslide_report.pdf
18967,MN/UKH/83L01/2018/13,Manipur,,,,24.969056,94.173528,,,,uploaded landslide_report.pdf
18968,MN/KAM/83L05/2018/75,Manipur,,,,24.969479,94.483082,,,,uploaded landslide_report.pdf
18969,MN/KAM/83L09/2017/9,Manipur,,,,24.970167,94.618,,,,uploaded landslide_report.pdf
18970,MN/TAM/83H09/2018/23,Manipur,,,,23.0,93.559056,,,,uploaded landslide_report.pdf
18971,MN/NON/83H09/2018/72,Manipur,,,,24.974128,93.666128,,,,uploaded landslide_report.pdf
18972,MN/NON/83H09/2018/70,Manipur,,,,24.975175,93.652939,,,,uploaded landslide_report.pdf
18973,MN/UKH/83L01/2018/25,Manipur,,,,25.0,94.155,,,,uploaded landslide_report.pdf
18974,MN/TAM/83H09/2018/24,Manipur,,,,24.0,93.567983,,,,uploaded landslide_report.pdf
18975,MN/TAM/83H09/2018/27,Manipur,,,,27.0,93.502639,,,,uploaded landslide_report.pdf
18976,MN/KAM/83L09/2017/10,Manipur,,,,24.978139,94.614861,,,,uploaded landslide_report.pdf
18977,MN/TAM/83H09/2018/26,Manipur,,,,26.0,93.502278,,,,uploaded landslide_report.pdf
18978,MN/TAM/83H05/2018/6,Manipur,,,,24.978444,93.5,,,,uploaded landslide_report.pdf
18979,MN/TAM/83H09/2018/18,Manipur,,,,24.978611,93.528278,,,,uploaded landslide_report.pdf
18980,MN/KAM/83L09/2017/11,Manipur,,,,24.98025,94.613972,,,,uploaded landslide_report.pdf
18981,MN/NON/83H09/2018/69,Manipur,,,,24.981031,93.654678,,,,uploaded landslide_report.pdf
18982,MN/TAM/83H09/2018/17,Manipur,,,,24.982611,93.52,,,,uploaded landslide_report.pdf
18983,MN/TAM/83H09/2018/16,Manipur,,,,24.982694,93.507,,,,uploaded landslide_report.pdf
18984,MN/UKH/83L01/2018/43,Manipur,,,,24.982917,94.162639,,,,uploaded landslide_report.pdf
18985,MN/NON/83H9/2018/006,Manipur,,,,24.983194,93.500417,,,,uploaded landslide_report.pdf
18986,MN/UKH/83L01/2018/48,Manipur,,,,24.983528,94.158333,,,,uploaded landslide_report.pdf
18987,MN/UKH/83L01/2018/26,Manipur,,,,26.0,94.158306,,,,uploaded landslide_report.pdf
18988,MN/TAM/83H05/2018/1,Manipur,,,,24.983806,93.497528,,,,uploaded landslide_report.pdf
18989,MN/TAM/83H09/2018/28,Manipur,,,,28.0,93.509861,,,,uploaded landslide_report.pdf
18990,MN/TAM/83H09/2018/19,Manipur,,,,24.984722,93.524917,,,,uploaded landslide_report.pdf
18991,MN/TMG/83H01/2018/001,Manipur,,,,24.985167,93.508306,,,,uploaded landslide_report.pdf
18992,MN/TAM/83H05/2018/16,Manipur,,,,24.985389,93.49275,,,,uploaded landslide_report.pdf
18993,MN/TMG/83H09/2018/002,Manipur,,,,24.98575,93.497389,,,,uploaded landslide_report.pdf
18994,MN/TAM/83H05/2018/17,Manipur,,,,24.985806,93.492972,,,,uploaded landslide_report.pdf
18995,MN/KAM/83L09/2017/12,Manipur,,,,24.985833,94.60825,,,,uploaded landslide_report.pdf
18996,MN/TAM/83H09/2018/14,Manipur,,,,24.985944,93.504944,,,,uploaded landslide_report.pdf
18997,MAN/TAM/83H09/2007/C-2,Manipur,,,,24.98611,93.50583,,,,uploaded landslide_report.pdf
18998,MN/TAM/83H05/2018/14,Manipur,,,,24.986333,93.494361,,,,uploaded landslide_report.pdf
18999,MN/TAM/83H05/2018/13,Manipur,,,,24.986444,93.494,,,,uploaded landslide_report.pdf
19000,MN/TAM/83H05/2018/15,Manipur,,,,24.986472,93.49425,,,,uploaded landslide_report.pdf
19001,MN/TAM/83H09/2018/22,Manipur,,,,22.0,93.506028,,,,uploaded landslide_report.pdf
19002,MAN/TAM/83H09/2007/C-3A,Manipur,,,,24.98722,93.50361,,,,uploaded landslide_report.pdf
19003,MAN/TAM/83H09/2007/C-3B,Manipur,,,,24.98722,93.50361,,,,uploaded landslide_report.pdf
19004,MN/TAM/83H09/2018/20,Manipur,,,,20.0,93.525333,,,,uploaded landslide_report.pdf
19005,MN/TAM/83H09/2018/21,Manipur,,,,21.0,93.506244,,,,uploaded landslide_report.pdf
19006,MN/TAM/83H09/2018/15,Manipur,,,,24.987583,93.506167,,,,uploaded landslide_report.pdf
19007,MN/TAM/83H05/2018/12,Manipur,,,,24.987667,93.494361,,,,uploaded landslide_report.pdf
19008,MN/NON/83H09/2018/71,Manipur,,,,24.987986,93.671258,,,,uploaded landslide_report.pdf
19009,MN/TAM/83H09/2018/25,Manipur,,,,25.0,93.507075,,,,uploaded landslide_report.pdf
19010,MN/UKH/83L01/2018/17,Manipur,,,,24.989944,94.233611,,,,uploaded landslide_report.pdf
19011,MAN/TAM/83H09/2007/C-7A,Manipur,,,,24.99083,93.50583,,,,uploaded landslide_report.pdf
19012,MAN/TAM/83H09/2007/C-7B,Manipur,,,,24.99083,93.50583,,,,uploaded landslide_report.pdf
19013,MN/UKH/83L01/2018/18,Manipur,,,,24.991444,94.2345,,,,uploaded landslide_report.pdf
19014,MN/KAM/83L09/2017/13,Manipur,,,,24.991833,94.603306,,,,uploaded landslide_report.pdf
19015,MN/UKL/83L01/2018/008,Manipur,,,,24.992889,94.230583,,,,uploaded landslide_report.pdf
19016,MAN/TAM/83H05/2007/C-5,Manipur,,,,24.99306,93.4975,,,,uploaded landslide_report.pdf
19017,MN/UKH/83L01/2018/14,Manipur,,,,24.994278,94.205917,,,,uploaded landslide_report.pdf
19018,MN/KAN/83L01/2018/46,Manipur,,,,24.996444,94.021444,,,,uploaded landslide_report.pdf
19019,MAN/TAM/83H09/2007/C-6,Manipur,,,,24.99694,93.50222,,,,uploaded landslide_report.pdf
19020,MN/KAN/83L01/2018/47,Manipur,,,,24.997972,94.020444,,,,uploaded landslide_report.pdf
19021,MAN/UKH/83K08/2015/008,Manipur,,,,25.002611,94.330278,,,,uploaded landslide_report.pdf
19022,MAN/TAM/83G12/2017/0054,Manipur,,,,25.006694,93.523444,,,,uploaded landslide_report.pdf
19023,MAN/UKH/83K08/2015/013,Manipur,,,,25.007917,94.452972,,,,uploaded landslide_report.pdf
19024,MAN/UKH/83K08/2015/007,Manipur,,,,25.010139,94.317306,,,,uploaded landslide_report.pdf
19025,MAN/UKH/83K08/2015/014,Manipur,,,,25.012111,94.464833,,,,uploaded landslide_report.pdf
19026,MAN/TAM/83G12/2017/0056,Manipur,,,,25.013083,93.530111,,,,uploaded landslide_report.pdf
19027,MAN/TAM/83G12/2017/0055,Manipur,,,,25.013161,93.529758,,,,uploaded landslide_report.pdf
19028,MAN/TAM/83G12/2017/0057,Manipur,,,,25.013472,93.530472,,,,uploaded landslide_report.pdf
19029,MAN/SEN/83K04/2015/99,Manipur,,,,25.016375,94.021711,,,,uploaded landslide_report.pdf
19030,MAN/UKH/83K08/2015/006,Manipur,,,,25.019139,94.332472,,,,uploaded landslide_report.pdf
19031,MAN/UKH/83K08/2015/009,Manipur,,,,25.020361,94.4095,,,,uploaded landslide_report.pdf
19032,MAN/UKH/83K08/2015/015,Manipur,,,,25.023056,94.449306,,,,uploaded landslide_report.pdf
19033,MAN/UKH/83K08/2015/016,Manipur,,,,25.023111,94.449361,,,,uploaded landslide_report.pdf
19034,MAN/TAM/83G12/2017/0058,Manipur,,,,25.025472,93.537028,,,,uploaded landslide_report.pdf
19035,MAN/TAM/83G12/2017/0059,Manipur,,,,25.025639,93.537222,,,,uploaded landslide_report.pdf
19036,MAN/UKH/83K08/2015/010,Manipur,,,,25.027333,94.423583,,,,uploaded landslide_report.pdf
19037,MAN/UKH/83K08/2015/005,Manipur,,,,25.027528,94.316806,,,,uploaded landslide_report.pdf
19038,MAN/SEN/83K04/2015/98,Manipur,,,,25.028456,94.015522,,,,uploaded landslide_report.pdf
19039,MAN/TAM/83G12/2017/0060,Manipur,,,,25.029333,93.586167,,,,uploaded landslide_report.pdf
19040,MAN/UKH/83K08/2015/011,Manipur,,,,25.033278,94.431806,,,,uploaded landslide_report.pdf
19041,MAN/UKH/83K08/2015/012,Manipur,,,,25.033778,94.43625,,,,uploaded landslide_report.pdf
19042,MAN/UKH/83K08/2015/004,Manipur,,,,25.034611,94.31925,,,,uploaded landslide_report.pdf
19043,MAN/SEN/83K04/2015/100,Manipur,,,,25.038753,94.152236,,,,uploaded landslide_report.pdf
19044,MAN/SEN/83K04/2015/102,Manipur,,,,25.042333,94.241111,,,,uploaded landslide_report.pdf
19045,MAN/SEN/83K04/2015/101,Manipur,,,,25.044111,94.233778,,,,uploaded landslide_report.pdf
19046,MN/TMG/83H09/2018/001,Manipur,,,,25.047833,92.789306,,,,uploaded landslide_report.pdf
19047,MAN/UKH/83K08/2015/003,Manipur,,,,25.048417,94.332389,,,,uploaded landslide_report.pdf
19048,MN/UKH/83K12/2017/11,Manipur,,,,25.049,94.551028,,,,uploaded landslide_report.pdf
19049,MAN/TAM/83G12/2017/0061,Manipur,,,,25.049861,93.602389,,,,uploaded landslide_report.pdf
19050,MN/UKH/83K12/2017/12,Manipur,,,,25.050417,94.551167,,,,uploaded landslide_report.pdf
19051,MN/UKH/83K12/2017/10,Manipur,,,,25.050694,94.555139,,,,uploaded landslide_report.pdf
19052,MN/UKH/83K12/2017/9,Manipur,,,,25.05125,94.556111,,,,uploaded landslide_report.pdf
19053,MN/UKH/83K12/2017/13,Manipur,,,,25.051944,94.551111,,,,uploaded landslide_report.pdf
19054,MN/UKH/83K12/2017/14,Manipur,,,,25.052833,94.551083,,,,uploaded landslide_report.pdf
19055,MN/UKH/83K12/2017/15,Manipur,,,,25.054,94.550972,,,,uploaded landslide_report.pdf
19056,MAN/TAM/83G12/2017/0062,Manipur,,,,25.054083,93.603694,,,,uploaded landslide_report.pdf
19057,MN/UKH/83K12/2017/27,Manipur,,,,27.0,94.526528,,,,uploaded landslide_report.pdf
19058,MN/UKH/83K12/2017/16,Manipur,,,,25.054917,94.551306,,,,uploaded landslide_report.pdf
19059,MN/UKH/83K12/2017/26,Manipur,,,,26.0,94.530528,,,,uploaded landslide_report.pdf
19060,MAN/TAM/83G12/2017/0063,Manipur,,,,25.055139,93.603778,,,,uploaded landslide_report.pdf
19061,MN/UKH/83K12/2017/88,Manipur,,,,25.055186,94.599525,,,,uploaded landslide_report.pdf
19062,MN/UKH/83K12/2017/62,Manipur,,,,25.055278,94.567861,,,,uploaded landslide_report.pdf
19063,MN/UKH/83K12/2017/20,Manipur,,,,20.0,94.56436,,,,uploaded landslide_report.pdf
19064,MN/UKH/83K12/2017/58,Manipur,,,,25.056,94.600667,,,,uploaded landslide_report.pdf
19065,MN/UKH/83K12/2017/17,Manipur,,,,25.0565,94.551528,,,,uploaded landslide_report.pdf
19066,MN/UKH/83K12/2017/25,Manipur,,,,25.0,94.532194,,,,uploaded landslide_report.pdf
19067,MAN/TAM/83G12/2017/0064,Manipur,,,,25.057194,93.603028,,,,uploaded landslide_report.pdf
19068,MN/UKH/83K12/2017/24,Manipur,,,,24.0,94.533083,,,,uploaded landslide_report.pdf
19069,MAN/TAM/83G12/2017/0065,Manipur,,,,25.058833,93.604028,,,,uploaded landslide_report.pdf
19070,MN/UKH/83K12/2017/18,Manipur,,,,25.058833,94.55125,,,,uploaded landslide_report.pdf
19071,MAN/TAM/83G12/2017/0066,Manipur,,,,25.059167,93.604222,,,,uploaded landslide_report.pdf
19072,MN/UKH/83K12/2017/59,Manipur,,,,25.059361,94.586361,,,,uploaded landslide_report.pdf
19073,MN/UKH/83K12/2017/19,Manipur,,,,25.059556,94.550611,,,,uploaded landslide_report.pdf
19074,MAN/TAM/83G12/2017/0067,Manipur,,,,25.059861,93.604639,,,,uploaded landslide_report.pdf
19075,MN/UKH/83K12/2017/60,Manipur,,,,25.059861,94.584889,,,,uploaded landslide_report.pdf
19076,MN/UKH/83K12/2017/23,Manipur,,,,23.0,94.535472,,,,uploaded landslide_report.pdf
19077,MAN/TAM/83G12/2017/0068,Manipur,,,,25.061417,93.604889,,,,uploaded landslide_report.pdf
19078,MN/UKH/83K12/2017/21,Manipur,,,,21.0,94.549694,,,,uploaded landslide_report.pdf
19079,MAN/TAM/83G12/2017/0069,Manipur,,,,25.061861,93.605361,,,,uploaded landslide_report.pdf
19080,MN/UKH/83K12/2017/57,Manipur,,,,25.062222,94.61475,,,,uploaded landslide_report.pdf
19081,MN/UKH/83K12/2017/61,Manipur,,,,25.062833,94.577722,,,,uploaded landslide_report.pdf
19082,MN/UKH/83K12/2017/56,Manipur,,,,25.063167,94.614389,,,,uploaded landslide_report.pdf
19083,MN/UKH/83K12/2017/55,Manipur,,,,25.063778,94.615,,,,uploaded landslide_report.pdf
19084,MN/UKH/83K12/2017/54,Manipur,,,,25.063861,94.614972,,,,uploaded landslide_report.pdf
19085,MAN/UKH/83K08/2015/002,Manipur,,,,25.063972,94.336,,,,uploaded landslide_report.pdf
19086,MN/UKH/83K12/2017/53,Manipur,,,,25.064444,94.620278,,,,uploaded landslide_report.pdf
19087,MN/UKH/83K12/2017/28,Manipur,,,,28.0,94.534,,,,uploaded landslide_report.pdf
19088,MN/UKH/83K12/2017/49,Manipur,,,,25.064833,94.643917,,,,uploaded landslide_report.pdf
19089,MN/UKH/83K12/2017/22,Manipur,,,,22.0,94.544583,,,,uploaded landslide_report.pdf
19090,MN/UKH/83K12/2017/52,Manipur,,,,25.065889,94.632139,,,,uploaded landslide_report.pdf
19091,MN/UKH/83K12/2017/51,Manipur,,,,25.066861,94.6325,,,,uploaded landslide_report.pdf
19092,MN/UKH/83K12/2017/50,Manipur,,,,25.067194,94.632972,,,,uploaded landslide_report.pdf
19093,MAN/TAM/83G12/2017/0070,Manipur,,,,25.067306,93.604861,,,,uploaded landslide_report.pdf
19094,MN/UKH/83K12/2017/29,Manipur,,,,29.0,94.536528,,,,uploaded landslide_report.pdf
19095,MN/UKH/83K12/2017/30,Manipur,,,,30.0,94.536528,,,,uploaded landslide_report.pdf
19096,MN/UKH/83K12/2017/8,Manipur,,,,25.069806,94.541667,,,,uploaded landslide_report.pdf
19097,MN/TML/83G08/2020/52,Manipur,,,,25.07,93.43,,,,uploaded landslide_report.pdf
19098,MAN/TAM/83G12/2017/0071,Manipur,,,,25.072528,93.6075,,,,uploaded landslide_report.pdf
19099,MAN/TAM/83G12/2017/0072,Manipur,,,,25.077361,93.611028,,,,uploaded landslide_report.pdf
19100,MAN/UKH/83K08/2015/001,Manipur,,,,25.077417,94.352444,,,,uploaded landslide_report.pdf
19101,MAN/TAM/83G12/2017/0073,Manipur,,,,25.077778,93.611583,,,,uploaded landslide_report.pdf
19102,MN/UKH/83K12/2017/31,Manipur,,,,25.079361,94.549667,,,,uploaded landslide_report.pdf
19103,MAN/UKH/83K08/2015/031,Manipur,,,,25.079667,94.296361,,,,uploaded landslide_report.pdf
19104,MAN/UKH/83K08/2015/033,Manipur,,,,25.079806,94.294111,,,,uploaded landslide_report.pdf
19105,MAN/UKH/83K08/2015/032,Manipur,,,,25.079944,94.294667,,,,uploaded landslide_report.pdf
19106,MAN/SEN/83K04/2015/97,Manipur,,,,25.080161,94.114939,,,,uploaded landslide_report.pdf
19107,MAN/TAM/83G12/2017/0075,Manipur,,,,25.08025,93.612278,,,,uploaded landslide_report.pdf
19108,MAN/TAM/83G12/2017/0074,Manipur,,,,25.080389,93.611889,,,,uploaded landslide_report.pdf
19109,MN/UKH/83K12/2017/32,Manipur,,,,25.081361,94.552278,,,,uploaded landslide_report.pdf
19110,MN/UKH/83K12/2017/5,Manipur,,,,25.081611,94.506333,,,,uploaded landslide_report.pdf
19111,MN/UKH/83K12/2017/33,Manipur,,,,25.082306,94.551722,,,,uploaded landslide_report.pdf
19112,MN/UKH/83K12/2017/34,Manipur,,,,25.082778,94.550694,,,,uploaded landslide_report.pdf
19113,MAN/TAM/83G12/2017/0076,Manipur,,,,25.083083,93.613583,,,,uploaded landslide_report.pdf
19114,MN/UKH/83K12/2017/4,Manipur,,,,25.08325,94.503639,,,,uploaded landslide_report.pdf
19115,MN/UKH/83K12/2017/6,Manipur,,,,25.083694,94.502278,,,,uploaded landslide_report.pdf
19116,MAN/SEN/83K04/2015/96,Manipur,,,,25.085833,94.107222,,,,uploaded landslide_report.pdf
19117,MAN/SEN/83K04/2015/95,Manipur,,,,25.086525,94.078197,,,,uploaded landslide_report.pdf
19118,MAN/TAM/83G12/2017/0077,Manipur,,,,25.087417,93.618333,,,,uploaded landslide_report.pdf
19119,MAN/TAM/83G12/2017/0078,Manipur,,,,25.088639,93.619722,,,,uploaded landslide_report.pdf
19120,MAN/UKH/83K08/2015/034,Manipur,,,,25.090556,94.387389,,,,uploaded landslide_report.pdf
19121,MN/UKH/83K12/2017/35,Manipur,,,,25.091667,94.550056,,,,uploaded landslide_report.pdf
19122,MN/UKH/83K12/2017/90,Manipur,,,,25.091742,94.550444,,,,uploaded landslide_report.pdf
19123,MN/TMG/83H05/2018/003,Manipur,,,,25.091778,92.354694,,,,uploaded landslide_report.pdf
19124,MN/UKH/83K12/2017/89,Manipur,,,,25.091858,94.550786,,,,uploaded landslide_report.pdf
19125,MN/UKH/83K12/2017/91,Manipur,,,,25.092033,94.640664,,,,uploaded landslide_report.pdf
19126,MAN/UKH/83K08/2015/017,Manipur,,,,25.092111,94.370444,,,,uploaded landslide_report.pdf
19127,MAN/TAM/83G12/2017/0079,Manipur,,,,25.09225,93.619972,,,,uploaded landslide_report.pdf
19128,MN/UKH/83K12/2017/44,Manipur,,,,25.093167,94.516611,,,,uploaded landslide_report.pdf
19129,MN/UKH/83K12/2017/43,Manipur,,,,25.094333,94.522528,,,,uploaded landslide_report.pdf
19130,MN/UKH/83K12/2017/87,Manipur,,,,25.0948,94.547461,,,,uploaded landslide_report.pdf
19131,MN/UKH/83K12/2017/37,Manipur,,,,25.095056,94.547722,,,,uploaded landslide_report.pdf
19132,MAN/UKH/83K08/2015/019,Manipur,,,,25.095611,94.384778,,,,uploaded landslide_report.pdf
19133,MN/UKH/83K12/2017/42,Manipur,,,,25.095611,94.522944,,,,uploaded landslide_report.pdf
19134,MAN/UKH/83K08/2015/018,Manipur,,,,25.095972,94.375944,,,,uploaded landslide_report.pdf
19135,MN/UKH/83K12/2017/45,Manipur,,,,25.096083,94.515806,,,,uploaded landslide_report.pdf
19136,MAN/TAM/83G12/2017/0080,Manipur,,,,25.096333,93.61925,,,,uploaded landslide_report.pdf
19137,MN/UKH/83K12/2017/38,Manipur,,,,25.096417,94.531778,,,,uploaded landslide_report.pdf
19138,MN/UKH/83K12/2017/36,Manipur,,,,25.096611,94.551028,,,,uploaded landslide_report.pdf
19139,MN/UKH/83K12/2017/46,Manipur,,,,25.09825,94.513778,,,,uploaded landslide_report.pdf
19140,MAN/TAM/83G12/2017/0081,Manipur,,,,25.098639,93.620778,,,,uploaded landslide_report.pdf
19141,MAN/UKH/83K08/2015/022,Manipur,,,,22.0,94.390222,,,,uploaded landslide_report.pdf
19142,MAN/UKH/83K08/2015/021,Manipur,,,,21.0,94.460722,,,,uploaded landslide_report.pdf
19143,MN/UKH/83K12/2017/41,Manipur,,,,25.100889,94.526556,,,,uploaded landslide_report.pdf
19144,MAN/TAM/83G12/2017/0082,Manipur,,,,25.101083,93.620333,,,,uploaded landslide_report.pdf
19145,MN/UKH/83K12/2017/48,Manipur,,,,25.10125,94.510806,,,,uploaded landslide_report.pdf
19146,MN/UKH/83K12/2017/47,Manipur,,,,25.101972,94.5125,,,,uploaded landslide_report.pdf
19147,MN/UKH/83K12/2017/39,Manipur,,,,25.103111,94.532083,,,,uploaded landslide_report.pdf
19148,MN/UKH/83K12/2017/40,Manipur,,,,25.103528,94.531722,,,,uploaded landslide_report.pdf
19149,MAN/TAM/83G12/2017/0083,Manipur,,,,25.105108,93.621136,,,,uploaded landslide_report.pdf
19150,MAN/TAM/83G12/2017/0084,Manipur,,,,25.106472,93.623472,,,,uploaded landslide_report.pdf
19151,MAN/TAM/83G12/2017/0053,Manipur,,,,25.107694,93.623556,,,,uploaded landslide_report.pdf
19152,MAN/TAM/83G12/2017/0090,Manipur,,,,25.109944,93.626528,,,,uploaded landslide_report.pdf
19153,MN/TML/83G08/2020/48,Manipur,,,,25.11,93.37,,,,uploaded landslide_report.pdf
19154,MN/TML/83G08/2020/51,Manipur,,,,25.11,93.37,,,,uploaded landslide_report.pdf
19155,MAN/TAM/83G12/2017/0087,Manipur,,,,25.110389,93.624056,,,,uploaded landslide_report.pdf
19156,MAN/TAM/83G12/2017/0089,Manipur,,,,25.110389,93.625583,,,,uploaded landslide_report.pdf
19157,MAN/SEN/83G16/2015/49,Manipur,,,,25.110417,93.791806,,,,uploaded landslide_report.pdf
19158,MAN/TAM/83G12/2017/0088,Manipur,,,,25.110472,93.625389,,,,uploaded landslide_report.pdf
19159,MAN/TAM/83G12/2017/0086,Manipur,,,,25.110667,93.62275,,,,uploaded landslide_report.pdf
19160,MAN/TAM/83G12/2017/0085,Manipur,,,,25.110917,93.622361,,,,uploaded landslide_report.pdf
19161,MAN/TAM/83G12/2017/0091,Manipur,,,,25.111556,93.629972,,,,uploaded landslide_report.pdf
19162,MAN/UKH/83K08/2015/041,Manipur,,,,25.113278,94.352722,,,,uploaded landslide_report.pdf
19163,MAN/TAM/83G12/2017/0092,Manipur,,,,25.113472,93.636917,,,,uploaded landslide_report.pdf
19164,MAN/UKH/83K08/2015/040,Manipur,,,,25.114444,94.354694,,,,uploaded landslide_report.pdf
19165,MAN/TAM/83G12/2017/0098,Manipur,,,,25.115111,93.642361,,,,uploaded landslide_report.pdf
19166,MAN/TAM/83G12/2017/0099,Manipur,,,,25.115194,93.645,,,,uploaded landslide_report.pdf
19167,MAN/TAM/83G12/2017/0094,Manipur,,,,25.115417,93.63925,,,,uploaded landslide_report.pdf
19168,MAN/TAM/83G12/2017/0093,Manipur,,,,25.115444,93.638778,,,,uploaded landslide_report.pdf
19169,MAN/TAM/83G12/2017/0100,Manipur,,,,25.115833,93.645833,,,,uploaded landslide_report.pdf
19170,MAN/TAM/83G12/2017/0095,Manipur,,,,25.115889,93.639611,,,,uploaded landslide_report.pdf
19171,MAN/TAM/83G12/2017/0101,Manipur,,,,25.116,93.643278,,,,uploaded landslide_report.pdf
19172,MAN/TAM/83G12/2017/0096,Manipur,,,,25.116083,93.639889,,,,uploaded landslide_report.pdf
19173,MAN/TAM/83G12/2017/0097,Manipur,,,,25.116111,93.640417,,,,uploaded landslide_report.pdf
19174,MAN/UKH/83K08/2015/039,Manipur,,,,25.116333,94.356833,,,,uploaded landslide_report.pdf
19175,MAN/TAM/83G12/2017/0102,Manipur,,,,25.116556,93.645944,,,,uploaded landslide_report.pdf
19176,MAN/UKH/83K08/2015/038,Manipur,,,,25.116778,94.353917,,,,uploaded landslide_report.pdf
19177,MAN/TAM/83G12/2017/0103,Manipur,,,,25.116833,93.645889,,,,uploaded landslide_report.pdf
19178,MAN/TAM/83G12/2017/0104,Manipur,,,,25.11775,93.647222,,,,uploaded landslide_report.pdf
19179,MAN/TAM/83G12/2017/0105,Manipur,,,,25.117806,93.647528,,,,uploaded landslide_report.pdf
19180,MAN/TAM/83G12/2017/0106,Manipur,,,,25.118,93.64775,,,,uploaded landslide_report.pdf
19181,MAN/TAM/83G12/2017/0107,Manipur,,,,25.118056,93.648556,,,,uploaded landslide_report.pdf
19182,MAN/TAM/83G12/2017/0108,Manipur,,,,25.118083,93.649472,,,,uploaded landslide_report.pdf
19183,MAN/TAM/83G12/2017/0109,Manipur,,,,25.119917,93.653333,,,,uploaded landslide_report.pdf
19184,MN/TML/83G08/2020/50,Manipur,,,,25.12,93.37,,,,uploaded landslide_report.pdf
19185,MAN/TAM/83G12/2017/0110,Manipur,,,,25.120444,93.653778,,,,uploaded landslide_report.pdf
19186,MAN/TAM/83G12/2017/0111,Manipur,,,,25.121111,93.654694,,,,uploaded landslide_report.pdf
19187,MAN/TAM/83G12/2017/0112,Manipur,,,,25.121417,93.654972,,,,uploaded landslide_report.pdf
19188,MAN/TAM/83G12/2017/0113,Manipur,,,,25.123361,93.656306,,,,uploaded landslide_report.pdf
19189,MAN/SEN/83G16/2015/48,Manipur,,,,25.124639,93.92575,,,,uploaded landslide_report.pdf
19190,MAN/TAM/83G12/2017/0114,Manipur,,,,25.124917,93.657333,,,,uploaded landslide_report.pdf
19191,MAN/UKH/83K08/2015/026,Manipur,,,,26.0,94.456278,,,,uploaded landslide_report.pdf
19192,MAN/UKH/83K08/2015/027,Manipur,,,,27.0,94.456278,,,,uploaded landslide_report.pdf
19193,MAN/SEN/83G16/2015/51,Manipur,,,,25.126361,93.901333,,,,uploaded landslide_report.pdf
19194,MAN/UKH/83K08/2015/042,Manipur,,,,25.127556,94.338583,,,,uploaded landslide_report.pdf
19195,MAN/UKH/83K08/2015/025,Manipur,,,,25.0,94.449417,,,,uploaded landslide_report.pdf
19196,MAN/UKH/83K08/2015/024,Manipur,,,,24.0,94.440417,,,,uploaded landslide_report.pdf
19197,MAN/UKH/83K08/2015/051,Manipur,,,,25.128222,94.321722,,,,uploaded landslide_report.pdf
19198,MAN/UKH/83K08/2015/023,Manipur,,,,23.0,94.440639,,,,uploaded landslide_report.pdf
19199,MAN/TAM/83G12/2017/0115,Manipur,,,,25.129639,93.661806,,,,uploaded landslide_report.pdf
19200,MAN/TAM/83G12/2017/0116,Manipur,,,,25.130361,93.6625,,,,uploaded landslide_report.pdf
19201,MAN/TAM/83G12/2017/0117,Manipur,,,,25.130722,93.663583,,,,uploaded landslide_report.pdf
19202,MAN/KAN/83G16/2017/02,Manipur,,,,25.13109,93.97215,,,,uploaded landslide_report.pdf
19203,MAN/UKH/83K08/2015/052,Manipur,,,,25.131889,94.322667,,,,uploaded landslide_report.pdf
19204,MAN/UKH/83K08/2015/043,Manipur,,,,25.131917,94.338583,,,,uploaded landslide_report.pdf
19205,MAN/TAM/83G12/2017/0118,Manipur,,,,25.1345,93.666417,,,,uploaded landslide_report.pdf
19206,MAN/UKH/83K08/2015/020,Manipur,,,,20.0,94.460722,,,,uploaded landslide_report.pdf
19207,MAN/TAM/83G12/2017/0119,Manipur,,,,25.134944,93.666667,,,,uploaded landslide_report.pdf
19208,MAN/TAM/83G12/2017/0120,Manipur,,,,25.135333,93.667,,,,uploaded landslide_report.pdf
19209,MAN/TAM/83G12/2017/0121,Manipur,,,,25.135861,93.6675,,,,uploaded landslide_report.pdf
19210,MAN/TAM/83G12/2017/0122,Manipur,,,,25.136222,93.667639,,,,uploaded landslide_report.pdf
19211,MAN/TAM/83G12/2017/0123,Manipur,,,,25.138306,93.669028,,,,uploaded landslide_report.pdf
19212,MAN/TAM/83G12/2017/0124,Manipur,,,,25.139167,93.669444,,,,uploaded landslide_report.pdf
19213,MAN/TAM/83G12/2017/0125,Manipur,,,,25.139639,93.669639,,,,uploaded landslide_report.pdf
19214,MAN/UKH/83K08/2015/053,Manipur,,,,25.14275,94.320139,,,,uploaded landslide_report.pdf
19215,MAN/UKH/83K08/2015/054,Manipur,,,,25.145583,94.320444,,,,uploaded landslide_report.pdf
19216,MAN/TAM/83G12/2017/0126,Manipur,,,,25.14625,93.671194,,,,uploaded landslide_report.pdf
19217,MN/KAN/83G16/2018/007,Manipur,,,,25.146528,93.941722,,,,uploaded landslide_report.pdf
19218,MAN/TAM/83G12/2017/0127,Manipur,,,,25.151417,93.672833,,,,uploaded landslide_report.pdf
19219,MAN/UKH/83K08/2015/055,Manipur,,,,25.151917,94.312167,,,,uploaded landslide_report.pdf
19220,MAN/TAM/83G12/2017/0021,Manipur,,,,21.0,93.713083,,,,uploaded landslide_report.pdf
19221,MAN/TAM/83G12/2017/0128,Manipur,,,,25.152361,93.67325,,,,uploaded landslide_report.pdf
19222,MAN/TAM/83G12/2017/0022,Manipur,,,,22.0,93.712833,,,,uploaded landslide_report.pdf
19223,MAN/TAM/83G12/2017/0129,Manipur,,,,25.152472,93.673667,,,,uploaded landslide_report.pdf
19224,MAN/TAM/83G12/2017/0023,Manipur,,,,23.0,93.712444,,,,uploaded landslide_report.pdf
19225,MAN/UKH/83K08/2015/028,Manipur,,,,28.0,94.461917,,,,uploaded landslide_report.pdf
19226,MAN/TAM/83G12/2017/0024,Manipur,,,,24.0,93.711278,,,,uploaded landslide_report.pdf
19227,MAN/UKH/83K08/2015/029,Manipur,,,,29.0,94.461278,,,,uploaded landslide_report.pdf
19228,MAN/TAM/83G12/2017/0052,Manipur,,,,25.155611,93.676639,,,,uploaded landslide_report.pdf
19229,MAN/TAM/83G12/2017/0051,Manipur,,,,25.155861,93.677306,,,,uploaded landslide_report.pdf
19230,MAN/TAM/83G12/2017/0049,Manipur,,,,25.155917,93.681583,,,,uploaded landslide_report.pdf
19231,MAN/TAM/83G12/2017/0050,Manipur,,,,25.156306,93.678917,,,,uploaded landslide_report.pdf
19232,MAN/TAM/83G12/2017/0018,Manipur,,,,25.156722,93.723889,,,,uploaded landslide_report.pdf
19233,MAN/TAM/83G12/2017/0028,Manipur,,,,28.0,93.703222,,,,uploaded landslide_report.pdf
19234,MAN/TAM/83G12/2017/0138,Manipur,,,,25.157092,93.682686,,,,uploaded landslide_report.pdf
19235,MAN/TAM/83G12/2017/0047,Manipur,,,,25.157528,93.68425,,,,uploaded landslide_report.pdf
19236,MAN/TAM/83G12/2017/0048,Manipur,,,,25.157667,93.6845,,,,uploaded landslide_report.pdf
19237,MAN/TAM/83G12/2017/0019,Manipur,,,,25.15775,93.72275,,,,uploaded landslide_report.pdf
19238,MAN/TAM/83G12/2017/0046,Manipur,,,,25.158083,93.684944,,,,uploaded landslide_report.pdf
19239,MAN/UKH/83K08/2015/030,Manipur,,,,30.0,94.461472,,,,uploaded landslide_report.pdf
19240,MAN/TAM/83G12/2017/0045,Manipur,,,,25.158667,93.685222,,,,uploaded landslide_report.pdf
19241,MAN/TAM/83G12/2017/0139,Manipur,,,,25.158828,93.720131,,,,uploaded landslide_report.pdf
19242,MAN/TAM/83G12/2017/0020,Manipur,,,,20.0,93.712056,,,,uploaded landslide_report.pdf
19243,MAN/TAM/83G12/2017/0029,Manipur,,,,29.0,93.699833,,,,uploaded landslide_report.pdf
19244,MAN/TAM/83G12/2017/0140,Manipur,,,,25.159386,93.720417,,,,uploaded landslide_report.pdf
19245,MAN/TAM/83G12/2017/0025,Manipur,,,,25.0,93.7065,,,,uploaded landslide_report.pdf
19246,MAN/TAM/83G12/2017/0042,Manipur,,,,25.160306,93.689306,,,,uploaded landslide_report.pdf
19247,MAN/TAM/83G12/2017/0043,Manipur,,,,25.160333,93.688528,,,,uploaded landslide_report.pdf
19248,MAN/TAM/83G12/2017/0044,Manipur,,,,25.160389,93.688167,,,,uploaded landslide_report.pdf
19249,MAN/TAM/83G12/2017/0026,Manipur,,,,26.0,93.7055,,,,uploaded landslide_report.pdf
19250,MAN/TAM/83G12/2017/0014,Manipur,,,,25.161361,93.732333,,,,uploaded landslide_report.pdf
19251,MAN/TAM/83G12/2017/0016,Manipur,,,,25.161667,93.730361,,,,uploaded landslide_report.pdf
19252,MAN/TAM/83G12/2017/0015,Manipur,,,,25.161694,93.731306,,,,uploaded landslide_report.pdf
19253,MAN/TAM/83G12/2017/0017,Manipur,,,,25.161861,93.729917,,,,uploaded landslide_report.pdf
19254,MAN/TAM/83G12/2017/0013,Manipur,,,,25.162028,93.733306,,,,uploaded landslide_report.pdf
19255,MAN/TAM/83G12/2017/0041,Manipur,,,,25.162306,93.691111,,,,uploaded landslide_report.pdf
19256,MAN/TAM/83G12/2017/0027,Manipur,,,,27.0,93.703972,,,,uploaded landslide_report.pdf
19257,MAN/TAM/83G12/2017/0012,Manipur,,,,25.163167,93.735556,,,,uploaded landslide_report.pdf
19258,MAN/TAM/83G12/2017/0040,Manipur,,,,25.163333,93.691194,,,,uploaded landslide_report.pdf
19259,MAN/TAM/83G12/2017/0011,Manipur,,,,25.163528,93.736222,,,,uploaded landslide_report.pdf
19260,MAN/TAM/83G12/2017/0030,Manipur,,,,30.0,93.700556,,,,uploaded landslide_report.pdf
19261,MAN/TAM/83G12/2017/0010,Manipur,,,,25.163917,93.73625,,,,uploaded landslide_report.pdf
19262,MAN/TAM/83G12/2017/0038,Manipur,,,,25.164056,93.692861,,,,uploaded landslide_report.pdf
19263,MAN/TAM/83G12/2017/0009,Manipur,,,,25.164222,93.736361,,,,uploaded landslide_report.pdf
19264,MAN/TAM/83G12/2017/0039,Manipur,,,,25.164278,93.691361,,,,uploaded landslide_report.pdf
19265,MAN/TAM/83G12/2017/0037,Manipur,,,,25.164472,93.693944,,,,uploaded landslide_report.pdf
19266,MAN/TAM/83G12/2017/0034,Manipur,,,,25.164847,93.696828,,,,uploaded landslide_report.pdf
19267,MAN/TAM/83G12/2017/0033,Manipur,,,,25.16485,93.697303,,,,uploaded landslide_report.pdf
19268,MAN/TAM/83G12/2017/0032,Manipur,,,,25.165222,93.697722,,,,uploaded landslide_report.pdf
19269,MAN/TAM/83G12/2017/0035,Manipur,,,,25.165222,93.69575,,,,uploaded landslide_report.pdf
19270,MAN/UKH/83K08/2015/044,Manipur,,,,25.16525,94.354611,,,,uploaded landslide_report.pdf
19271,MAN/TAM/83G12/2017/0036,Manipur,,,,25.165472,93.695528,,,,uploaded landslide_report.pdf
19272,MAN/TAM/83G12/2017/0031,Manipur,,,,25.165833,93.699611,,,,uploaded landslide_report.pdf
19273,MAN/UKH/83K08/2015/045,Manipur,,,,25.166833,94.354889,,,,uploaded landslide_report.pdf
19274,MAN/TAM/83G12/2017/0008,Manipur,,,,25.167444,93.735472,,,,uploaded landslide_report.pdf
19275,MAN/UKH/83K08/2015/056,Manipur,,,,25.167528,94.294861,,,,uploaded landslide_report.pdf
19276,MAN/TAM/83G12/2017/0001,Manipur,,,,25.167806,93.749222,,,,uploaded landslide_report.pdf
19277,MAN/TAM/83G12/2017/0002,Manipur,,,,25.167917,93.749083,,,,uploaded landslide_report.pdf
19278,MAN/TAM/83G12/2017/0003,Manipur,,,,25.168028,93.748972,,,,uploaded landslide_report.pdf
19279,MAN/UKH/83K08/2015/057,Manipur,,,,25.168528,94.288333,,,,uploaded landslide_report.pdf
19280,MAN/TAM/83G12/2017/0004,Manipur,,,,25.16875,93.742306,,,,uploaded landslide_report.pdf
19281,MAN/TAM/83G12/2017/0005,Manipur,,,,25.168806,93.742111,,,,uploaded landslide_report.pdf
19282,MAN/TAM/83G12/2017/0141,Manipur,,,,25.168928,93.739886,,,,uploaded landslide_report.pdf
19283,MAN/TAM/83G12/2017/0007,Manipur,,,,25.169,93.74075,,,,uploaded landslide_report.pdf
19284,MAN/TAM/83G12/2017/0006,Manipur,,,,25.169028,93.741083,,,,uploaded landslide_report.pdf
19285,MAN/UKH/83K08/2015/047,Manipur,,,,25.172194,94.3485,,,,uploaded landslide_report.pdf
19286,MAN/UKH/83K08/2015/046,Manipur,,,,25.172806,94.347694,,,,uploaded landslide_report.pdf
19287,MAN/SEN/83K04/2015/93,Manipur,,,,25.173056,94.136261,,,,uploaded landslide_report.pdf
19288,MAN/UKH/83K08/2015/048,Manipur,,,,25.174667,94.347306,,,,uploaded landslide_report.pdf
19289,MAN/UKH/83K08/2015/060,Manipur,,,,25.176639,94.297361,,,,uploaded landslide_report.pdf
19290,MN/UKH/83K11/2017/102,Manipur,,,,25.178194,94.527444,,,,uploaded landslide_report.pdf
19291,MN/UKH/83K11/2017/103,Manipur,,,,25.178417,94.52725,,,,uploaded landslide_report.pdf
19292,MN/UKH/83K12/2017/70,Manipur,,,,25.179194,94.526528,,,,uploaded landslide_report.pdf
19293,MN/UKH/83K12/2017/71,Manipur,,,,25.179306,94.526333,,,,uploaded landslide_report.pdf
19294,MN/UKH/83K12/2017/72,Manipur,,,,25.180611,94.525278,,,,uploaded landslide_report.pdf
19295,MN/UKH/83K12/2017/3,Manipur,,,,25.180889,94.504611,,,,uploaded landslide_report.pdf
19296,MN/UKH/83K12/2017/73,Manipur,,,,25.181194,94.524861,,,,uploaded landslide_report.pdf
19297,MN/UKH/83K12/2017/74,Manipur,,,,25.181222,94.524611,,,,uploaded landslide_report.pdf
19298,MN/UKH/83K12/2017/75,Manipur,,,,25.181528,94.523694,,,,uploaded landslide_report.pdf
19299,MAN/UKH/83K08/2015/059,Manipur,,,,25.181583,94.304444,,,,uploaded landslide_report.pdf
19300,MAN/UKH/83K08/2015/049,Manipur,,,,25.181639,94.342667,,,,uploaded landslide_report.pdf
19301,MN/UKH/83K12/2017/2,Manipur,,,,25.181722,94.504917,,,,uploaded landslide_report.pdf
19302,MN/UKH/83K12/2017/76,Manipur,,,,25.181806,94.522556,,,,uploaded landslide_report.pdf
19303,MN/UKH/83K12/2017/77,Manipur,,,,25.181917,94.522306,,,,uploaded landslide_report.pdf
19304,MN/UKH/83K12/2017/78,Manipur,,,,25.182222,94.522333,,,,uploaded landslide_report.pdf
19305,MN/UKH/83K12/2017/79,Manipur,,,,25.182306,94.523333,,,,uploaded landslide_report.pdf
19306,MN/UKH/83K12/2017/80,Manipur,,,,25.182417,94.523556,,,,uploaded landslide_report.pdf
19307,MN/UKH/83K12/2017/81,Manipur,,,,25.182472,94.523722,,,,uploaded landslide_report.pdf
19308,MN/UKH/83K12/2017/1,Manipur,,,,25.182861,94.505167,,,,uploaded landslide_report.pdf
19309,MN/UKH/83K12/2017/82,Manipur,,,,25.184194,94.522694,,,,uploaded landslide_report.pdf
19310,MN/UKH/83K12/2017/83,Manipur,,,,25.18425,94.522667,,,,uploaded landslide_report.pdf
19311,MAN/UKH/83K08/2015/058,Manipur,,,,25.185167,94.308972,,,,uploaded landslide_report.pdf
19312,MN/UKH/83K12/2017/84,Manipur,,,,25.185889,94.520944,,,,uploaded landslide_report.pdf
19313,MAN/UKH/83K08/2015/050,Manipur,,,,25.186167,94.342889,,,,uploaded landslide_report.pdf
19314,MN/UKH/83K12/2017/85,Manipur,,,,25.186389,94.52025,,,,uploaded landslide_report.pdf
19315,MAN/SEN/83K04/2015/92,Manipur,,,,25.188578,94.139278,,,,uploaded landslide_report.pdf
19316,MN/UKH/83K12/2017/86,Manipur,,,,25.188611,94.520917,,,,uploaded landslide_report.pdf
19317,MAN/SEN/83K04/2015/91,Manipur,,,,25.198756,94.136078,,,,uploaded landslide_report.pdf
19318,MAN/SEN/83K04/2015/90,Manipur,,,,25.200853,94.134506,,,,uploaded landslide_report.pdf
19319,MN/KAN/83G16/2018/006,Manipur,,,,25.201083,93.140806,,,,uploaded landslide_report.pdf
19320,MAN/SEN/83K04/2015/89,Manipur,,,,25.218022,94.107603,,,,uploaded landslide_report.pdf
19321,MAN/SEN/83K04/2015/86,Manipur,,,,25.236142,94.101983,,,,uploaded landslide_report.pdf
19322,MAN/SEN/83K04/2015/88,Manipur,,,,25.2375,94.113889,,,,uploaded landslide_report.pdf
19323,MAN/SEN/83K03/2015/1,Manipur,,,,25.238611,94.009189,,,,uploaded landslide_report.pdf
19324,MAN/SEN/83K04/2015/87,Manipur,,,,25.240539,94.114492,,,,uploaded landslide_report.pdf
19325,MAN/SEN/83K03/2015/2,Manipur,,,,25.245869,94.014442,,,,uploaded landslide_report.pdf
19326,MAN/SEN/83K04/2015/94,Manipur,,,,25.255931,94.1254,,,,uploaded landslide_report.pdf
19327,MAN/SEN/83K03/2015/85,Manipur,,,,25.257919,94.091564,,,,uploaded landslide_report.pdf
19328,MN/UKH/83K12/2017/68,Manipur,,,,25.259222,94.547417,,,,uploaded landslide_report.pdf
19329,MAN/SEN/83K03/2015/79,Manipur,,,,25.259722,94.03715,,,,uploaded landslide_report.pdf
19330,MN/UKH/83K12/2017/69,Manipur,,,,25.259972,94.543806,,,,uploaded landslide_report.pdf
19331,MAN/SEN/83K03/2015/84,Manipur,,,,25.261617,94.079422,,,,uploaded landslide_report.pdf
19332,MN/UKH/83K12/2017/67,Manipur,,,,25.261806,94.546944,,,,uploaded landslide_report.pdf
19333,MAN/SEN/83K03/2015/83,Manipur,,,,25.262947,94.079353,,,,uploaded landslide_report.pdf
19334,MN/UKH/83K12/2017/66,Manipur,,,,25.263722,94.544833,,,,uploaded landslide_report.pdf
19335,MN/UKH/83K12/2017/65,Manipur,,,,25.264278,94.543611,,,,uploaded landslide_report.pdf
19336,MAN/SEN/83K03/2015/80,Manipur,,,,25.264639,94.062167,,,,uploaded landslide_report.pdf
19337,MN/UKH/83K12/2017/64,Manipur,,,,25.265389,94.541472,,,,uploaded landslide_report.pdf
19338,MAN/SEN/83K03/2015/82,Manipur,,,,25.265492,94.098872,,,,uploaded landslide_report.pdf
19339,MAN/SEN/83K03/2015/81,Manipur,,,,25.265578,94.064836,,,,uploaded landslide_report.pdf
19340,MAN/SEN/83K03/2015/77,Manipur,,,,25.268519,94.047614,,,,uploaded landslide_report.pdf
19341,MAN/SEN/83K03/2015/75,Manipur,,,,25.268703,94.045883,,,,uploaded landslide_report.pdf
19342,MAN/SEN/83K03/2015/78,Manipur,,,,25.268825,94.048439,,,,uploaded landslide_report.pdf
19343,MAN/SEN/83K03/2015/74,Manipur,,,,25.268942,94.044694,,,,uploaded landslide_report.pdf
19344,MAN/SEN/83K03/2015/76,Manipur,,,,25.269014,94.046367,,,,uploaded landslide_report.pdf
19345,MAN/SEN/83K03/2015/3,Manipur,,,,25.269097,94.022569,,,,uploaded landslide_report.pdf
19346,MN/UKH/83K12/2017/7,Manipur,,,,25.27325,94.555417,,,,uploaded landslide_report.pdf
19347,MN/UKH/83K11/2017/41,Manipur,,,,25.276222,94.555889,,,,uploaded landslide_report.pdf
19348,MAN/SEN/83K03/2015/4,Manipur,,,,25.279389,94.032194,,,,uploaded landslide_report.pdf
19349,MAN/SEN/83K03/2015/5,Manipur,,,,25.286369,94.036492,,,,uploaded landslide_report.pdf
19350,MN/UKH/83K11/2017/37,Manipur,,,,25.286944,94.531361,,,,uploaded landslide_report.pdf
19351,MN/UKH/83K11/2017/40,Manipur,,,,25.287306,94.539833,,,,uploaded landslide_report.pdf
19352,MN/UKH/83K11/2017/33,Manipur,,,,25.287333,94.528333,,,,uploaded landslide_report.pdf
19353,MN/UKH/83K11/2017/34,Manipur,,,,25.287361,94.528472,,,,uploaded landslide_report.pdf
19354,MN/UKH/83K11/2017/35,Manipur,,,,25.287611,94.5295,,,,uploaded landslide_report.pdf
19355,MN/UKH/83K11/2017/36,Manipur,,,,25.287722,94.530583,,,,uploaded landslide_report.pdf
19356,MN/UKH/83K11/2017/32,Manipur,,,,25.28775,94.527667,,,,uploaded landslide_report.pdf
19357,MN/UKH/83K11/2017/31,Manipur,,,,25.288056,94.527806,,,,uploaded landslide_report.pdf
19358,MN/UKH/83K11/2017/39,Manipur,,,,25.288417,94.539528,,,,uploaded landslide_report.pdf
19359,MN/UKH/83K11/2017/38,Manipur,,,,25.289139,94.539417,,,,uploaded landslide_report.pdf
19360,MN/UKH/83K11/2017/30,Manipur,,,,30.0,94.526861,,,,uploaded landslide_report.pdf
19361,MAN/SEN/83K07/2015/062,Manipur,,,,25.289444,94.309472,,,,uploaded landslide_report.pdf
19362,MN/UKH/83K11/2017/28,Manipur,,,,28.0,94.525639,,,,uploaded landslide_report.pdf
19363,MAN/SEN/83K03/2015/6,Manipur,,,,25.289833,94.036647,,,,uploaded landslide_report.pdf
19364,MN/UKH/83K11/2017/27,Manipur,,,,27.0,94.525306,,,,uploaded landslide_report.pdf
19365,MN/UKH/83K11/2017/26,Manipur,,,,26.0,94.525111,,,,uploaded landslide_report.pdf
19366,MAN/SEN/83K03/2015/7,Manipur,,,,25.297797,94.044722,,,,uploaded landslide_report.pdf
19367,MAN/SEN/83K03/2015/13,Manipur,,,,25.302639,94.014617,,,,uploaded landslide_report.pdf
19368,MAN/SEN/83K03/2015/14,Manipur,,,,25.304917,94.011444,,,,uploaded landslide_report.pdf
19369,MAN/SEN/83K03/2015/46,Manipur,,,,25.311458,94.058922,,,,uploaded landslide_report.pdf
19370,MN/UKH/83K11/2017/1,Manipur,,,,25.312667,94.509111,,,,uploaded landslide_report.pdf
19371,MN/UKH/83K11/2017/2,Manipur,,,,25.313,94.50975,,,,uploaded landslide_report.pdf
19372,MN/UKH/83K11/2017/3,Manipur,,,,25.314972,94.5065,,,,uploaded landslide_report.pdf
19373,MN/UKH/83K11/2017/4,Manipur,,,,25.315444,94.504417,,,,uploaded landslide_report.pdf
19374,MN/UKH/83K11/2017/5,Manipur,,,,25.315861,94.504139,,,,uploaded landslide_report.pdf
19375,MN/UKH/83K11/2017/6,Manipur,,,,25.316056,94.504306,,,,uploaded landslide_report.pdf
19376,MN/UKH/83K11/2017/7,Manipur,,,,25.316639,94.504278,,,,uploaded landslide_report.pdf
19377,MAN/SEN/83K03/2015/48,Manipur,,,,25.317628,94.070336,,,,uploaded landslide_report.pdf
19378,MAN/SEN/83K03/2015/47,Manipur,,,,25.317878,94.069389,,,,uploaded landslide_report.pdf
19379,MAN/SEN/83K03/2015/55,Manipur,,,,25.318206,94.091428,,,,uploaded landslide_report.pdf
19380,MAN/SEN/83K03/2015/56,Manipur,,,,25.318628,94.092053,,,,uploaded landslide_report.pdf
19381,MN/UKH/83K11/2017/8,Manipur,,,,25.319389,94.50425,,,,uploaded landslide_report.pdf
19382,MN/UKH/83K11/2017/10,Manipur,,,,25.320194,94.504472,,,,uploaded landslide_report.pdf
19383,MAN/SEN/83K03/2015/49,Manipur,,,,25.321019,94.067142,,,,uploaded landslide_report.pdf
19384,MN/UKH/83K11/2017/9,Manipur,,,,25.321861,94.523839,,,,uploaded landslide_report.pdf
19385,MAN/SEN/83K03/2015/50,Manipur,,,,25.322717,94.067492,,,,uploaded landslide_report.pdf
19386,MAN/SEN/83K03/2015/54,Manipur,,,,25.322822,94.088994,,,,uploaded landslide_report.pdf
19387,MN/UKH/83K11/2017/12,Manipur,,,,25.323556,94.525583,,,,uploaded landslide_report.pdf
19388,MN/UKH/83K11/2017/18,Manipur,,,,25.324194,94.520278,,,,uploaded landslide_report.pdf
19389,MAN/SEN/83K03/2015/53,Manipur,,,,25.324731,94.086558,,,,uploaded landslide_report.pdf
19390,MN/UKH/83K11/2017/11,Manipur,,,,25.324861,94.509861,,,,uploaded landslide_report.pdf
19391,MN/UKH/83K11/2017/16,Manipur,,,,25.325194,94.511861,,,,uploaded landslide_report.pdf
19392,MN/UKH/83K11/2017/17,Manipur,,,,25.325778,94.515694,,,,uploaded landslide_report.pdf
19393,MN/UKH/83K11/2017/15,Manipur,,,,25.325889,94.511306,,,,uploaded landslide_report.pdf
19394,MN/UKH/83K11/2017/14,Manipur,,,,25.326722,94.510083,,,,uploaded landslide_report.pdf
19395,MN/UKH/83K11/2017/13,Manipur,,,,25.329306,94.524639,,,,uploaded landslide_report.pdf
19396,MN/UKH/83K11/2017/25,Manipur,,,,25.0,94.526639,,,,uploaded landslide_report.pdf
19397,MAN/SEN/83K03/2015/51,Manipur,,,,25.332489,94.080258,,,,uploaded landslide_report.pdf
19398,MAN/SEN/83K03/2015/52,Manipur,,,,25.334333,94.08275,,,,uploaded landslide_report.pdf
19399,MAN/SEN/83K03/2015/64,Manipur,,,,25.335364,94.169247,,,,uploaded landslide_report.pdf
19400,MAN/SEN/83K03/2015/8,Manipur,,,,25.337239,94.039708,,,,uploaded landslide_report.pdf
19401,MAN/SEN/83K03/2015/65,Manipur,,,,25.337428,94.184525,,,,uploaded landslide_report.pdf
19402,MN/UKH/83K11/2017/23,Manipur,,,,23.0,94.52825,,,,uploaded landslide_report.pdf
19403,MN/UKH/83K11/2017/24,Manipur,,,,24.0,94.527806,,,,uploaded landslide_report.pdf
19404,MAN/SEN/83K03/2015/61,Manipur,,,,25.338556,94.158806,,,,uploaded landslide_report.pdf
19405,MAN/SEN/83K03/2015/63,Manipur,,,,25.339872,94.168736,,,,uploaded landslide_report.pdf
19406,MAN/SEN/83K03/2015/62,Manipur,,,,25.340433,94.166631,,,,uploaded landslide_report.pdf
19407,MAN/SEN/83K03/2015/60,Manipur,,,,25.340833,94.160528,,,,uploaded landslide_report.pdf
19408,MAN/SEN/83K03/2015/59,Manipur,,,,25.342472,94.161667,,,,uploaded landslide_report.pdf
19409,MAN/SEN/83K03/2015/66,Manipur,,,,25.344389,94.199722,,,,uploaded landslide_report.pdf
19410,MAN/SEN/83K03/2015/58,Manipur,,,,25.346653,94.159475,,,,uploaded landslide_report.pdf
19411,MAN/SEN/83K03/2015/68,Manipur,,,,25.346747,94.215264,,,,uploaded landslide_report.pdf
19412,MAN/SEN/83K03/2015/67,Manipur,,,,25.346964,94.198264,,,,uploaded landslide_report.pdf
19413,MAN/SEN/83K07/2015/061,Manipur,,,,25.34725,94.334444,,,,uploaded landslide_report.pdf
19414,MAN/SEN/83K03/2015/69,Manipur,,,,25.350061,94.220711,,,,uploaded landslide_report.pdf
19415,MAN/SEN/83K03/2015/70,Manipur,,,,25.350764,94.222161,,,,uploaded landslide_report.pdf
19416,MAN/SEN/83K03/2015/71,Manipur,,,,25.351311,94.222514,,,,uploaded landslide_report.pdf
19417,MN/UKH/83K11/2017/19,Manipur,,,,25.356306,94.525222,,,,uploaded landslide_report.pdf
19418,MN/UKH/83K11/2017/20,Manipur,,,,20.0,94.525306,,,,uploaded landslide_report.pdf
19419,MN/UKH/83K11/2017/21,Manipur,,,,21.0,94.527806,,,,uploaded landslide_report.pdf
19420,MN/UKH/83K11/2017/22,Manipur,,,,22.0,94.529917,,,,uploaded landslide_report.pdf
19421,MAN/SEN/83K03/2015/72,Manipur,,,,25.363278,94.228389,,,,uploaded landslide_report.pdf
19422,MN/UKH/83K12/2017/63,Manipur,,,,25.373639,94.555333,,,,uploaded landslide_report.pdf
19423,MAN/SEN/83K03/2015/57,Manipur,,,,25.379611,94.146667,,,,uploaded landslide_report.pdf
19424,MAN/SEN/83K03/2015/73,Manipur,,,,25.379878,94.214606,,,,uploaded landslide_report.pdf
19425,MAN/SEN/83K07/2015/064,Manipur,,,,25.381389,94.279306,,,,uploaded landslide_report.pdf
19426,MN/UKH/83K11/2017/98,Manipur,,,,25.388056,94.550083,,,,uploaded landslide_report.pdf
19427,MAN/UKH/83K07/2015/035,Manipur,,,,25.389639,94.457028,,,,uploaded landslide_report.pdf
19428,MAN/UKH/83K07/2015/036,Manipur,,,,25.392389,94.454333,,,,uploaded landslide_report.pdf
19429,MAN/SEN/83K07/2015/063,Manipur,,,,25.392444,94.29875,,,,uploaded landslide_report.pdf
19430,MN/UKH/83K11/2017/58,Manipur,,,,25.394361,94.628222,,,,uploaded landslide_report.pdf
19431,MN/UKH/83K11/2017/44,Manipur,,,,25.394667,94.548917,,,,uploaded landslide_report.pdf
19432,MN/UKH/83K11/2017/59,Manipur,,,,25.394917,94.630111,,,,uploaded landslide_report.pdf
19433,MAN/UKH/83K07/2015/037,Manipur,,,,25.396222,94.450472,,,,uploaded landslide_report.pdf
19434,MN/UKH/83K11/2017/42,Manipur,,,,25.39625,94.548444,,,,uploaded landslide_report.pdf
19435,MN/UKH/83K11/2017/43,Manipur,,,,25.397944,94.551083,,,,uploaded landslide_report.pdf
19436,MN/UKH/83K11/2017/57,Manipur,,,,25.400639,94.620639,,,,uploaded landslide_report.pdf
19437,MN/UKH/83K11/2017/68,Manipur,,,,25.407667,94.587222,,,,uploaded landslide_report.pdf
19438,MN/UKH/83K11/2017/62,Manipur,,,,25.407972,94.596917,,,,uploaded landslide_report.pdf
19439,MN/UKH/83K11/2017/67,Manipur,,,,25.408417,94.587083,,,,uploaded landslide_report.pdf
19440,MN/UKH/83K11/2017/56,Manipur,,,,25.409139,94.592139,,,,uploaded landslide_report.pdf
19441,MN/UKH/83K11/2017/99,Manipur,,,,25.409167,94.599278,,,,uploaded landslide_report.pdf
19442,MN/UKH/83K11/2017/66,Manipur,,,,25.409222,94.589389,,,,uploaded landslide_report.pdf
19443,MN/UKH/83K11/2017/65,Manipur,,,,25.409306,94.596417,,,,uploaded landslide_report.pdf
19444,MN/UKH/83K11/2017/61,Manipur,,,,25.409417,94.599722,,,,uploaded landslide_report.pdf
19445,MN/UKH/83K11/2017/63,Manipur,,,,25.410278,94.600389,,,,uploaded landslide_report.pdf
19446,MN/UKH/83K11/2017/95,Manipur,,,,25.410333,94.542028,,,,uploaded landslide_report.pdf
19447,MN/UKH/83K11/2017/69,Manipur,,,,25.410389,94.579361,,,,uploaded landslide_report.pdf
19448,MN/UKH/83K11/2017/64,Manipur,,,,25.410667,94.598361,,,,uploaded landslide_report.pdf
19449,MN/UKH/83K11/2017/100,Manipur,,,,25.410694,94.500056,,,,uploaded landslide_report.pdf
19450,MN/UKH/83K11/2017/96,Manipur,,,,25.413,94.541333,,,,uploaded landslide_report.pdf
19451,MN/UKH/83K11/2017/97,Manipur,,,,25.413086,94.526303,,,,uploaded landslide_report.pdf
19452,MN/UKH/83K11/2017/55,Manipur,,,,25.414028,94.58,,,,uploaded landslide_report.pdf
19453,MN/UKH/83K11/2017/45,Manipur,,,,25.415583,94.558778,,,,uploaded landslide_report.pdf
19454,MN/UKH/83K11/2017/46,Manipur,,,,25.415639,94.559361,,,,uploaded landslide_report.pdf
19455,MN/UKH/83K11/2017/50,Manipur,,,,25.416,94.579028,,,,uploaded landslide_report.pdf
19456,MAN/SEN/83K03/2015/17,Manipur,,,,25.416389,94.067894,,,,uploaded landslide_report.pdf
19457,MAN/SEN/83K03/2015/18,Manipur,,,,25.416419,94.077794,,,,uploaded landslide_report.pdf
19458,MAN/SEN/83K03/2015/16,Manipur,,,,25.416483,94.079214,,,,uploaded landslide_report.pdf
19459,MN/UKH/83K11/2017/47,Manipur,,,,25.416778,94.577472,,,,uploaded landslide_report.pdf
19460,MN/UKH/83K11/2017/49,Manipur,,,,25.417167,94.578556,,,,uploaded landslide_report.pdf
19461,MAN/SEN/83K03/2015/15,Manipur,,,,25.417653,94.084694,,,,uploaded landslide_report.pdf
19462,MAN/SEN/83K03/2015/19,Manipur,,,,25.417778,94.077222,,,,uploaded landslide_report.pdf
19463,MN/UKH/83K11/2017/51,Manipur,,,,25.418361,94.578528,,,,uploaded landslide_report.pdf
19464,MN/UKH/83K11/2017/52,Manipur,,,,25.419,94.578639,,,,uploaded landslide_report.pdf
19465,MN/UKH/83K11/2017/48,Manipur,,,,25.419444,94.5775,,,,uploaded landslide_report.pdf
19466,MN/UKH/83K11/2017/53,Manipur,,,,25.419639,94.578556,,,,uploaded landslide_report.pdf
19467,MN/UKH/83K11/2017/54,Manipur,,,,25.42025,94.578222,,,,uploaded landslide_report.pdf
19468,MN/UKH/83K11/2017/94,Manipur,,,,25.420722,94.577722,,,,uploaded landslide_report.pdf
19469,MAN/SEN/83K03/2015/22,Manipur,,,,22.0,94.070472,,,,uploaded landslide_report.pdf
19470,MAN/SEN/83K03/2015/20,Manipur,,,,20.0,94.077,,,,uploaded landslide_report.pdf
19471,MAN/SEN/83K03/2015/21,Manipur,,,,21.0,94.071,,,,uploaded landslide_report.pdf
19472,MAN/SEN/83K03/2015/27,Manipur,,,,27.0,94.048914,,,,uploaded landslide_report.pdf
19473,MAN/SEN/83K03/2015/28,Manipur,,,,28.0,94.043861,,,,uploaded landslide_report.pdf
19474,MAN/SEN/83K03/2015/9,Manipur,,,,25.429097,94.108439,,,,uploaded landslide_report.pdf
19475,MAN/SEN/83K03/2015/26,Manipur,,,,26.0,94.053333,,,,uploaded landslide_report.pdf
19476,MN/UKH/83K11/2017/71,Manipur,,,,25.429639,94.556472,,,,uploaded landslide_report.pdf
19477,MAN/SEN/83K03/2015/29,Manipur,,,,29.0,94.043697,,,,uploaded landslide_report.pdf
19478,MN/UKH/83K11/2017/70,Manipur,,,,25.431361,94.560861,,,,uploaded landslide_report.pdf
19479,MN/UKH/83K11/2017/60,Manipur,,,,25.432833,94.575444,,,,uploaded landslide_report.pdf
19480,MAN/SEN/83K03/2015/23,Manipur,,,,23.0,94.070986,,,,uploaded landslide_report.pdf
19481,MAN/SEN/83K03/2015/24,Manipur,,,,24.0,94.071111,,,,uploaded landslide_report.pdf
19482,MAN/SEN/83K03/2015/25,Manipur,,,,25.0,94.061928,,,,uploaded landslide_report.pdf
19483,MAN/SEN/83K03/2015/40,Manipur,,,,25.437203,94.042989,,,,uploaded landslide_report.pdf
19484,MAN/SEN/83K03/2015/42,Manipur,,,,25.439367,94.025864,,,,uploaded landslide_report.pdf
19485,MAN/SEN/83K03/2015/30,Manipur,,,,30.0,94.046264,,,,uploaded landslide_report.pdf
19486,MN/UKH/83K11/2017/93,Manipur,,,,25.442278,94.563833,,,,uploaded landslide_report.pdf
19487,MAN/SEN/83K03/2015/38,Manipur,,,,25.443264,94.0392,,,,uploaded landslide_report.pdf
19488,MAN/SEN/83K03/2015/31,Manipur,,,,25.444322,94.046858,,,,uploaded landslide_report.pdf
19489,MAN/SEN/83K03/2015/44,Manipur,,,,25.444333,94.006631,,,,uploaded landslide_report.pdf
19490,MAN/SEN/83K03/2015/39,Manipur,,,,25.444722,94.0414,,,,uploaded landslide_report.pdf
19491,MAN/SEN/83K03/2015/32,Manipur,,,,25.446611,94.049511,,,,uploaded landslide_report.pdf
19492,MAN/SEN/83K03/2015/34,Manipur,,,,25.447378,94.049444,,,,uploaded landslide_report.pdf
19493,MAN/SEN/83K03/2015/37,Manipur,,,,25.447664,94.041483,,,,uploaded landslide_report.pdf
19494,MAN/SEN/83K03/2015/45,Manipur,,,,25.448389,94.003139,,,,uploaded landslide_report.pdf
19495,MAN/SEN/83K03/2015/41,Manipur,,,,25.448506,94.031956,,,,uploaded landslide_report.pdf
19496,MAN/SEN/83K03/2015/12,Manipur,,,,25.450353,94.129017,,,,uploaded landslide_report.pdf
19497,MAN/SEN/83K03/2015/36,Manipur,,,,25.450653,94.046667,,,,uploaded landslide_report.pdf
19498,MAN/SEN/83K03/2015/33,Manipur,,,,25.451814,94.049944,,,,uploaded landslide_report.pdf
19499,MAN/SEN/83K03/2015/11,Manipur,,,,25.452369,94.128022,,,,uploaded landslide_report.pdf
19500,MAN/SEN/83K03/2015/43,Manipur,,,,25.452417,94.018919,,,,uploaded landslide_report.pdf
19501,MAN/SEN/83K03/2015/35,Manipur,,,,25.453942,94.048881,,,,uploaded landslide_report.pdf
19502,MAN/SEN/83K03/2015/10,Manipur,,,,25.454017,94.124572,,,,uploaded landslide_report.pdf
19503,MN/UKH/83K11/2017/92,Manipur,,,,25.45475,94.552583,,,,uploaded landslide_report.pdf
19504,MN/UKH/83K11/2017/88,Manipur,,,,25.465167,94.543694,,,,uploaded landslide_report.pdf
19505,MN/UKH/83K11/2017/91,Manipur,,,,25.466083,94.552889,,,,uploaded landslide_report.pdf
19506,MN/UKH/83K11/2017/101,Manipur,,,,25.466278,94.552528,,,,uploaded landslide_report.pdf
19507,MN/UKH/83K11/2017/90,Manipur,,,,25.466528,94.552028,,,,uploaded landslide_report.pdf
19508,MN/UKH/83K11/2017/84,Manipur,,,,25.466611,94.537861,,,,uploaded landslide_report.pdf
19509,MN/UKH/83K11/2017/89,Manipur,,,,25.467167,94.551528,,,,uploaded landslide_report.pdf
19510,MN/UKH/83K11/2017/105,Manipur,,,,25.467169,94.54755,,,,uploaded landslide_report.pdf
19511,MN/UKH/83K11/2017/104,Manipur,,,,25.467772,94.549483,,,,uploaded landslide_report.pdf
19512,MN/UKH/83K11/2017/87,Manipur,,,,25.468,94.545083,,,,uploaded landslide_report.pdf
19513,MN/UKH/83K11/2017/86,Manipur,,,,25.468389,94.544917,,,,uploaded landslide_report.pdf
19514,MN/UKH/83K11/2017/85,Manipur,,,,25.471806,94.543,,,,uploaded landslide_report.pdf
19515,MAN/SEN/83K03/2007/C-12,Manipur,,,,25.47217,94.15433,,,,uploaded landslide_report.pdf
19516,MN/UKH/83K11/2017/83,Manipur,,,,25.476722,94.534806,,,,uploaded landslide_report.pdf
19517,MN/UKH/83K11/2017/82,Manipur,,,,25.477056,94.534528,,,,uploaded landslide_report.pdf
19518,MN/UKH/83K11/2017/81,Manipur,,,,25.478194,94.535111,,,,uploaded landslide_report.pdf
19519,MN/UKH/83K11/2017/80,Manipur,,,,25.480722,94.532861,,,,uploaded landslide_report.pdf
19520,MN/UKH/83K11/2017/79,Manipur,,,,25.483694,94.530194,,,,uploaded landslide_report.pdf
19521,MN/UKH/83K11/2017/78,Manipur,,,,25.485861,94.544528,,,,uploaded landslide_report.pdf
19522,MN/UKH/83K11/2017/72,Manipur,,,,25.489611,94.553306,,,,uploaded landslide_report.pdf
19523,MN/UKH/83K11/2017/77,Manipur,,,,25.492333,94.555444,,,,uploaded landslide_report.pdf
19524,MN/UKH/83K11/2017/73,Manipur,,,,25.493694,94.555833,,,,uploaded landslide_report.pdf
19525,MN/UKH/83K11/2017/74,Manipur,,,,25.49625,94.554722,,,,uploaded landslide_report.pdf
19526,MN/UKH/83K11/2017/75,Manipur,,,,25.497078,94.553583,,,,uploaded landslide_report.pdf
19527,MN/UKH/83K11/2017/76,Manipur,,,,25.499542,94.552992,,,,uploaded landslide_report.pdf
19528,MAN/SEN/83K6/2015/322,Manipur,,,,25.5,94.389,,,,uploaded landslide_report.pdf
19529,MAN/SEN/83K2/2015/259,Manipur,,,,29.0,94.135,,,,uploaded landslide_report.pdf
19530,MN/SEN/83K02/2014/02,Manipur,,,,25.51378,94.14089,,,,uploaded landslide_report.pdf
19531,MAN/SEN/83K2/2015/205,Manipur,,,,29.0,94.137,,,,uploaded landslide_report.pdf
19532,Manipur/Senapati/83K02/2020/,Manipur,,,,25.51591667,94.13652778,,,,uploaded landslide_report.pdf
19533,MAN/SEN/83G14/2015/6,Manipur,,,,25.517,93.957,,,,uploaded landslide_report.pdf
19534,MAN/SEN/83G14/2015/13,Manipur,,,,25.52,93.958,,,,uploaded landslide_report.pdf
19535,MAN/SEN/83G14/2015/18,Manipur,,,,25.521,93.964,,,,uploaded landslide_report.pdf
19536,MAN/SEN/83K2/2015/161,Manipur,,,,29.0,94.134,,,,uploaded landslide_report.pdf
19537,MN/SEN/83K02/2014/01,Manipur,,,,29.0,94.13783,,,,uploaded landslide_report.pdf
19538,MAN/SEN/83G14/2015/29,Manipur,,,,29.0,93.873,,,,uploaded landslide_report.pdf
19539,MAN/SEN/83G14/2015/31,Manipur,,,,25.523,93.898,,,,uploaded landslide_report.pdf
19540,MAN/SEN/83G14/2015/32,Manipur,,,,25.523,93.899,,,,uploaded landslide_report.pdf
19541,MAN/SEN/83G14/2015/35,Manipur,,,,25.523,93.955,,,,uploaded landslide_report.pdf
19542,MAN/SEN/83K2/2015/194,Manipur,,,,29.0,94.135,,,,uploaded landslide_report.pdf
19543,MAN/SEN/83K2/2015/210,Manipur,,,,25.525,94.146,,,,uploaded landslide_report.pdf
19544,MAN/SEN/83G14/2015/30,Manipur,,,,30.0,93.953,,,,uploaded landslide_report.pdf
19545,MAN/SEN/83G14/2015/16,Manipur,,,,25.528,93.871,,,,uploaded landslide_report.pdf
19546,MAN/SEN/83G14/2015/17,Manipur,,,,25.528,93.872,,,,uploaded landslide_report.pdf
19547,MAN/SEN/83G14/2015/22,Manipur,,,,22.0,93.952,,,,uploaded landslide_report.pdf
19548,MAN/SEN/83G14/2015/5,Manipur,,,,25.529,93.87,,,,uploaded landslide_report.pdf
19549,MN/SEN/83K02/2014/04,Manipur,,,,25.53128,94.16536,,,,uploaded landslide_report.pdf
19550,MAN/SEN/83G14/2015/3,Manipur,,,,25.532,93.927,,,,uploaded landslide_report.pdf
19551,MN/SEN/83K02/2014/03,Manipur,,,,25.54039,94.16989,,,,uploaded landslide_report.pdf
19552,MN/UKH/83K10/2017/10,Manipur,,,,25.587167,94.514361,,,,uploaded landslide_report.pdf
19553,MN/SEN/83K03/2025/1,Manipur,,,,25.451978,94.137142,,,,uploaded landslide_report.pdf
19554,MN/NON/83H10/2024/01,Manipur,,,,24.85397,93.61937,,,,uploaded landslide_report.pdf
19555,MN/NON/83H10/2024/02,Manipur,,,,24.8587,93.61439,,,,uploaded landslide_report.pdf
19556,MN/NON/83H10/2024/03,Manipur,,,,24.85534,93.62409,,,,uploaded landslide_report.pdf
19557,MA/SEN/83K03/2024/01,Manipur,,,,25.471526,94.151784,,,,uploaded landslide_report.pdf
19558,MA/TAM/83H05/2024/01,Manipur,,,,24.979,93.496,,,,uploaded landslide_report.pdf
19559,MN/BIS/83H14/2024/01,Manipur,,,,24.524125,93.816333,,,,uploaded landslide_report.pdf
19560,MN/BIS/83H14/2024/02,Manipur,,,,24.517056,93.817056,,,,uploaded landslide_report.pdf
19561,MAN/SNP/83K02/2023/16,Manipur,,,,25.6495419,94.1068683,,,,uploaded landslide_report.pdf
19562,MN/SEN/83K03/2025/01,Manipur,,,,25.476047,94.146074,,,,uploaded landslide_report.pdf
19569,MN/NON/83H/,Manipur,,,,24.79727778,93.73777778,,,,uploaded landslide_report.pdf
19570,MN/NON/83H/,Manipur,,,,24.798,93.736,,,,uploaded landslide_report.pdf
19574,MN/NON/83H/,Manipur,,,,24.81583333,93.74019444,,,,uploaded landslide_report.pdf
19575,MN-33/2011,Manipur,,,,24.985,93.52113889,,,,uploaded landslide_report.pdf
19576,MN-34/2011,Manipur,,,,24.79083333,93.72333333,,,,uploaded landslide_report.pdf
19577,ML-93/2011,Manipur,,,,25.67341667,91.06625,,,,uploaded landslide_report.pdf
19578,ML-94/2011,Manipur,,,,25.67469444,91.88652778,,,,uploaded landslide_report.pdf
19579,MN-7/2010,Manipur,,,,24.82908333,93.50694444,,,,uploaded landslide_report.pdf
19580,MN-8/2010,Manipur,,,,24.84563889,93.50202778,,,,uploaded landslide_report.pdf
19581,MN-9/2010,Manipur,,,,24.86461111,93.59888889,,,,uploaded landslide_report.pdf
19582,MN-10/2010,Manipur,,,,24.86469444,93.62116667,,,,uploaded landslide_report.pdf
19583,MN-11/2010,Manipur,,,,24.86297222,93.62397222,,,,uploaded landslide_report.pdf
19584,MN-12/2010,Manipur,,,,24.73133333,93.92738889,,,,uploaded landslide_report.pdf
19587,Manipur/Senapati/83K03/2020/,Manipur,,,,25.35366667,94.06508333,,,,uploaded landslide_report.pdf
19588,MN/KPI/83G016/2022/01,Manipur,,,,25.24868889,93.85251111,,,,uploaded landslide_report.pdf
19589,MN/NON/83H09/2022/01,Manipur,,,,24.80664722,93.66738056,,,,uploaded landslide_report.pdf
19590,5777,Manipur,,,,24.786938,93.657893,,,,uploaded landslide_report.pdf
19591,5779,Manipur,,,,24.788159,93.663215,,,,uploaded landslide_report.pdf
19592,5780,Manipur,,,,24.786357,93.657951,,,,uploaded landslide_report.pdf
19593,6781,Manipur,,,,25.415678,94.085361,,,,uploaded landslide_report.pdf
19594,6782,Manipur,,,,24.791125,93.72522,,,,uploaded landslide_report.pdf
19595,6783,Manipur,,,,25.417312,94.080514,,,,uploaded landslide_report.pdf
19596,6784,Manipur,,,,25.46333,93.987388,,,,uploaded landslide_report.pdf
19597,6801,Manipur,,,,24.794493,93.652745,,,,uploaded landslide_report.pdf
19598,6802,Manipur,,,,24.787526,93.662891,,,,uploaded landslide_report.pdf
19599,6803,Manipur,,,,24.789504,93.66385,,,,uploaded landslide_report.pdf
19600,6822,Manipur,,,,24.846509,93.573533,,,,uploaded landslide_report.pdf
19601,6831,Manipur,,,,24.863924,93.617853,,,,uploaded landslide_report.pdf
19602,6839,Manipur,,,,24.862146,93.595644,,,,uploaded landslide_report.pdf
19603,6842,Manipur,,,,24.859576,93.576244,,,,uploaded landslide_report.pdf
19604,7384,Manipur,,,,25.066715,94.349728,,,,uploaded landslide_report.pdf
19605,7385,Manipur,,,,24.984331,94.228244,,,,uploaded landslide_report.pdf
19606,MEG/WJH/83C4/2016/51,Meghalaya,,,,25.033514,92.435539,,,,uploaded landslide_report.pdf
19607,MEG/WJH/83C4/2016/50,Meghalaya,,,,25.033628,92.439331,,,,uploaded landslide_report.pdf
19608,MEG/WJH/83C4/2016/52,Meghalaya,,,,25.034289,92.435222,,,,uploaded landslide_report.pdf
19609,MEG/WJH/83C4/2016/49,Meghalaya,,,,25.037722,92.439556,,,,uploaded landslide_report.pdf
19610,MEG/WJH/83C4/2016/48,Meghalaya,,,,25.037833,92.440417,,,,uploaded landslide_report.pdf
19611,MEG/WJH/83C4/2016/47,Meghalaya,,,,25.038186,92.440725,,,,uploaded landslide_report.pdf
19612,MEG/WJH/83C4/2016/53,Meghalaya,,,,25.038361,92.43675,,,,uploaded landslide_report.pdf
19613,MEG/WJH/83C4/2016/78,Meghalaya,,,,25.039097,92.436869,,,,uploaded landslide_report.pdf
19614,MEG/WJH/83C4/2016/46,Meghalaya,,,,25.040511,92.446119,,,,uploaded landslide_report.pdf
19615,MEG/WJH/83C4/2016/77,Meghalaya,,,,25.042189,92.441964,,,,uploaded landslide_report.pdf
19616,MEG/WJH/83C4/2016/79,Meghalaya,,,,25.042408,92.434525,,,,uploaded landslide_report.pdf
19617,MEG/WJH/83C4/2016/55,Meghalaya,,,,25.042556,92.435028,,,,uploaded landslide_report.pdf
19618,MEG/WJH/83C4/2016/54,Meghalaya,,,,25.042778,92.432472,,,,uploaded landslide_report.pdf
19619,MEG/WJH/83C4/2016/60,Meghalaya,,,,25.043667,92.425444,,,,uploaded landslide_report.pdf
19620,MEG/WJH/83C4/2016/62,Meghalaya,,,,25.043914,92.423556,,,,uploaded landslide_report.pdf
19621,MEG/WJH/83C4/2016/83,Meghalaya,,,,25.044056,92.418778,,,,uploaded landslide_report.pdf
19622,MEG/WJH/83C4/2016/56,Meghalaya,,,,25.044136,92.430244,,,,uploaded landslide_report.pdf
19623,MEG/WJH/83C4/2016/61,Meghalaya,,,,25.044417,92.423908,,,,uploaded landslide_report.pdf
19624,MEG/WJH/83C4/2016/59,Meghalaya,,,,25.044442,92.427761,,,,uploaded landslide_report.pdf
19625,MEG/WJH/83C4/2016/63,Meghalaya,,,,25.044733,92.423675,,,,uploaded landslide_report.pdf
19626,MEG/WJH/83C4/2016/57,Meghalaya,,,,25.044778,92.430333,,,,uploaded landslide_report.pdf
19627,MEG/WJH/83C4/2016/58,Meghalaya,,,,25.044833,92.429333,,,,uploaded landslide_report.pdf
19628,MEG/WJH/83C4/2016/80,Meghalaya,,,,25.044947,92.420261,,,,uploaded landslide_report.pdf
19629,MEG/WJH/83C4/2016/82,Meghalaya,,,,25.045111,92.4215,,,,uploaded landslide_report.pdf
19630,MEG/WJH/83C4/2016/81,Meghalaya,,,,25.045386,92.420764,,,,uploaded landslide_report.pdf
19631,MEG/WJH/83C4/2016/69,Meghalaya,,,,25.045389,92.410444,,,,uploaded landslide_report.pdf
19632,MEG/WJH/83C4/2016/84,Meghalaya,,,,25.046181,92.408878,,,,uploaded landslide_report.pdf
19633,MEG/WJH/83C4/2016/88,Meghalaya,,,,25.047194,92.404806,,,,uploaded landslide_report.pdf
19634,MEG/WJH/83C4/2016/85,Meghalaya,,,,25.047444,92.409156,,,,uploaded landslide_report.pdf
19635,MEG/WJH/83C4/2016/87,Meghalaya,,,,25.047556,92.405806,,,,uploaded landslide_report.pdf
19636,MEG/WJH/83C4/2016/86,Meghalaya,,,,25.047906,92.404822,,,,uploaded landslide_report.pdf
19637,MEG/WJH/83C4/2016/89,Meghalaya,,,,25.049744,92.400678,,,,uploaded landslide_report.pdf
19638,MEG/WJH/83C4/2016/90,Meghalaya,,,,25.052236,92.399047,,,,uploaded landslide_report.pdf
19639,MEG/WJH/83C4/2016/91,Meghalaya,,,,25.056022,92.394119,,,,uploaded landslide_report.pdf
19640,MEG/WJH/83C4/2016/92,Meghalaya,,,,25.062025,92.386975,,,,uploaded landslide_report.pdf
19641,MEG/WJH/83C4/2016/93,Meghalaya,,,,25.068158,92.380058,,,,uploaded landslide_report.pdf
19642,MEG/WJH/83C4/2016/96,Meghalaya,,,,25.073,92.368778,,,,uploaded landslide_report.pdf
19643,MEG/WJH/83C4/2016/94,Meghalaya,,,,25.073217,92.372161,,,,uploaded landslide_report.pdf
19644,MEG/WJH/83C4/2016/95,Meghalaya,,,,25.073731,92.370786,,,,uploaded landslide_report.pdf
19645,MEG/WJH/83C4/2016/71,Meghalaya,,,,25.074439,92.371186,,,,uploaded landslide_report.pdf
19646,MEG/WJH/83C4/2016/70,Meghalaya,,,,25.075167,92.370953,,,,uploaded landslide_report.pdf
19647,MEG/WJH/83C4/2016/97,Meghalaya,,,,25.075567,92.363317,,,,uploaded landslide_report.pdf
19648,MEG/WJH/83C4/2016/98,Meghalaya,,,,25.079,92.361667,,,,uploaded landslide_report.pdf
19649,MEG/WJH/83C4/2016/102,Meghalaya,,,,25.079028,92.359111,,,,uploaded landslide_report.pdf
19650,MEG/WJH/83C4/2016/101,Meghalaya,,,,25.079722,92.359361,,,,uploaded landslide_report.pdf
19651,MEG/WJH/83C4/2016/100,Meghalaya,,,,25.081381,92.359972,,,,uploaded landslide_report.pdf
19652,MEG/WJH/83C4/2016/72,Meghalaya,,,,25.083061,92.360322,,,,uploaded landslide_report.pdf
19653,MEG/WJH/83C4/2016/99,Meghalaya,,,,25.083361,92.361083,,,,uploaded landslide_report.pdf
19654,MEG/WJH/83C4/2016/114,Meghalaya,,,,25.084611,92.335667,,,,uploaded landslide_report.pdf
19655,MEGH/JH/83C08/2007/D-16,Meghalaya,,,,25.08586,92.35869,,,,uploaded landslide_report.pdf
19656,MEG/WJH/83C4/2016/103,Meghalaya,,,,25.087917,92.357906,,,,uploaded landslide_report.pdf
19657,MEG/WJH/83C4/2016/65,Meghalaya,,,,25.091361,92.356889,,,,uploaded landslide_report.pdf
19658,MEG/EJH/83CO8/2018/01,Meghalaya,,,,25.09178,92.35469,,,,uploaded landslide_report.pdf
19659,MEG/WJH/83C4/2016/64,Meghalaya,,,,25.092083,92.35925,,,,uploaded landslide_report.pdf
19660,MEG/WJH/83C4/2016/66,Meghalaya,,,,25.092178,92.353564,,,,uploaded landslide_report.pdf
19661,MEG/WJH/83C4/2016/67,Meghalaya,,,,25.092981,92.353708,,,,uploaded landslide_report.pdf
19662,MEG/WJH/83C4/2016/113,Meghalaya,,,,25.093078,92.348025,,,,uploaded landslide_report.pdf
19663,MEG/WJH/83C4/2016/112,Meghalaya,,,,25.095131,92.350111,,,,uploaded landslide_report.pdf
19664,MEG/WJH/83C4/2016/111,Meghalaya,,,,25.096592,92.351017,,,,uploaded landslide_report.pdf
19665,MEG/WJH/83C4/2016/104,Meghalaya,,,,25.097997,92.355972,,,,uploaded landslide_report.pdf
19666,MEG/WJH/83C4/2016/140,Meghalaya,,,,25.104417,92.365028,,,,uploaded landslide_report.pdf
19667,MEG/WJH/83C4/2016/110,Meghalaya,,,,25.111331,92.351128,,,,uploaded landslide_report.pdf
19668,MEG/WJH/83C4/2016/109,Meghalaya,,,,25.112806,92.350194,,,,uploaded landslide_report.pdf
19669,MG/EJH/2018/83CO8/01,Meghalaya,,,,25.112861,92.877556,,,,uploaded landslide_report.pdf
19670,ML/EJH/83C08/2014/02,Meghalaya,,,,25.11303,92.37394,,,,uploaded landslide_report.pdf
19671,MEG/WJH/83C4/2016/108,Meghalaya,,,,25.113475,92.350506,,,,uploaded landslide_report.pdf
19672,MEG/WJH/83C4/2016/105,Meghalaya,,,,25.113586,92.370594,,,,uploaded landslide_report.pdf
19673,MEG/WJH/83C4/2016/106,Meghalaya,,,,25.114997,92.358378,,,,uploaded landslide_report.pdf
19674,MEG/WJH/83C4/2016/107,Meghalaya,,,,25.117453,92.35705,,,,uploaded landslide_report.pdf
19675,MEGH/JH/83C08/2007/D-23,Meghalaya,,,,23.0,92.388583,,,,uploaded landslide_report.pdf
19676,MEG/WJH/83C4/2016/137,Meghalaya,,,,25.122381,92.243069,,,,uploaded landslide_report.pdf
19677,MEG/WJH/83C4/2016/115,Meghalaya,,,,25.126972,92.388083,,,,uploaded landslide_report.pdf
19678,MEG/WJH/83C4/2016/116,Meghalaya,,,,25.129169,92.388306,,,,uploaded landslide_report.pdf
19679,MEG/WJH/83C4/2016/136,Meghalaya,,,,25.133289,92.225272,,,,uploaded landslide_report.pdf
19680,MEG/WJH/83C4/2016/135,Meghalaya,,,,25.133911,92.222392,,,,uploaded landslide_report.pdf
19681,MEGH/JH/83C08/2007/D-22,Meghalaya,,,,22.0,92.383528,,,,uploaded landslide_report.pdf
19682,MEG/WJH/83C4/2016/141,Meghalaya,,,,25.134293,92.38155,,,,uploaded landslide_report.pdf
19683,MEG/WJH/83C4/2016/68,Meghalaya,,,,25.134972,92.380278,,,,uploaded landslide_report.pdf
19684,MEG/WJH/83C4/2016/134,Meghalaya,,,,25.136047,92.222064,,,,uploaded landslide_report.pdf
19685,MEG/WJH/83C4/2016/44,Meghalaya,,,,25.143375,92.141861,,,,uploaded landslide_report.pdf
19686,MEG/WJH/83C4/2016/133,Meghalaya,,,,25.143969,92.217497,,,,uploaded landslide_report.pdf
19687,MEG/WJH/83C4/2016/117,Meghalaya,,,,25.14775,92.375528,,,,uploaded landslide_report.pdf
19688,MEG/WJH/83C4/2016/36,Meghalaya,,,,25.147942,92.181586,,,,uploaded landslide_report.pdf
19689,MEG/WJH/83C4/2016/34,Meghalaya,,,,25.148019,92.178114,,,,uploaded landslide_report.pdf
19690,MEG/WJH/83C4/2016/35,Meghalaya,,,,25.148083,92.180639,,,,uploaded landslide_report.pdf
19691,MEG/WJH/83C4/2016/33,Meghalaya,,,,25.148158,92.177172,,,,uploaded landslide_report.pdf
19692,MEG/WJH/83C4/2016/32,Meghalaya,,,,25.148303,92.176236,,,,uploaded landslide_report.pdf
19693,MEG/WJH/83C4/2016/31,Meghalaya,,,,25.148747,92.175119,,,,uploaded landslide_report.pdf
19694,MEG/WJH/83C4/2016/118,Meghalaya,,,,25.149603,92.367964,,,,uploaded landslide_report.pdf
19695,MEG/WJH/83C4/2016/132,Meghalaya,,,,25.14965,92.214519,,,,uploaded landslide_report.pdf
19696,MEG/WJH/83C4/2016/131,Meghalaya,,,,25.150286,92.213508,,,,uploaded landslide_report.pdf
19697,MEG/WJH/83C4/2016/37,Meghalaya,,,,25.151189,92.191308,,,,uploaded landslide_report.pdf
19698,MEG/WJH/83C4/2016/38,Meghalaya,,,,25.152367,92.195708,,,,uploaded landslide_report.pdf
19699,MEG/WJH/83C4/2016/39,Meghalaya,,,,25.153272,92.206058,,,,uploaded landslide_report.pdf
19700,MEG/WJH/83C4/2016/41,Meghalaya,,,,25.156419,92.141353,,,,uploaded landslide_report.pdf
19701,MEG/WJH/83C4/2016/42,Meghalaya,,,,25.156542,92.198469,,,,uploaded landslide_report.pdf
19702,MEG/WJH/83C4/2016/43,Meghalaya,,,,25.156889,92.198194,,,,uploaded landslide_report.pdf
19703,MEG/WJH/83C4/2016/130,Meghalaya,,,,25.157592,92.239928,,,,uploaded landslide_report.pdf
19704,MG/EKH/78O12/2017/72,Meghalaya,,,,25.158643,91.525222,,,,uploaded landslide_report.pdf
19705,MEG/WJH/83C4/2016/40,Meghalaya,,,,25.159367,92.202078,,,,uploaded landslide_report.pdf
19706,MG/EKH/78O12/2017/63,Meghalaya,,,,25.159469,91.528337,,,,uploaded landslide_report.pdf
19707,MG/EKH/78O12/2017/76,Meghalaya,,,,25.160222,91.527843,,,,uploaded landslide_report.pdf
19708,MG/EKH/78O08/2017/4,Meghalaya,,,,25.160398,91.489558,,,,uploaded landslide_report.pdf
19709,MEG/EJH/83C08/2022/01,Meghalaya,,,,25.16400556,92.38702778,,,,uploaded landslide_report.pdf
19710,MEG/WJH/83C4/2016/119,Meghalaya,,,,25.164133,92.417747,,,,uploaded landslide_report.pdf
19711,MEG/WJH/83C4/2016/120,Meghalaya,,,,25.165028,92.388056,,,,uploaded landslide_report.pdf
19712,MEG/WJH/83C4/2016/121,Meghalaya,,,,25.165222,92.388389,,,,uploaded landslide_report.pdf
19713,MG/EKH/78O12/2017/77,Meghalaya,,,,25.169159,91.690014,,,,uploaded landslide_report.pdf
19714,MG/EKH/78O12/2017/34,Meghalaya,,,,25.180032,91.65815,,,,uploaded landslide_report.pdf
19715,MG/EKH/78O12/2017/42,Meghalaya,,,,25.180536,91.576839,,,,uploaded landslide_report.pdf
19716,MG/EKH/78O12/2017/28,Meghalaya,,,,28.0,91.570335,,,,uploaded landslide_report.pdf
19717,MG/EKH/78O12/2017/12,Meghalaya,,,,25.181759,91.573658,,,,uploaded landslide_report.pdf
19718,MG/EKH/78O12/2017/33,Meghalaya,,,,25.181969,91.637545,,,,uploaded landslide_report.pdf
19719,MG/EKH/78O12/2017/23,Meghalaya,,,,23.0,91.618979,,,,uploaded landslide_report.pdf
19720,MEG/WJH/83C4/2016/26,Meghalaya,,,,26.0,92.029531,,,,uploaded landslide_report.pdf
19721,MG/EKH/78O08/2017/6,Meghalaya,,,,25.18676,91.396515,,,,uploaded landslide_report.pdf
19722,MG/EKH/78O16/2017/12,Meghalaya,,,,25.188327,91.761486,,,,uploaded landslide_report.pdf
19723,MEG/WJH/83C4/2016/25,Meghalaya,,,,25.0,92.074139,,,,uploaded landslide_report.pdf
19724,MEG/WJH/83C4/2016/30,Meghalaya,,,,30.0,92.079564,,,,uploaded landslide_report.pdf
19725,MG/EKH/78O08/2017/1,Meghalaya,,,,25.18955,91.453997,,,,uploaded landslide_report.pdf
19726,MEG/WJH/83C4/2016/24,Meghalaya,,,,24.0,92.003389,,,,uploaded landslide_report.pdf
19727,MG/SWK/78O04/2017/7,Meghalaya,,,,25.191366,91.040468,,,,uploaded landslide_report.pdf
19728,MEG/WJH/83C4/2016/28,Meghalaya,,,,28.0,92.155361,,,,uploaded landslide_report.pdf
19729,MEG/WJH/83C4/2016/122,Meghalaya,,,,25.192422,92.37705,,,,uploaded landslide_report.pdf
19730,MG/EKH/78O12/2017/53,Meghalaya,,,,25.196781,91.574727,,,,uploaded landslide_report.pdf
19731,MEG/WJH/83C4/2016/17,Meghalaya,,,,25.197283,92.1991,,,,uploaded landslide_report.pdf
19732,MEG/WJH/83C4/2016/18,Meghalaya,,,,25.197283,92.2225,,,,uploaded landslide_report.pdf
19733,MG/SWK/78O04/2017/4,Meghalaya,,,,25.197881,91.139559,,,,uploaded landslide_report.pdf
19734,MG/EKH/78O16/2017/9,Meghalaya,,,,25.199311,91.858857,,,,uploaded landslide_report.pdf
19735,MEG/WJH/83C4/2016/16,Meghalaya,,,,25.200333,92.200472,,,,uploaded landslide_report.pdf
19736,MG/EKH/78O12/2017/80,Meghalaya,,,,25.200934,91.63449,,,,uploaded landslide_report.pdf
19737,MEGH/WKH/78O04/2008/D-26,Meghalaya,,,,26.0,91.234,,,,uploaded landslide_report.pdf
19738,MG/EKH/78O12/2017/8,Meghalaya,,,,25.20111,91.640451,,,,uploaded landslide_report.pdf
19739,MEGH/WKH/78O04/2008/D-27,Meghalaya,,,,27.0,91.20908,,,,uploaded landslide_report.pdf
19740,MEG/WJH/83C4/2016/15,Meghalaya,,,,25.202886,92.201147,,,,uploaded landslide_report.pdf
19741,MG/EKH/78O12/2017/4,Meghalaya,,,,25.204882,91.742535,,,,uploaded landslide_report.pdf
19742,MG/EKH/78O12/2017/39,Meghalaya,,,,25.205078,91.57517,,,,uploaded landslide_report.pdf
19743,MG/EKH/78O16/2017/6,Meghalaya,,,,25.205307,91.755686,,,,uploaded landslide_report.pdf
19744,MG/EKH/78O16/2017/2,Meghalaya,,,,25.205465,91.755789,,,,uploaded landslide_report.pdf
19745,MG/EKH/78O12/2017/5,Meghalaya,,,,25.205623,91.736208,,,,uploaded landslide_report.pdf
19746,MG/EKH/78O12/2017/30,Meghalaya,,,,30.0,91.599771,,,,uploaded landslide_report.pdf
19747,MG/EKH/78O16/2017/5,Meghalaya,,,,25.206426,91.75498,,,,uploaded landslide_report.pdf
19748,MG/EKH/78O12/2017/26,Meghalaya,,,,26.0,91.744914,,,,uploaded landslide_report.pdf
19749,MG/EKH/78O12/2017/32,Meghalaya,,,,25.206573,91.738428,,,,uploaded landslide_report.pdf
19750,MG/EKH/78O12/2017/64,Meghalaya,,,,25.206686,91.73898,,,,uploaded landslide_report.pdf
19751,MG/SWK/78O04/2017/3,Meghalaya,,,,25.206763,91.231417,,,,uploaded landslide_report.pdf
19752,MG/EKH/78O12/2017/65,Meghalaya,,,,25.206885,91.740497,,,,uploaded landslide_report.pdf
19753,MG/EKH/78O12/2017/71,Meghalaya,,,,25.206892,91.736341,,,,uploaded landslide_report.pdf
19754,MEG/WJH/83C4/2016/14,Meghalaya,,,,25.206972,92.208028,,,,uploaded landslide_report.pdf
19755,MG/EKH/78O12/2017/44,Meghalaya,,,,25.2071,91.741225,,,,uploaded landslide_report.pdf
19756,MG/EKH/78O12/2017/29,Meghalaya,,,,29.0,91.592357,,,,uploaded landslide_report.pdf
19757,MG/EKH/78O12/2017/22,Meghalaya,,,,22.0,91.746839,,,,uploaded landslide_report.pdf
19758,MG/EKH/78O12/2017/41,Meghalaya,,,,25.208256,91.69041,,,,uploaded landslide_report.pdf
19759,MG/EKH/78O12/2017/62,Meghalaya,,,,25.208313,91.606889,,,,uploaded landslide_report.pdf
19760,MG/EKH/78O12/2017/73,Meghalaya,,,,25.20836,91.725397,,,,uploaded landslide_report.pdf
19761,MG/EKH/78O12/2017/66,Meghalaya,,,,25.208593,91.742294,,,,uploaded landslide_report.pdf
19762,MG/EKH/78O12/2017/36,Meghalaya,,,,25.209427,91.646032,,,,uploaded landslide_report.pdf
19763,MG/EKH/78O12/2017/10,Meghalaya,,,,25.209456,91.646315,,,,uploaded landslide_report.pdf
19764,MG/EKH/78O12/2017/47,Meghalaya,,,,25.209568,91.745894,,,,uploaded landslide_report.pdf
19765,MG/EKH/78O12/2017/50,Meghalaya,,,,25.209703,91.646662,,,,uploaded landslide_report.pdf
19766,MG/SWK/78O04/2017/1,Meghalaya,,,,25.211269,91.208223,,,,uploaded landslide_report.pdf
19767,MEG/WJH/83C4/2016/10,Meghalaya,,,,25.211722,92.065389,,,,uploaded landslide_report.pdf
19768,MEG/WJH/83C4/2016/09,Meghalaya,,,,25.211814,92.065517,,,,uploaded landslide_report.pdf
19769,MEG/WJH/83C4/2016/27,Meghalaya,,,,27.0,92.047306,,,,uploaded landslide_report.pdf
19770,MG/EKH/78O12/2017/19,Meghalaya,,,,25.212554,91.747962,,,,uploaded landslide_report.pdf
19771,MEG/WJH/83C4/2016/29,Meghalaya,,,,29.0,92.045428,,,,uploaded landslide_report.pdf
19772,MG/EKH/78O12/2017/43,Meghalaya,,,,25.214783,91.590875,,,,uploaded landslide_report.pdf
19773,MEG/WJH/83C4/2016/08,Meghalaya,,,,25.214944,92.073917,,,,uploaded landslide_report.pdf
19774,MEG/WJH/83C4/2016/07,Meghalaya,,,,25.215028,92.075167,,,,uploaded landslide_report.pdf
19775,MEG/WJH/83C4/2016/05,Meghalaya,,,,25.215583,92.077639,,,,uploaded landslide_report.pdf
19776,MEG/WJH/83C4/2016/06,Meghalaya,,,,25.215611,92.077361,,,,uploaded landslide_report.pdf
19777,MG/EKH/78O12/2017/54,Meghalaya,,,,25.216078,91.738387,,,,uploaded landslide_report.pdf
19778,MG/EKH/78O08/2017/2,Meghalaya,,,,25.216169,91.389142,,,,uploaded landslide_report.pdf
19779,MG/EKH/78O12/2017/46,Meghalaya,,,,25.216464,91.735629,,,,uploaded landslide_report.pdf
19780,MG/EKH/78O12/2017/48,Meghalaya,,,,25.216805,91.709405,,,,uploaded landslide_report.pdf
19781,MG/EKH/78O12/2017/20,Meghalaya,,,,20.0,91.709355,,,,uploaded landslide_report.pdf
19782,MG/EKH/78O12/2017/55,Meghalaya,,,,25.217886,91.73381,,,,uploaded landslide_report.pdf
19783,MG/EKH/78O12/2017/18,Meghalaya,,,,25.218732,91.740262,,,,uploaded landslide_report.pdf
19784,MG/EKH/78O12/2017/61,Meghalaya,,,,25.218821,91.581584,,,,uploaded landslide_report.pdf
19785,MG/EKH/78O12/2017/31,Meghalaya,,,,25.218961,91.707094,,,,uploaded landslide_report.pdf
19786,MG/EKH/78O12/2017/16,Meghalaya,,,,25.219787,91.710947,,,,uploaded landslide_report.pdf
19787,MG/EKH/78O12/2017/11,Meghalaya,,,,25.220023,91.631989,,,,uploaded landslide_report.pdf
19788,MG/EKH/78O12/2017/9,Meghalaya,,,,25.22026,91.720198,,,,uploaded landslide_report.pdf
19789,MG/SWK/78O04/2017/6,Meghalaya,,,,25.220764,91.187,,,,uploaded landslide_report.pdf
19790,MG/EKH/78O12/2017/13,Meghalaya,,,,25.221164,91.719886,,,,uploaded landslide_report.pdf
19791,MG/EKH/78O08/2017/7,Meghalaya,,,,25.221406,91.387092,,,,uploaded landslide_report.pdf
19792,MG/SWK/78O04/2017/5,Meghalaya,,,,25.221572,91.185833,,,,uploaded landslide_report.pdf
19793,MG/EKH/78O12/2017/67,Meghalaya,,,,25.22175,91.693006,,,,uploaded landslide_report.pdf
19794,MG/EKH/78O12/2017/45,Meghalaya,,,,25.222221,91.742134,,,,uploaded landslide_report.pdf
19795,MG/EKH/78O16/2017/1,Meghalaya,,,,25.222304,91.763619,,,,uploaded landslide_report.pdf
19796,MG/EKH/78O12/2017/35,Meghalaya,,,,25.222501,91.714409,,,,uploaded landslide_report.pdf
19797,MG/EKH/78O16/2017/8,Meghalaya,,,,25.222528,91.765256,,,,uploaded landslide_report.pdf
19798,MG/EKH/78O12/2017/38,Meghalaya,,,,25.222564,91.691398,,,,uploaded landslide_report.pdf
19799,MG/EKH/78O16/2017/11,Meghalaya,,,,25.223307,91.762345,,,,uploaded landslide_report.pdf
19800,MG/EKH/78O12/2017/70,Meghalaya,,,,25.223553,91.671157,,,,uploaded landslide_report.pdf
19801,MG/EKH/78O16/2017/10,Meghalaya,,,,25.223708,91.76661,,,,uploaded landslide_report.pdf
19802,MG/EKH/78O12/2017/2,Meghalaya,,,,25.223769,91.740164,,,,uploaded landslide_report.pdf
19803,MG/EKH/78O12/2017/37,Meghalaya,,,,25.224417,91.689893,,,,uploaded landslide_report.pdf
19804,MG/EKH/78O12/2017/40,Meghalaya,,,,25.224506,91.704403,,,,uploaded landslide_report.pdf
19805,MG/EKH/78O12/2017/14,Meghalaya,,,,25.224654,91.735929,,,,uploaded landslide_report.pdf
19806,MG/EKH/78O12/2017/17,Meghalaya,,,,25.224808,91.696177,,,,uploaded landslide_report.pdf
19807,MG/EKH/78O16/2017/3,Meghalaya,,,,25.225772,91.863037,,,,uploaded landslide_report.pdf
19808,MG/EKH/78O12/2017/27,Meghalaya,,,,27.0,91.701458,,,,uploaded landslide_report.pdf
19809,MG/EKH/78O16/2017/4,Meghalaya,,,,25.226751,91.754441,,,,uploaded landslide_report.pdf
19810,MEG/WJH/83C4/2016/04,Meghalaya,,,,25.226806,92.090611,,,,uploaded landslide_report.pdf
19811,MG/EKH/78O12/2017/49,Meghalaya,,,,25.227063,91.691293,,,,uploaded landslide_report.pdf
19812,MG/EKH/78O12/2017/79,Meghalaya,,,,25.227183,91.690972,,,,uploaded landslide_report.pdf
19813,MG/EKH/78O12/2017/15,Meghalaya,,,,25.227249,91.748917,,,,uploaded landslide_report.pdf
19814,MG/EKH/78O12/2017/52,Meghalaya,,,,25.22784,91.688252,,,,uploaded landslide_report.pdf
19815,MG/EKH/78O12/2017/21,Meghalaya,,,,21.0,91.687913,,,,uploaded landslide_report.pdf
19816,MG/EKH/78O12/2017/51,Meghalaya,,,,25.228272,91.687776,,,,uploaded landslide_report.pdf
19817,MG/EKH/78O12/2017/57,Meghalaya,,,,25.228344,91.693332,,,,uploaded landslide_report.pdf
19818,MEG/WJH/83C4/2016/13,Meghalaya,,,,25.228472,92.187806,,,,uploaded landslide_report.pdf
19819,MG/EKH/78O16/2017/13,Meghalaya,,,,25.228755,91.963018,,,,uploaded landslide_report.pdf
19820,MG/EKH/78O12/2017/56,Meghalaya,,,,25.229161,91.693249,,,,uploaded landslide_report.pdf
19821,MEG/WJH/83C4/2016/22,Meghalaya,,,,22.0,92.2235,,,,uploaded landslide_report.pdf
19822,MG/EKH/78O12/2017/25,Meghalaya,,,,25.0,91.745297,,,,uploaded landslide_report.pdf
19823,MG/EKH/78O12/2017/74,Meghalaya,,,,25.229822,91.693551,,,,uploaded landslide_report.pdf
19824,MEG/WJH/83C4/2016/21,Meghalaya,,,,21.0,92.223278,,,,uploaded landslide_report.pdf
19825,MEG/WJH/83C4/2016/20,Meghalaya,,,,20.0,92.221119,,,,uploaded landslide_report.pdf
19826,MG/EKH/78O12/2017/59,Meghalaya,,,,25.230063,91.688941,,,,uploaded landslide_report.pdf
19827,MEG/WJH/83C4/2016/19,Meghalaya,,,,25.231383,92.2215,,,,uploaded landslide_report.pdf
19828,MEG/WJH/83C4/2016/12,Meghalaya,,,,25.232417,92.178881,,,,uploaded landslide_report.pdf
19829,MEG/WJH/83C4/2016/23,Meghalaya,,,,23.0,92.209583,,,,uploaded landslide_report.pdf
19830,MG/EKH/78O16/2017/7,Meghalaya,,,,25.234097,91.866071,,,,uploaded landslide_report.pdf
19831,MG/EKH/78O12/2017/78,Meghalaya,,,,25.23416,91.690216,,,,uploaded landslide_report.pdf
19832,MEG/WJH/83C4/2016/03,Meghalaya,,,,25.234922,92.095531,,,,uploaded landslide_report.pdf
19833,MG/EKH/78O12/2017/58,Meghalaya,,,,25.234952,91.689803,,,,uploaded landslide_report.pdf
19834,MG/EKH/78O12/2017/75,Meghalaya,,,,25.234966,91.690051,,,,uploaded landslide_report.pdf
19835,MG/EKH/78O12/2017/24,Meghalaya,,,,24.0,91.68776,,,,uploaded landslide_report.pdf
19836,MEG/WJH/83C4/2016/02,Meghalaya,,,,25.236428,92.096172,,,,uploaded landslide_report.pdf
19837,MG/EKH/78O12/2017/68,Meghalaya,,,,25.236582,91.688857,,,,uploaded landslide_report.pdf
19838,MEGH/EKH/78O08/2008/D-25,Meghalaya,,,,25.0,91.43212,,,,uploaded landslide_report.pdf
19839,MG/EKH/78O12/2017/69,Meghalaya,,,,25.237221,91.679456,,,,uploaded landslide_report.pdf
19840,MEG/WJH/83C4/2016/01,Meghalaya,,,,25.237361,92.096992,,,,uploaded landslide_report.pdf
19841,MG/SWK/78O04/2017/2,Meghalaya,,,,25.239068,91.174728,,,,uploaded landslide_report.pdf
19842,MEGH/SGH/78K12/2007/D-21,Meghalaya,,,,21.0,90.63944,,,,uploaded landslide_report.pdf
19843,MG/EKH/78O12/2017/7,Meghalaya,,,,25.240315,91.733388,,,,uploaded landslide_report.pdf
19844,MG/EKH/78O12/2017/60,Meghalaya,,,,25.240338,91.677786,,,,uploaded landslide_report.pdf
19845,MG/EKH/78O16/2017/15,Meghalaya,,,,25.24327,91.866626,,,,uploaded landslide_report.pdf
19846,MG/EKH/78O12/2017/1,Meghalaya,,,,25.243358,91.747094,,,,uploaded landslide_report.pdf
19847,MG/EKH/78O16/2017/14,Meghalaya,,,,25.243671,91.866854,,,,uploaded landslide_report.pdf
19848,MG/EKH/78O12/2017/3,Meghalaya,,,,25.243783,91.738698,,,,uploaded landslide_report.pdf
19849,MEG/WJH/83C4/2016/11,Meghalaya,,,,25.247014,92.096144,,,,uploaded landslide_report.pdf
19850,MG/EKH/78O12/2017/6,Meghalaya,,,,25.247226,91.671435,,,,uploaded landslide_report.pdf
19851,MG/EKH/78O08/2017/3,Meghalaya,,,,25.24736,91.451647,,,,uploaded landslide_report.pdf
19852,MG/EKH/78O08/2017/5,Meghalaya,,,,25.247518,91.450545,,,,uploaded landslide_report.pdf
19853,MG/WKH/78O07/2017/4,Meghalaya,,,,25.251211,91.454514,,,,uploaded landslide_report.pdf
19854,MEGH/WGH/78K03/2007/D-20,Meghalaya,,,,20.0,90.21486,,,,uploaded landslide_report.pdf
19855,ME/EKJ/78O15/2015/115,Meghalaya,,,,25.256259,91.868197,,,,uploaded landslide_report.pdf
19856,ME/EKJ/78O15/2015/116,Meghalaya,,,,25.257286,91.871763,,,,uploaded landslide_report.pdf
19857,ME/EKJ/78O15/2015/117,Meghalaya,,,,25.257449,91.87187,,,,uploaded landslide_report.pdf
19858,MEG/WJH/83C4/2016/123,Meghalaya,,,,25.258603,92.38555,,,,uploaded landslide_report.pdf
19859,ME/EKJ/78O15/2015/118,Meghalaya,,,,25.259326,91.872712,,,,uploaded landslide_report.pdf
19860,ME/EKJ/78O15/2015/119,Meghalaya,,,,25.2608,91.8736,,,,uploaded landslide_report.pdf
19861,MEG/WJH/83C4/2016/124,Meghalaya,,,,25.261117,92.385231,,,,uploaded landslide_report.pdf
19862,MEG/WJH/83C4/2016/125,Meghalaya,,,,25.2625,92.384639,,,,uploaded landslide_report.pdf
19863,ME/WJH/883C03/2015/197,Meghalaya,,,,25.262931,92.203628,,,,uploaded landslide_report.pdf
19864,ME/WJH/83C03/2015/185,Meghalaya,,,,25.263806,92.203,,,,uploaded landslide_report.pdf
19865,MEG/WJH/83C4/2016/126,Meghalaya,,,,25.264575,92.381497,,,,uploaded landslide_report.pdf
19866,MG/EKH/78O11/2017/17,Meghalaya,,,,25.265048,91.591553,,,,uploaded landslide_report.pdf
19867,ME/WJH/83C03/2015/178,Meghalaya,,,,25.265158,92.202239,,,,uploaded landslide_report.pdf
19868,ME/WJH/83C03/2015/180,Meghalaya,,,,25.266067,92.204897,,,,uploaded landslide_report.pdf
19869,ME/WJH/83C03/2015/179,Meghalaya,,,,25.266222,92.202528,,,,uploaded landslide_report.pdf
19870,MG/WKH/78O07/2017/1,Meghalaya,,,,25.266939,91.383208,,,,uploaded landslide_report.pdf
19871,MG/EKH/78O11/2017/11,Meghalaya,,,,25.26851,91.580418,,,,uploaded landslide_report.pdf
19872,ME/EKJ/78O15/2015/120,Meghalaya,,,,25.269949,91.875273,,,,uploaded landslide_report.pdf
19873,ME/EKJ/78O15/2015/121,Meghalaya,,,,25.27142,91.874884,,,,uploaded landslide_report.pdf
19874,ME/EKJ/78O15/2015/122,Meghalaya,,,,25.27197,91.874872,,,,uploaded landslide_report.pdf
19875,MG/EKH/78O11/2017/8,Meghalaya,,,,25.273217,91.609962,,,,uploaded landslide_report.pdf
19876,MG/EKH/78O11/2017/16,Meghalaya,,,,25.27342,91.578074,,,,uploaded landslide_report.pdf
19877,MG/EKH/78O11/2017/10,Meghalaya,,,,25.273477,91.577794,,,,uploaded landslide_report.pdf
19878,MEG/WJH/83C4/2016/127,Meghalaya,,,,25.274,92.373944,,,,uploaded landslide_report.pdf
19879,ME/EKJ/78O15/2015/113,Meghalaya,,,,25.277215,91.865449,,,,uploaded landslide_report.pdf
19880,MG/EKH/78O11/2017/3,Meghalaya,,,,25.277934,91.575,,,,uploaded landslide_report.pdf
19881,MG/WKH/78O07/2017/2,Meghalaya,,,,25.278028,91.348931,,,,uploaded landslide_report.pdf
19882,MEG/WJH/83C4/2016/128,Meghalaya,,,,25.280528,92.380042,,,,uploaded landslide_report.pdf
19883,MEG/WJH/83C4/2016/139,Meghalaya,,,,25.281122,92.345397,,,,uploaded landslide_report.pdf
19884,MEG/WJH/83C4/2016/138,Meghalaya,,,,25.282267,92.341433,,,,uploaded landslide_report.pdf
19885,MEG/EKH/78O11/2024/03,Meghalaya,,,,25.28236861,91.73874417,,,,uploaded landslide_report.pdf
19886,MG/EKH/78O11/2017/14,Meghalaya,,,,25.282485,91.57685,,,,uploaded landslide_report.pdf
19887,ME/EKJ/78O15/2015/114,Meghalaya,,,,25.282608,91.867354,,,,uploaded landslide_report.pdf
19888,MG/EKH/78O11/2017/13,Meghalaya,,,,25.282943,91.580161,,,,uploaded landslide_report.pdf
19889,MG/WKH/78O03/2017/14,Meghalaya,,,,25.288467,91.224269,,,,uploaded landslide_report.pdf
19890,MG/EKH/78O11/2017/5,Meghalaya,,,,25.289055,91.533039,,,,uploaded landslide_report.pdf
19891,ME/EKJ/78O15/2015/108,Meghalaya,,,,25.294601,91.930853,,,,uploaded landslide_report.pdf
19892,MEGH/EKH/78O15/2009/D-41,Meghalaya,,,,25.294778,91.930833,,,,uploaded landslide_report.pdf
19893,MG/EKH/78O11/2017/2,Meghalaya,,,,25.295624,91.56964,,,,uploaded landslide_report.pdf
19894,MG/WKH/78O03/2017/12,Meghalaya,,,,25.295881,91.071747,,,,uploaded landslide_report.pdf
19895,MEG/EKH/78O15/2022/01,Meghalaya,,,,25.296,91.932,,,,uploaded landslide_report.pdf
19896,MEG/WJH/83C4/2016/129,Meghalaya,,,,25.297628,92.387525,,,,uploaded landslide_report.pdf
19897,MEGH/EKH/78O15/2008/D-44,Meghalaya,,,,25.298806,91.923167,,,,uploaded landslide_report.pdf
19898,MG/EKH/78O11/2017/1,Meghalaya,,,,25.298951,91.726475,,,,uploaded landslide_report.pdf
19899,MG/WKH/78O07/2017/3,Meghalaya,,,,25.299369,91.325575,,,,uploaded landslide_report.pdf
19900,MG/EKH/78O11/2017/9,Meghalaya,,,,25.299931,91.726268,,,,uploaded landslide_report.pdf
19901,ME/EKJ/78O15/2015/123,Meghalaya,,,,25.300281,91.944944,,,,uploaded landslide_report.pdf
19902,MEGH/EKH/78O11/2009/D-37,Meghalaya,,,,25.300389,91.726722,,,,uploaded landslide_report.pdf
19903,MEGH/EKH/78O15/2008/D-42,Meghalaya,,,,25.301167,91.929306,,,,uploaded landslide_report.pdf
19904,ME/EKJ/78O15/2015/112,Meghalaya,,,,25.301383,91.922017,,,,uploaded landslide_report.pdf
19905,MEGH/EKH/78O15/2008/D-43,Meghalaya,,,,25.301444,91.9245,,,,uploaded landslide_report.pdf
19906,ME/EKJ/78O15/2015/111,Meghalaya,,,,25.301559,91.922585,,,,uploaded landslide_report.pdf
19907,ME/EKJ/78O15/2015/110,Meghalaya,,,,25.301676,91.923138,,,,uploaded landslide_report.pdf
19908,ME/EKJ/78O15/2015/109,Meghalaya,,,,25.302544,91.925218,,,,uploaded landslide_report.pdf
19909,MG/WKH/78O03/2017/13,Meghalaya,,,,25.305047,91.075778,,,,uploaded landslide_report.pdf
19910,MG/EJH/83C11/2018/17,Meghalaya,,,,25.309969,92.69525,,,,uploaded landslide_report.pdf
19911,MG/WKH/78K15/2018/4,Meghalaya,,,,25.311336,90.969222,,,,uploaded landslide_report.pdf
19912,MEGH/EKH/78O15/2008/D-45,Meghalaya,,,,25.311778,91.917528,,,,uploaded landslide_report.pdf
19913,ME/WJH/83C03/2015/170,Meghalaya,,,,25.312667,92.130417,,,,uploaded landslide_report.pdf
19914,ML/SWKH/78O07/2014/01,Meghalaya,,,,25.31458,91.45242,,,,uploaded landslide_report.pdf
19915,MEGH/WKH/78O07/2007/D-10,Meghalaya,,,,25.31488,91.44913,,,,uploaded landslide_report.pdf
19916,MEGH/WKH/78O07/2007/D-11,Meghalaya,,,,25.31488,91.33367,,,,uploaded landslide_report.pdf
19917,ME/EKJ/78O15/2015/140,Meghalaya,,,,25.315176,91.923021,,,,uploaded landslide_report.pdf
19918,MG/EJH/83C11/2018/13,Meghalaya,,,,25.316069,92.685461,,,,uploaded landslide_report.pdf
19919,MG/EJH/83C11/2018/15,Meghalaya,,,,25.316519,92.692311,,,,uploaded landslide_report.pdf
19920,MG/EJH/83C11/2018/16,Meghalaya,,,,25.316519,92.692,,,,uploaded landslide_report.pdf
19921,MG/EJH/83C11/2018/14,Meghalaya,,,,25.316589,92.687186,,,,uploaded landslide_report.pdf
19922,MG/EJH/83C11/2018/18,Meghalaya,,,,25.318161,92.687219,,,,uploaded landslide_report.pdf
19923,MEGH/WKH/78O07/2007/D-12,Meghalaya,,,,25.31848,91.45262,,,,uploaded landslide_report.pdf
19924,ME/EKJ/78O15/2015/134,Meghalaya,,,,25.320833,91.9275,,,,uploaded landslide_report.pdf
19925,ME/EKJ/78O15/2015/133,Meghalaya,,,,25.321102,91.927514,,,,uploaded landslide_report.pdf
19926,MG/EJH/83C11/2018/19,Meghalaya,,,,25.321975,92.504228,,,,uploaded landslide_report.pdf
19927,ME/EKJ/78O15/2015/132,Meghalaya,,,,25.322897,91.927752,,,,uploaded landslide_report.pdf
19928,ME/EKJ/78O15/2015/126,Meghalaya,,,,25.324583,91.940667,,,,uploaded landslide_report.pdf
19929,ME/EKJ/78O15/2015/125,Meghalaya,,,,25.324806,91.942194,,,,uploaded landslide_report.pdf
19930,ME/EKJ/78O15/2015/127,Meghalaya,,,,25.324861,91.938389,,,,uploaded landslide_report.pdf
19931,ME/EKJ/78O15/2015/124,Meghalaya,,,,25.324889,91.943417,,,,uploaded landslide_report.pdf
19932,ME/EKJ/78O15/2015/128,Meghalaya,,,,25.325889,91.935222,,,,uploaded landslide_report.pdf
19933,MG/EKH/78O11/2017/4,Meghalaya,,,,25.326032,91.659568,,,,uploaded landslide_report.pdf
19934,ME/EKJ/78O15/2015/130,Meghalaya,,,,25.326063,91.931808,,,,uploaded landslide_report.pdf
19935,ME/EKJ/78O15/2015/131,Meghalaya,,,,25.326204,91.932463,,,,uploaded landslide_report.pdf
19936,ME/EKJ/78O15/2015/129,Meghalaya,,,,25.326694,91.933972,,,,uploaded landslide_report.pdf
19937,ME/EKJ/78O15/2015/107,Meghalaya,,,,25.32765,91.893414,,,,uploaded landslide_report.pdf
19938,MG/EKH/78O11/2017/15,Meghalaya,,,,25.331209,91.67737,,,,uploaded landslide_report.pdf
19939,MG/EKH/78O11/2017/12,Meghalaya,,,,25.331948,91.661011,,,,uploaded landslide_report.pdf
19940,ME/EKJ/78O15/2015/143,Meghalaya,,,,25.332836,91.934395,,,,uploaded landslide_report.pdf
19941,MG/EJH/83C11/2018/12,Meghalaya,,,,25.333758,92.589778,,,,uploaded landslide_report.pdf
19942,ME/EKJ/78O15/2015/72,Meghalaya,,,,25.338631,91.777559,,,,uploaded landslide_report.pdf
19943,ME/EKJ/78O15/2015/71,Meghalaya,,,,25.338711,91.775111,,,,uploaded landslide_report.pdf
19944,MG/EJH/83C11/2018/11,Meghalaya,,,,25.339339,92.584781,,,,uploaded landslide_report.pdf
19945,ME/WJH/883C03/2015/194,Meghalaya,,,,25.341306,92.009611,,,,uploaded landslide_report.pdf
19946,MG/EJH/83C11/2018/21,Meghalaya,,,,21.0,92.58225,,,,uploaded landslide_report.pdf
19947,ME/WJH/83C03/2015/174,Meghalaya,,,,25.343028,92.0625,,,,uploaded landslide_report.pdf
19948,MG/EJH/83C11/2018/20,Meghalaya,,,,20.0,92.584269,,,,uploaded landslide_report.pdf
19949,ME/WJH/83C03/2015/173,Meghalaya,,,,25.343528,92.069028,,,,uploaded landslide_report.pdf
19950,MG/EJH/83C11/2018/10,Meghalaya,,,,25.343939,92.5849,,,,uploaded landslide_report.pdf
19951,MEG/EKH/78O15/2021/02,Meghalaya,,,,25.345,91.891,,,,uploaded landslide_report.pdf
19952,ME/EKJ/78O15/2015/106,Meghalaya,,,,25.34555,91.891461,,,,uploaded landslide_report.pdf
19953,MEGH/EKH/78O15/2008/D-46,Meghalaya,,,,25.345611,91.895,,,,uploaded landslide_report.pdf
19954,ME/WJH/883C03/2015/187,Meghalaya,,,,25.346111,92.00675,,,,uploaded landslide_report.pdf
19955,ME/EKJ/78O15/2015/59,Meghalaya,,,,25.346641,91.891987,,,,uploaded landslide_report.pdf
19956,ME/WJH/883C03/2015/188,Meghalaya,,,,25.346972,92.008278,,,,uploaded landslide_report.pdf
19957,ME/WJH/883C03/2015/190,Meghalaya,,,,25.347353,92.010558,,,,uploaded landslide_report.pdf
19958,ME/WJH/883C03/2015/189,Meghalaya,,,,25.347444,92.007917,,,,uploaded landslide_report.pdf
19959,ME/EKJ/78O15/2015/105,Meghalaya,,,,25.34815,91.892506,,,,uploaded landslide_report.pdf
19960,ME/EKJ/78O15/2015/73,Meghalaya,,,,25.348394,91.762714,,,,uploaded landslide_report.pdf
19961,ME/EKJ/78O15/2015/104,Meghalaya,,,,25.349742,91.893423,,,,uploaded landslide_report.pdf
19962,ME/EKJ/78O15/2015/139,Meghalaya,,,,25.350166,91.972582,,,,uploaded landslide_report.pdf
19963,MG/EJH/83C11/2018/2,Meghalaya,,,,25.35093,92.51236,,,,uploaded landslide_report.pdf
19964,ME/EKJ/78O15/2015/103,Meghalaya,,,,25.351304,91.89353,,,,uploaded landslide_report.pdf
19965,MG/EJH/83C11/2018/7,Meghalaya,,,,25.352431,92.513478,,,,uploaded landslide_report.pdf
19966,ME/EKJ/78O15/2015/74,Meghalaya,,,,25.353486,91.765544,,,,uploaded landslide_report.pdf
19967,MG/EJH/83C11/2018/9,Meghalaya,,,,25.354239,92.572861,,,,uploaded landslide_report.pdf
19968,ME/EKJ/78O15/2015/79,Meghalaya,,,,25.354644,91.973237,,,,uploaded landslide_report.pdf
19969,MG/EJH/83C11/2018/3,Meghalaya,,,,25.35465,92.5735,,,,uploaded landslide_report.pdf
19970,ME/EKJ/78O15/2015/75,Meghalaya,,,,25.35525,91.767889,,,,uploaded landslide_report.pdf
19971,ME/WJH/883C03/2015/192,Meghalaya,,,,25.356361,92.004972,,,,uploaded landslide_report.pdf
19972,ME/WJH/883C03/2015/191,Meghalaya,,,,25.356461,92.006278,,,,uploaded landslide_report.pdf
19973,MG/WKH/78O03/2017/16,Meghalaya,,,,25.356475,91.225489,,,,uploaded landslide_report.pdf
19974,MG/WKH/78O03/2017/15,Meghalaya,,,,25.357472,91.229167,,,,uploaded landslide_report.pdf
19975,ME/WJH/883C03/2015/193,Meghalaya,,,,25.358972,92.003131,,,,uploaded landslide_report.pdf
19976,ME/EKJ/78O15/2015/80,Meghalaya,,,,25.358977,91.973477,,,,uploaded landslide_report.pdf
19977,MG/WKH/78O03/2017/7,Meghalaya,,,,25.359281,91.035939,,,,uploaded landslide_report.pdf
19978,MEGH/EKH/78O15/2008/D-48,Meghalaya,,,,25.359306,91.885111,,,,uploaded landslide_report.pdf
19979,ME/EKJ/78O15/2015/81,Meghalaya,,,,25.359331,91.974469,,,,uploaded landslide_report.pdf
19980,MEGH/EKH/78O15/2008/D-47,Meghalaya,,,,25.359611,91.889417,,,,uploaded landslide_report.pdf
19981,ME/EKJ/78O15/2015/100,Meghalaya,,,,25.359922,91.882943,,,,uploaded landslide_report.pdf
19982,ME/EKJ/78O15/2015/101,Meghalaya,,,,25.359923,91.883122,,,,uploaded landslide_report.pdf
19983,ME/EKJ/78O15/2015/99,Meghalaya,,,,25.359985,91.882639,,,,uploaded landslide_report.pdf
19984,ME/EKJ/78O15/2015/102,Meghalaya,,,,25.360004,91.8838,,,,uploaded landslide_report.pdf
19985,ME/EKJ/78O15/2015/98,Meghalaya,,,,25.360132,91.882043,,,,uploaded landslide_report.pdf
19986,ME/EKJ/78O15/2015/82,Meghalaya,,,,25.360351,91.974979,,,,uploaded landslide_report.pdf
19987,MG/WKH/78O03/2017/6,Meghalaya,,,,25.361056,91.034889,,,,uploaded landslide_report.pdf
19988,ME/EKJ/78O15/2015/83,Meghalaya,,,,25.362972,91.976278,,,,uploaded landslide_report.pdf
19989,MG/EJH/83C11/2018/6,Meghalaya,,,,25.363156,92.618839,,,,uploaded landslide_report.pdf
19990,MEGH/EKH/78O15/2008/D-49,Meghalaya,,,,25.364889,91.881,,,,uploaded landslide_report.pdf
19991,MG/EJH/83C11/2018/8,Meghalaya,,,,25.36565,92.5314,,,,uploaded landslide_report.pdf
19992,MEGH/EKH/78O15/2008/D-50,Meghalaya,,,,25.36925,91.879611,,,,uploaded landslide_report.pdf
19993,MEGH/EKH/78O15/2008/D-51,Meghalaya,,,,25.372139,91.879889,,,,uploaded landslide_report.pdf
19994,MG/SWKH/78K15/2018/3,Meghalaya,,,,25.374072,90.8146,,,,uploaded landslide_report.pdf
19995,MEG/EJH/83C07/2024/02,Meghalaya,,,,25.37539167,92.431275,,,,uploaded landslide_report.pdf
19996,MG/EJH/83C11/2018/5,Meghalaya,,,,25.375719,92.610181,,,,uploaded landslide_report.pdf
19997,MG/EJH/83C11/2018/4,Meghalaya,,,,25.375806,92.609725,,,,uploaded landslide_report.pdf
19998,ME/EKJ/78O15/2015/58,Meghalaya,,,,25.375917,91.876,,,,uploaded landslide_report.pdf
19999,MEGH/EKH/78O15/2008/D-52,Meghalaya,,,,25.376083,91.876944,,,,uploaded landslide_report.pdf
20000,ME/EKJ/78O15/2015/97,Meghalaya,,,,25.3763,91.874028,,,,uploaded landslide_report.pdf
20001,MG/WKH/78O03/2017/5,Meghalaya,,,,25.376992,91.038136,,,,uploaded landslide_report.pdf
20002,ME/EKJ/78O15/2015/61,Meghalaya,,,,25.381107,91.756477,,,,uploaded landslide_report.pdf
20003,ME/EKJ/78O15/2015/96,Meghalaya,,,,25.382428,91.874568,,,,uploaded landslide_report.pdf
20004,ME/EKJ/78O15/2015/62,Meghalaya,,,,25.382563,91.757675,,,,uploaded landslide_report.pdf
20005,MEGH/EKH/78O15/2008/D-53,Meghalaya,,,,25.382694,91.877528,,,,uploaded landslide_report.pdf
20006,ME/EKJ/78O15/2015/63,Meghalaya,,,,25.382898,91.757906,,,,uploaded landslide_report.pdf
20007,ME/EKJ/78O15/2015/95,Meghalaya,,,,25.383298,91.87473,,,,uploaded landslide_report.pdf
20008,ME/EKJ/78O15/2015/84,Meghalaya,,,,25.385535,91.988473,,,,uploaded landslide_report.pdf
20009,ME/EKJ/78O15/2015/94,Meghalaya,,,,25.386191,91.874586,,,,uploaded landslide_report.pdf
20010,MEGH/EKH/78O15/2008/D-54,Meghalaya,,,,25.386583,91.874694,,,,uploaded landslide_report.pdf
20011,ME/EKJ/78O15/2015/85,Meghalaya,,,,25.38707,91.988294,,,,uploaded landslide_report.pdf
20012,ME/EKJ/78O15/2015/137,Meghalaya,,,,25.387781,91.877117,,,,uploaded landslide_report.pdf
20013,ME/EKJ/78O15/2015/64,Meghalaya,,,,25.387912,91.762233,,,,uploaded landslide_report.pdf
20014,MEGH/WKH/78O07/2007/D-15,Meghalaya,,,,25.38803,91.46977,,,,uploaded landslide_report.pdf
20015,ME/EKJ/78O15/2015/138,Meghalaya,,,,25.388039,91.8773,,,,uploaded landslide_report.pdf
20016,MEGH/EKH/78O15/2008/D-55,Meghalaya,,,,25.389028,91.874917,,,,uploaded landslide_report.pdf
20017,ME/EKJ/78O15/2015/93,Meghalaya,,,,25.390145,91.87196,,,,uploaded landslide_report.pdf
20018,ME/EKJ/78O15/2015/135,Meghalaya,,,,25.390444,91.883806,,,,uploaded landslide_report.pdf
20019,ME/EKJ/78O15/2015/65,Meghalaya,,,,25.390714,91.764766,,,,uploaded landslide_report.pdf
20020,ME/EKJ/78O15/2015/136,Meghalaya,,,,25.391265,91.884164,,,,uploaded landslide_report.pdf
20021,ME/EKJ/78O15/2015/92,Meghalaya,,,,25.391723,91.871851,,,,uploaded landslide_report.pdf
20022,MEGH/EKH/78O15/2008/D-56,Meghalaya,,,,25.391944,91.875028,,,,uploaded landslide_report.pdf
20023,ME/EKJ/78O15/2015/91,Meghalaya,,,,25.393914,91.872066,,,,uploaded landslide_report.pdf
20024,MG/SGH/78K11/2018/1,Meghalaya,,,,25.39466,90.69083,,,,uploaded landslide_report.pdf
20025,ME/EKJ/78O15/2015/90,Meghalaya,,,,25.394983,91.872484,,,,uploaded landslide_report.pdf
20026,ME/EKJ/78O15/2015/89,Meghalaya,,,,25.397287,91.872324,,,,uploaded landslide_report.pdf
20027,MG/SGH/78K11/2018/2,Meghalaya,,,,25.39766,90.70111,,,,uploaded landslide_report.pdf
20028,ME/EKJ/78O15/2015/66,Meghalaya,,,,25.397722,91.769417,,,,uploaded landslide_report.pdf
20029,MG/SGH/78K11/2018/6,Meghalaya,,,,25.39799,90.69972,,,,uploaded landslide_report.pdf
20030,ME/EKJ/78O15/2015/67,Meghalaya,,,,25.398345,91.769704,,,,uploaded landslide_report.pdf
20031,ME/EKJ/78O15/2015/86,Meghalaya,,,,25.39897,91.993367,,,,uploaded landslide_report.pdf
20032,ME/WJH/883C03/2015/196,Meghalaya,,,,25.400194,92.015731,,,,uploaded landslide_report.pdf
20033,MEGH/WKH/78O11/2007/D-14,Meghalaya,,,,25.40023,91.5159,,,,uploaded landslide_report.pdf
20034,MG/SGH/78K11/2018/3,Meghalaya,,,,25.40121,90.71722,,,,uploaded landslide_report.pdf
20035,MEGH/WKH/78O07/2007/D-4,Meghalaya,,,,25.4013,91.45855,,,,uploaded landslide_report.pdf
20036,MG/SGH/78K11/2018/7,Meghalaya,,,,25.403061,90.724166,,,,uploaded landslide_report.pdf
20037,MEGH/WKH/78O07/2007/D-5,Meghalaya,,,,25.40547,91.53712,,,,uploaded landslide_report.pdf
20038,ME/EKJ/78O15/2015/87,Meghalaya,,,,25.407917,91.998889,,,,uploaded landslide_report.pdf
20039,ME/EKJ/78O15/2015/68,Meghalaya,,,,25.408236,91.778704,,,,uploaded landslide_report.pdf
20040,MEGH/EKH/78O15/2008/D-57,Meghalaya,,,,25.413306,91.871139,,,,uploaded landslide_report.pdf
20041,ME/EKJ/78O15/2015/60,Meghalaya,,,,25.415438,91.867487,,,,uploaded landslide_report.pdf
20042,MG/SWKH/78K15/2018/2,Meghalaya,,,,25.416456,90.802981,,,,uploaded landslide_report.pdf
20043,MEGH/JH/83C07/2009/D-28,Meghalaya,,,,28.0,92.28894,,,,uploaded landslide_report.pdf
20044,MEGH/EKH/78O15/2008/D-58,Meghalaya,,,,25.422194,91.869222,,,,uploaded landslide_report.pdf
20045,MG/EKH/78O11/2017/7,Meghalaya,,,,25.423674,91.721317,,,,uploaded landslide_report.pdf
20046,ME/EKJ/78O15/2015/76,Meghalaya,,,,25.423839,91.862729,,,,uploaded landslide_report.pdf
20047,MEGH/WKH/78O07/2007/D-3,Meghalaya,,,,25.425,91.405,,,,uploaded landslide_report.pdf
20048,MEGH/EKH/78O15/2008/D-59,Meghalaya,,,,25.425944,91.866,,,,uploaded landslide_report.pdf
20049,ME/WJH/83C03/2015/168,Meghalaya,,,,25.426194,92.180472,,,,uploaded landslide_report.pdf
20050,ME/WJH/83C03/2015/169,Meghalaya,,,,25.426306,92.181278,,,,uploaded landslide_report.pdf
20051,ME/WJH/83C03/2015/167,Meghalaya,,,,25.430111,92.182167,,,,uploaded landslide_report.pdf
20052,MEGH/EKH/78O15/2008/D-60,Meghalaya,,,,25.430167,91.866528,,,,uploaded landslide_report.pdf
20053,ME/WJH/83C03/2015/165,Meghalaya,,,,25.434972,92.18425,,,,uploaded landslide_report.pdf
20054,ME/WJH/83C03/2015/166,Meghalaya,,,,25.435167,92.185006,,,,uploaded landslide_report.pdf
20055,MEGH/JH/78O15/2009/D-36,Meghalaya,,,,25.43561,91.862056,,,,uploaded landslide_report.pdf
20056,MG/WKH/78O03/2017/10,Meghalaya,,,,25.436306,91.050361,,,,uploaded landslide_report.pdf
20057,MG/WKH/78O03/2017/9,Meghalaya,,,,25.436706,91.051053,,,,uploaded landslide_report.pdf
20058,MG/WKH/78O03/2017/8,Meghalaya,,,,25.436875,91.06105,,,,uploaded landslide_report.pdf
20059,ME/EKJ/78O15/2015/77,Meghalaya,,,,25.437036,91.857168,,,,uploaded landslide_report.pdf
20060,ME/EKJ/78O15/2015/141,Meghalaya,,,,25.438495,91.862917,,,,uploaded landslide_report.pdf
20061,ME/WJH/83C03/2015/145,Meghalaya,,,,25.439833,92.181333,,,,uploaded landslide_report.pdf
20062,ME/WJH/883C03/2015/195,Meghalaya,,,,25.439889,92.181083,,,,uploaded landslide_report.pdf
20063,MG/SWKH/78K15/2018/1,Meghalaya,,,,25.440153,90.881372,,,,uploaded landslide_report.pdf
20064,MEGH/WKH/78O07/2007/D-13,Meghalaya,,,,25.44465,91.34622,,,,uploaded landslide_report.pdf
20065,MG/EKH/78O11/2017/6,Meghalaya,,,,25.446933,91.742919,,,,uploaded landslide_report.pdf
20066,MEGH/JH/83C03/2009/D-29,Meghalaya,,,,29.0,92.19417,,,,uploaded landslide_report.pdf
20067,ME/EKJ/78O15/2015/88,Meghalaya,,,,25.449349,91.817118,,,,uploaded landslide_report.pdf
20068,ME/WJH/83C03/2015/172,Meghalaya,,,,25.450464,92.095806,,,,uploaded landslide_report.pdf
20069,ME/EKJ/78O15/2015/69,Meghalaya,,,,25.450628,91.817767,,,,uploaded landslide_report.pdf
20070,ME/EKJ/78O15/2015/70,Meghalaya,,,,25.452164,91.819054,,,,uploaded landslide_report.pdf
20071,MG/WKH/78O03/2017/11,Meghalaya,,,,25.455639,91.082944,,,,uploaded landslide_report.pdf
20072,MG/WKH/78O03/2017/4,Meghalaya,,,,25.455817,91.086289,,,,uploaded landslide_report.pdf
20073,ME/EKJ/78O15/2015/57,Meghalaya,,,,25.461894,91.830791,,,,uploaded landslide_report.pdf
20074,MG/WKH/78O03/2017/3,Meghalaya,,,,25.462319,91.096836,,,,uploaded landslide_report.pdf
20075,ME/WJH/83C03/2015/175,Meghalaya,,,,25.463778,92.04425,,,,uploaded landslide_report.pdf
20076,MG/SGH/78K11/2018/5,Meghalaya,,,,25.47542,90.698611,,,,uploaded landslide_report.pdf
20077,MG/WKH/78K15/2018/1,Meghalaya,,,,25.479069,90.807167,,,,uploaded landslide_report.pdf
20078,MG/EJH/83C11/2018/1,Meghalaya,,,,25.484178,92.510928,,,,uploaded landslide_report.pdf
20079,MG/SGH/78K11/2018/4,Meghalaya,,,,25.48586,90.7005,,,,uploaded landslide_report.pdf
20080,ME/EKH/83C02/2015/186,Meghalaya,,,,25.489833,92.069033,,,,uploaded landslide_report.pdf
20081,ME/WJH/83C03/2015/176,Meghalaya,,,,25.490472,92.069472,,,,uploaded landslide_report.pdf
20082,ME/WJH/883C03/2015/198,Meghalaya,,,,25.490475,92.069278,,,,uploaded landslide_report.pdf
20083,ME/WJH/83C03/2015/177,Meghalaya,,,,25.490961,92.070397,,,,uploaded landslide_report.pdf
20084,ME/EKJ/78O15/2015/56,Meghalaya,,,,25.49137,91.821688,,,,uploaded landslide_report.pdf
20085,MEG/EKH/78O11/2021/002,Meghalaya,,,,25.49151667,91.77329444,,,,uploaded landslide_report.pdf
20086,MG/WKH/78O03/2017/2,Meghalaya,,,,25.496081,91.117675,,,,uploaded landslide_report.pdf
20087,MG/WKH/78O03/2017/1,Meghalaya,,,,25.496367,91.163575,,,,uploaded landslide_report.pdf
20088,MG/WKH/78O03/2017/17,Meghalaya,,,,25.496861,91.198556,,,,uploaded landslide_report.pdf
20089,MEG/EKH/78O15/2021/01,Meghalaya,,,,25.49736111,91.77902778,,,,uploaded landslide_report.pdf
20091,MG/WGH/78K03/2020/1,Meghalaya,,,,25.5,90.21,,,,uploaded landslide_report.pdf
20092,MG/WGH/78K03/2020/2,Meghalaya,,,,25.5,90.22,,,,uploaded landslide_report.pdf
20093,MG/WGH/78K03/2020/3,Meghalaya,,,,25.5,90.22,,,,uploaded landslide_report.pdf
20094,MG/WGH/78K03/2020/4,Meghalaya,,,,25.5,90.22,,,,uploaded landslide_report.pdf
20095,MG/EGH/78K10/2018/3,Meghalaya,,,,25.5014,90.68972,,,,uploaded landslide_report.pdf
20096,MEGH/WKH/78O06/2007/D-8,Meghalaya,,,,25.50335,91.28335,,,,uploaded landslide_report.pdf
20097,MEG/EKH/78O10/2021/04,Meghalaya,,,,25.50368056,91.72342222,,,,uploaded landslide_report.pdf
20098,MEG/EKH/78O10/2016/32,Meghalaya,,,,25.504083,91.723028,,,,uploaded landslide_report.pdf
20099,MEGH/WKH/78O06/2007/D-9,Meghalaya,,,,25.50667,91.28318,,,,uploaded landslide_report.pdf
20100,MG/WKH/78O02/2017/46,Meghalaya,,,,25.507378,91.223883,,,,uploaded landslide_report.pdf
20101,MG/WKH/78O02/2017/47,Meghalaya,,,,25.507528,91.224333,,,,uploaded landslide_report.pdf
20102,MEG/EKH/78O10/2016/29,Meghalaya,,,,29.0,91.708236,,,,uploaded landslide_report.pdf
20103,MG/EGH/78K10/2018/2,Meghalaya,,,,25.50781,90.68,,,,uploaded landslide_report.pdf
20104,MG/WKH/78O02/2017/48,Meghalaya,,,,25.508,91.225694,,,,uploaded landslide_report.pdf
20105,MEG/EKH/78O10/2016/30,Meghalaya,,,,30.0,91.703961,,,,uploaded landslide_report.pdf
20106,MEG/EKH/78O10/2016/31,Meghalaya,,,,25.509358,91.719631,,,,uploaded landslide_report.pdf
20107,MG/WGH/78K02/2020/1,Meghalaya,,,,25.51,90.21,,,,uploaded landslide_report.pdf
20108,MEGH/WGH/78K02/2007/D-19,Meghalaya,,,,25.51028,90.21678,,,,uploaded landslide_report.pdf
20109,MEG/EKH/78O10/2021/05,Meghalaya,,,,25.51046111,91.70312778,,,,uploaded landslide_report.pdf
20110,MG/EGH/78K10/2018/1,Meghalaya,,,,25.512611,90.658611,,,,uploaded landslide_report.pdf
20111,MG/WKH/78O06/2017/20,Meghalaya,,,,20.0,91.266444,,,,uploaded landslide_report.pdf
20112,MEGH/WKH/78O06/2007/D-7,Meghalaya,,,,25.51973,91.28443,,,,uploaded landslide_report.pdf
20113,MEG/WKH/78O10/2016/03,Meghalaya,,,,25.520356,91.537764,,,,uploaded landslide_report.pdf
20114,MEGH/WKH/78O06/2007/D-6,Meghalaya,,,,25.5208,91.25985,,,,uploaded landslide_report.pdf
20115,MG/WKH/78O06/2017/1,Meghalaya,,,,25.522717,91.448328,,,,uploaded landslide_report.pdf
20116,ME/EKJ/78O14/2015/26,Meghalaya,,,,26.0,91.892701,,,,uploaded landslide_report.pdf
20117,MEG/WKH/78O10/2016/02,Meghalaya,,,,25.523,91.521389,,,,uploaded landslide_report.pdf
20118,MG/WKH/78O06/2017/5,Meghalaya,,,,25.523083,91.268972,,,,uploaded landslide_report.pdf
20119,MEG/WKH/78O10/2016/01,Meghalaya,,,,25.524931,91.514383,,,,uploaded landslide_report.pdf
20120,MG/WKH/78O06/2017/19,Meghalaya,,,,25.525533,91.467683,,,,uploaded landslide_report.pdf
20121,MG/WJH/83C06/2018/2,Meghalaya,,,,25.527489,92.415139,,,,uploaded landslide_report.pdf
20122,MEGH/EKH/78O14/2009/D-40,Meghalaya,,,,25.5275,91.918861,,,,uploaded landslide_report.pdf
20123,MG/WKH/78O06/2017/17,Meghalaya,,,,25.527781,91.263214,,,,uploaded landslide_report.pdf
20124,MG/WKH/78O06/2017/2,Meghalaya,,,,25.528308,91.395711,,,,uploaded landslide_report.pdf
20125,MEGH/EKH/78O14/2009/D-39,Meghalaya,,,,25.529056,91.923722,,,,uploaded landslide_report.pdf
20126,MG/WJH/83C06/2018/5,Meghalaya,,,,25.529408,92.455339,,,,uploaded landslide_report.pdf
20127,MG/WGH/78G14/2020/3,Meghalaya,,,,25.53,89.98,,,,uploaded landslide_report.pdf
20128,MG/WGH/78G14/2020/4,Meghalaya,,,,25.53,89.98,,,,uploaded landslide_report.pdf
20129,MG/WKH/78O02/2017/56,Meghalaya,,,,25.533183,91.205647,,,,uploaded landslide_report.pdf
20130,MG/WKH/78O02/2017/55,Meghalaya,,,,25.534486,91.205492,,,,uploaded landslide_report.pdf
20131,MEGH/JH/83C02/2009/D-30,Meghalaya,,,,30.0,92.11539,,,,uploaded landslide_report.pdf
20132,MEG/WKH/78O10/2016/08,Meghalaya,,,,25.535628,91.679575,,,,uploaded landslide_report.pdf
20133,MG/WKH/78O02/2017/54,Meghalaya,,,,25.536889,91.206556,,,,uploaded landslide_report.pdf
20134,MEGH/EKH/78O14/2009/D-38,Meghalaya,,,,25.536972,91.973639,,,,uploaded landslide_report.pdf
20135,MG/WKH/78O02/2017/53,Meghalaya,,,,25.53725,91.206972,,,,uploaded landslide_report.pdf
20136,MG/WKH/78O02/2017/52,Meghalaya,,,,25.537344,91.207542,,,,uploaded landslide_report.pdf
20137,MG/WKH/78O02/2017/51,Meghalaya,,,,25.537636,91.208528,,,,uploaded landslide_report.pdf
20138,MEG/WKH/78O10/2016/04,Meghalaya,,,,25.537972,91.602361,,,,uploaded landslide_report.pdf
20139,ME/EKH/83C02/2015/164,Meghalaya,,,,25.539611,92.001556,,,,uploaded landslide_report.pdf
20140,ME/EKH/83C02/2015/146,Meghalaya,,,,25.541611,92.0125,,,,uploaded landslide_report.pdf
20141,MEGH/EKH/83C02/2009/D-34,Meghalaya,,,,25.54231,92.1,,,,uploaded landslide_report.pdf
20142,MEGH/EKH/83C02/2009/D-31,Meghalaya,,,,25.54261,92.10867,,,,uploaded landslide_report.pdf
20143,MEGH/EKH/83C02/2009/D-35,Meghalaya,,,,25.54261,92.09842,,,,uploaded landslide_report.pdf
20144,MEGH/EKH/83C02/2009/D-33,Meghalaya,,,,25.54264,92.10214,,,,uploaded landslide_report.pdf
20145,ME/EKH/83C02/2015/151,Meghalaya,,,,25.542694,92.096472,,,,uploaded landslide_report.pdf
20146,MEG/EKH/78O10/2016/09,Meghalaya,,,,25.542744,91.662067,,,,uploaded landslide_report.pdf
20147,ME/EKH/83C02/2015/152,Meghalaya,,,,25.542806,92.096972,,,,uploaded landslide_report.pdf
20148,MEGH/EKH/83C02/2009/D-32,Meghalaya,,,,25.54328,92.10478,,,,uploaded landslide_report.pdf
20149,MG/WKH/78O02/2017/50,Meghalaya,,,,25.544028,91.215472,,,,uploaded landslide_report.pdf
20150,ME/EKH/83C02/2015/153,Meghalaya,,,,25.544506,92.102033,,,,uploaded landslide_report.pdf
20151,MG/WKH/78O06/2017/10,Meghalaya,,,,25.544889,91.263722,,,,uploaded landslide_report.pdf
20152,MG/WKH/78O06/2017/8,Meghalaya,,,,25.544906,91.268575,,,,uploaded landslide_report.pdf
20153,MG/WKH/78O06/2017/6,Meghalaya,,,,25.544917,91.270722,,,,uploaded landslide_report.pdf
20154,MG/WKH/78O06/2017/12,Meghalaya,,,,25.544936,91.267672,,,,uploaded landslide_report.pdf
20155,MG/WKH/78O06/2017/7,Meghalaya,,,,25.545061,91.269778,,,,uploaded landslide_report.pdf
20156,ME/EKH/83C02/2015/154,Meghalaya,,,,25.545083,92.103175,,,,uploaded landslide_report.pdf
20157,ME/EKH/83C02/2015/155,Meghalaya,,,,25.545139,92.104778,,,,uploaded landslide_report.pdf
20158,MG/WKH/78O06/2017/11,Meghalaya,,,,25.545206,91.276144,,,,uploaded landslide_report.pdf
20159,MG/WKH/78O06/2017/3,Meghalaya,,,,25.545642,91.325403,,,,uploaded landslide_report.pdf
20160,MG/WKH/78O02/2017/49,Meghalaya,,,,25.545722,91.520556,,,,uploaded landslide_report.pdf
20161,MG/WKH/78O06/2017/13,Meghalaya,,,,25.545939,91.284283,,,,uploaded landslide_report.pdf
20162,MG/WKH/78O02/2017/13,Meghalaya,,,,25.546456,91.235733,,,,uploaded landslide_report.pdf
20163,MG/WKH/78O02/2017/14,Meghalaya,,,,25.546553,91.235222,,,,uploaded landslide_report.pdf
20164,MG/WKH/78O06/2017/14,Meghalaya,,,,25.547867,91.292589,,,,uploaded landslide_report.pdf
20165,MEG/WKH/78O10/2016/10,Meghalaya,,,,25.548089,91.647706,,,,uploaded landslide_report.pdf
20166,MEG/WKH/78O10/2016/05,Meghalaya,,,,25.548306,91.61775,,,,uploaded landslide_report.pdf
20167,MG/WKH/78O02/2017/37,Meghalaya,,,,25.549139,91.244417,,,,uploaded landslide_report.pdf
20168,MG/WKH/78O02/2017/38,Meghalaya,,,,25.549333,91.246583,,,,uploaded landslide_report.pdf
20169,MG/WKH/78O02/2017/39,Meghalaya,,,,25.549639,91.247472,,,,uploaded landslide_report.pdf
20170,MG/WKH/78O02/2017/36,Meghalaya,,,,25.549667,91.242444,,,,uploaded landslide_report.pdf
20171,MEG/WKH/78O10/2016/07,Meghalaya,,,,25.549789,91.645033,,,,uploaded landslide_report.pdf
20172,MG/WKH/78O06/2017/15,Meghalaya,,,,25.549861,91.295706,,,,uploaded landslide_report.pdf
20173,MG/WKH/78O06/2017/21,Meghalaya,,,,21.0,91.341175,,,,uploaded landslide_report.pdf
20174,MG/WGH/78K06/2020/14,Meghalaya,,,,25.55,90.33,,,,uploaded landslide_report.pdf
20175,MG/WKH/78O06/2017/9,Meghalaya,,,,25.550122,91.250286,,,,uploaded landslide_report.pdf
20176,MEG/WKH/78O10/2016/06,Meghalaya,,,,25.5502,91.618106,,,,uploaded landslide_report.pdf
20177,MG/WKH/78O02/2017/15,Meghalaya,,,,25.550608,91.232894,,,,uploaded landslide_report.pdf
20178,MG/WKH/78O02/2017/16,Meghalaya,,,,25.551225,91.232636,,,,uploaded landslide_report.pdf
20179,MG/WKH/78O06/2017/16,Meghalaya,,,,25.55125,91.297056,,,,uploaded landslide_report.pdf
20180,MG/WKH/78O02/2017/17,Meghalaya,,,,25.551667,91.2325,,,,uploaded landslide_report.pdf
20181,MG/WJH/83C06/2018/3,Meghalaya,,,,25.551667,92.331806,,,,uploaded landslide_report.pdf
20182,MG/WKH/78O02/2017/35,Meghalaya,,,,25.552647,91.237072,,,,uploaded landslide_report.pdf
20183,MG/WKH/78K14/2018/2,Meghalaya,,,,25.552992,90.814503,,,,uploaded landslide_report.pdf
20184,MG/WKH/78K14/2018/9,Meghalaya,,,,25.553522,90.815225,,,,uploaded landslide_report.pdf
20185,MG/WKH/78O02/2017/18,Meghalaya,,,,25.553794,91.231139,,,,uploaded landslide_report.pdf
20186,MG/WKH/78O02/2017/34,Meghalaya,,,,25.555256,91.234944,,,,uploaded landslide_report.pdf
20187,MG/EGH/78K14/2018/8,Meghalaya,,,,25.557833,90.818103,,,,uploaded landslide_report.pdf
20188,MG/EGH/78K14/2018/7,Meghalaya,,,,25.558058,90.809919,,,,uploaded landslide_report.pdf
20189,MG/WKH/78O02/2017/19,Meghalaya,,,,25.558442,91.228547,,,,uploaded landslide_report.pdf
20190,MG/WKH/78O02/2017/33,Meghalaya,,,,25.558489,91.230911,,,,uploaded landslide_report.pdf
20191,MG/WKH/78O02/2017/32,Meghalaya,,,,25.559222,91.229639,,,,uploaded landslide_report.pdf
20192,ME/EKH/83C02/2015/171,Meghalaya,,,,25.559778,92.226278,,,,uploaded landslide_report.pdf
20193,MG/WGH/78K06/2020/15,Meghalaya,,,,25.56,90.34,,,,uploaded landslide_report.pdf
20194,MG/WGH/78K06/2020/16,Meghalaya,,,,25.56,90.37,,,,uploaded landslide_report.pdf
20195,MG/SWKH/78K14/2018/1,Meghalaya,,,,25.560028,90.833917,,,,uploaded landslide_report.pdf
20196,MG/WKH/78O02/2017/31,Meghalaya,,,,25.560667,91.228028,,,,uploaded landslide_report.pdf
20197,MG/WKH/78O02/2017/30,Meghalaya,,,,30.0,91.227694,,,,uploaded landslide_report.pdf
20198,MG/WJH/83C06/2018/6,Meghalaya,,,,25.561281,92.330142,,,,uploaded landslide_report.pdf
20199,MG/WKH/78O02/2017/21,Meghalaya,,,,21.0,91.225711,,,,uploaded landslide_report.pdf
20200,MG/WJH/83C06/2018/4,Meghalaya,,,,25.563472,92.329689,,,,uploaded landslide_report.pdf
20201,MG/WKH/78O02/2017/57,Meghalaya,,,,25.565333,91.225667,,,,uploaded landslide_report.pdf
20202,MG/WKH/78O02/2017/20,Meghalaya,,,,20.0,91.220686,,,,uploaded landslide_report.pdf
20203,MG/SGH/78K14/2018/3,Meghalaya,,,,25.565569,90.808153,,,,uploaded landslide_report.pdf
20204,MEGH/EKH/78O14/2007/D-17,Meghalaya,,,,25.56667,91.90194,,,,uploaded landslide_report.pdf
20205,MEG/WKH/78O10/2016/11,Meghalaya,,,,25.568056,91.737944,,,,uploaded landslide_report.pdf
20206,MEG/WKH/78O10/2016/12,Meghalaya,,,,25.568106,91.737919,,,,uploaded landslide_report.pdf
20207,ME/EKJ/78O14/2015/28,Meghalaya,,,,28.0,91.833286,,,,uploaded landslide_report.pdf
20208,MG/WKH/78O02/2017/22,Meghalaya,,,,22.0,91.217222,,,,uploaded landslide_report.pdf
20209,ME/EKH/83C02/2015/182,Meghalaya,,,,25.569278,92.2025,,,,uploaded landslide_report.pdf
20210,ME/EKH/83C02/2015/183,Meghalaya,,,,25.569333,92.202139,,,,uploaded landslide_report.pdf
20211,MG/WKH/78O02/2017/23,Meghalaya,,,,23.0,91.21575,,,,uploaded landslide_report.pdf
20212,MG/WGH/78G14/2020/2,Meghalaya,,,,25.57,89.98,,,,uploaded landslide_report.pdf
20213,MG/WKH/78O02/2017/24,Meghalaya,,,,24.0,91.215056,,,,uploaded landslide_report.pdf
20214,MEG/WJH/83C10/2016/31,Meghalaya,,,,25.571,92.55128,,,,uploaded landslide_report.pdf
20215,ME/EKJ/78O14/2015/10,Meghalaya,,,,25.571256,91.825464,,,,uploaded landslide_report.pdf
20216,ME/EKJ/78O14/2015/27,Meghalaya,,,,27.0,91.833183,,,,uploaded landslide_report.pdf
20217,ME/EKJ/78O14/2015/11,Meghalaya,,,,25.571555,91.826228,,,,uploaded landslide_report.pdf
20218,ME/EKJ/78O14/2015/12,Meghalaya,,,,25.571747,91.827526,,,,uploaded landslide_report.pdf
20219,ME/EKJ/78O14/2015/13,Meghalaya,,,,25.572312,91.828292,,,,uploaded landslide_report.pdf
20220,MG/WKH/78O02/2017/25,Meghalaya,,,,25.0,91.209156,,,,uploaded landslide_report.pdf
20221,ME/EKJ/78O14/2015/14,Meghalaya,,,,25.57255,91.828833,,,,uploaded landslide_report.pdf
20222,ME/EKJ/78O14/2015/15,Meghalaya,,,,25.573653,91.831023,,,,uploaded landslide_report.pdf
20223,ME/EKH/83C02/2015/147,Meghalaya,,,,25.57395,92.058583,,,,uploaded landslide_report.pdf
20224,MG/WKH/78O02/2017/60,Meghalaya,,,,25.57425,91.214472,,,,uploaded landslide_report.pdf
20225,ME/EKJ/78O14/2015/16,Meghalaya,,,,25.57428,91.831851,,,,uploaded landslide_report.pdf
20226,ME/EKH/83C02/2015/148,Meghalaya,,,,25.576203,92.057722,,,,uploaded landslide_report.pdf
20227,ME/EKH/83C02/2015/181,Meghalaya,,,,25.576806,92.242444,,,,uploaded landslide_report.pdf
20228,ME/EKJ/78O14/2015/52,Meghalaya,,,,25.576847,91.753423,,,,uploaded landslide_report.pdf
20229,ME/EKJ/78O14/2015/53,Meghalaya,,,,25.577212,91.75219,,,,uploaded landslide_report.pdf
20230,MG/WJH/83C06/2018/1,Meghalaya,,,,25.578206,92.266856,,,,uploaded landslide_report.pdf
20231,ML/EKH/78O14/2014/03,Meghalaya,,,,25.57822,91.86545,,,,uploaded landslide_report.pdf
20232,MG/WGH/78G14/2020/1,Meghalaya,,,,25.58,89.99,,,,uploaded landslide_report.pdf
20233,MG/WKH/78O02/2017/58,Meghalaya,,,,25.580703,91.237361,,,,uploaded landslide_report.pdf
20234,MG/WKH/78O02/2017/5,Meghalaya,,,,25.581572,91.181611,,,,uploaded landslide_report.pdf
20235,MG/WKH/78O02/2017/6,Meghalaya,,,,25.581822,91.189944,,,,uploaded landslide_report.pdf
20236,ME/EKJ/78O14/2015/54,Meghalaya,,,,25.581829,91.765659,,,,uploaded landslide_report.pdf
20237,MG/WKH/78O02/2017/62,Meghalaya,,,,25.581983,91.176972,,,,uploaded landslide_report.pdf
20238,MG/WKH/78O02/2017/61,Meghalaya,,,,25.582061,91.185611,,,,uploaded landslide_report.pdf
20239,ME/EKH/83C02/2015/149,Meghalaya,,,,25.582167,92.058333,,,,uploaded landslide_report.pdf
20240,MG/WKH/78O02/2017/29,Meghalaya,,,,29.0,91.183972,,,,uploaded landslide_report.pdf
20241,MG/WKH/78O02/2017/59,Meghalaya,,,,25.583236,91.237317,,,,uploaded landslide_report.pdf
20242,MG/WKH/78O02/2017/4,Meghalaya,,,,25.585389,91.1765,,,,uploaded landslide_report.pdf
20243,ME/EKJ/78O14/2015/55,Meghalaya,,,,25.585875,91.777328,,,,uploaded landslide_report.pdf
20244,MG/WKH/78O06/2017/18,Meghalaya,,,,25.587111,91.498556,,,,uploaded landslide_report.pdf
20245,ME/EKH/83C02/2015/150,Meghalaya,,,,25.592972,92.055139,,,,uploaded landslide_report.pdf
20246,ME/EKJ/78O14/2015/18,Meghalaya,,,,25.59578,91.917379,,,,uploaded landslide_report.pdf
20247,MG/WKH/78O02/2017/67,Meghalaya,,,,25.597614,91.153233,,,,uploaded landslide_report.pdf
20248,MG/WKH/78O02/2017/2,Meghalaya,,,,25.598908,91.175628,,,,uploaded landslide_report.pdf
20249,ME/EKJ/78O14/2015/46,Meghalaya,,,,25.599096,91.859289,,,,uploaded landslide_report.pdf
20250,MG/WKH/78O02/2017/3,Meghalaya,,,,25.599575,91.1782,,,,uploaded landslide_report.pdf
20251,ME/EKJ/78O14/2015/44,Meghalaya,,,,25.599762,91.860814,,,,uploaded landslide_report.pdf
20252,ME/EKJ/78O14/2015/45,Meghalaya,,,,25.599815,91.860028,,,,uploaded landslide_report.pdf
20253,MG/WKH/78O02/2017/69,Meghalaya,,,,25.599817,91.176394,,,,uploaded landslide_report.pdf
20254,MG/WGH/78K02/2020/2,Meghalaya,,,,25.6,90.03,,,,uploaded landslide_report.pdf
20255,MG/WGH/78K06/2020/2,Meghalaya,,,,25.6,90.29,,,,uploaded landslide_report.pdf
20256,MG/WKH/78O02/2017/70,Meghalaya,,,,25.600736,91.177453,,,,uploaded landslide_report.pdf
20257,MG/WKH/78O02/2017/1,Meghalaya,,,,25.602683,91.180708,,,,uploaded landslide_report.pdf
20258,ME/EKJ/78O15/2015/142,Meghalaya,,,,25.60339,91.856222,,,,uploaded landslide_report.pdf
20259,MG/WKH/78O02/2017/63,Meghalaya,,,,25.606189,91.157706,,,,uploaded landslide_report.pdf
20260,ME/EKJ/78O14/2015/47,Meghalaya,,,,25.606193,91.856276,,,,uploaded landslide_report.pdf
20261,MG/WKH/78O02/2017/10,Meghalaya,,,,25.606969,91.176158,,,,uploaded landslide_report.pdf
20262,MG/WKH/78O02/2017/68,Meghalaya,,,,25.607458,91.157039,,,,uploaded landslide_report.pdf
20263,MG/WKH/78O02/2017/11,Meghalaya,,,,25.607567,91.174906,,,,uploaded landslide_report.pdf
20264,MG/WGH/78K06/2020/1,Meghalaya,,,,25.61,90.29,,,,uploaded landslide_report.pdf
20265,MG/WGH/78K06/2020/3,Meghalaya,,,,25.61,90.29,,,,uploaded landslide_report.pdf
20266,MG/WGH/78K06/2020/4,Meghalaya,,,,25.61,90.29,,,,uploaded landslide_report.pdf
20267,MG/WGH/78K06/2020/5,Meghalaya,,,,25.61,90.29,,,,uploaded landslide_report.pdf
20268,MG/WGH/78K06/2020/6,Meghalaya,,,,25.61,90.3,,,,uploaded landslide_report.pdf
20269,MG/WGH/78K06/2020/7,Meghalaya,,,,25.61,90.31,,,,uploaded landslide_report.pdf
20270,MG/WKH/78O02/2017/98,Meghalaya,,,,25.611361,91.022019,,,,uploaded landslide_report.pdf
20271,MG/WJH/83C06/2018/7,Meghalaya,,,,25.611931,92.452931,,,,uploaded landslide_report.pdf
20272,ME/EKJ/78O14/2015/33,Meghalaya,,,,25.612528,91.870861,,,,uploaded landslide_report.pdf
20273,MG/WKH/78O02/2017/71,Meghalaya,,,,25.612794,91.173697,,,,uploaded landslide_report.pdf
20274,ME/EKJ/78O15/2015/78,Meghalaya,,,,25.613583,91.871778,,,,uploaded landslide_report.pdf
20275,ME/EKJ/78O14/2015/34,Meghalaya,,,,25.613917,91.868639,,,,uploaded landslide_report.pdf
20276,ME/EKJ/78O14/2015/35,Meghalaya,,,,25.614112,91.869632,,,,uploaded landslide_report.pdf
20277,ME/EKJ/78O14/2015/36,Meghalaya,,,,25.614537,91.87005,,,,uploaded landslide_report.pdf
20278,ME/EKJ/78O14/2015/38,Meghalaya,,,,25.614657,91.870692,,,,uploaded landslide_report.pdf
20279,ME/EKJ/78O14/2015/37,Meghalaya,,,,25.614664,91.870266,,,,uploaded landslide_report.pdf
20280,ME/EKJ/78O14/2015/39,Meghalaya,,,,25.614807,91.871158,,,,uploaded landslide_report.pdf
20281,ME/EKJ/78O14/2015/40,Meghalaya,,,,25.614912,91.871711,,,,uploaded landslide_report.pdf
20282,MG/WKH/78O06/2017/4,Meghalaya,,,,25.615092,91.309872,,,,uploaded landslide_report.pdf
20283,ME/EKJ/78O14/2015/41,Meghalaya,,,,25.615134,91.872232,,,,uploaded landslide_report.pdf
20284,ME/EKJ/78O14/2015/17,Meghalaya,,,,25.616596,91.876562,,,,uploaded landslide_report.pdf
20285,ME/EKJ/78O14/2015/42,Meghalaya,,,,25.617787,91.872745,,,,uploaded landslide_report.pdf
20286,MG/WKH/78O02/2017/8,Meghalaya,,,,25.618994,91.185681,,,,uploaded landslide_report.pdf
20287,MEG/WKH/78O10/2016/28,Meghalaya,,,,28.0,91.616567,,,,uploaded landslide_report.pdf
20288,ME/EKJ/78O14/2015/43,Meghalaya,,,,25.619861,91.875111,,,,uploaded landslide_report.pdf
20289,MG/WGH/78K06/2020/8,Meghalaya,,,,25.62,90.33,,,,uploaded landslide_report.pdf
20290,MEG/EKH/78O14/2020-21/1,Meghalaya,,,,25.62,91.88272222,,,,uploaded landslide_report.pdf
20291,MEG/WKH/78O10/2016/27,Meghalaya,,,,27.0,91.617083,,,,uploaded landslide_report.pdf
20292,MG/WKH/78O02/2017/12,Meghalaya,,,,25.624778,91.16775,,,,uploaded landslide_report.pdf
20293,MEG/EKH/78O14/2024/01,Meghalaya,,,,25.6251,91.9118,,,,uploaded landslide_report.pdf
20294,MG/WKH/78K14/2018/6,Meghalaya,,,,25.625142,90.791675,,,,uploaded landslide_report.pdf
20295,MG/WKH/78O02/2017/9,Meghalaya,,,,25.625331,91.182614,,,,uploaded landslide_report.pdf
20296,MEGH/EKH/78O14/2007/D-24,Meghalaya,,,,24.0,91.887028,,,,uploaded landslide_report.pdf
20297,MG/WKH/78O02/2017/72,Meghalaya,,,,25.626767,91.165211,,,,uploaded landslide_report.pdf
20298,ME/EKJ/78O14/2015/01,Meghalaya,,,,25.626794,91.829725,,,,uploaded landslide_report.pdf
20299,ME/EKJ/78O14/2015/48,Meghalaya,,,,25.627946,91.876487,,,,uploaded landslide_report.pdf
20300,MG/WKH/78O02/2017/97,Meghalaya,,,,25.628361,91.037139,,,,uploaded landslide_report.pdf
20301,MG/WKH/78O02/2017/73,Meghalaya,,,,25.628758,91.164169,,,,uploaded landslide_report.pdf
20302,MG/WKH/78O02/2017/96,Meghalaya,,,,25.629003,91.037664,,,,uploaded landslide_report.pdf
20303,MG/WKH/78O02/2017/28,Meghalaya,,,,28.0,91.163172,,,,uploaded landslide_report.pdf
20304,MG/WGH/78K06/2020/9,Meghalaya,,,,25.63,90.33,,,,uploaded landslide_report.pdf
20305,MG/WGH/78K06/2020/10,Meghalaya,,,,25.63,90.33,,,,uploaded landslide_report.pdf
20306,ME/EKJ/78O14/2015/49,Meghalaya,,,,25.630652,91.87886,,,,uploaded landslide_report.pdf
20307,MG/WKH/78O02/2017/27,Meghalaya,,,,27.0,91.162786,,,,uploaded landslide_report.pdf
20308,ME/EKJ/78O14/2015/19,Meghalaya,,,,25.633896,91.891833,,,,uploaded landslide_report.pdf
20309,MG/EGH/78K14/2018/5,Meghalaya,,,,25.635556,90.807778,,,,uploaded landslide_report.pdf
20310,MG/WKH/78O02/2017/26,Meghalaya,,,,26.0,91.162711,,,,uploaded landslide_report.pdf
20311,ME/EKJ/78O14/2015/03,Meghalaya,,,,25.636913,91.843235,,,,uploaded landslide_report.pdf
20312,ME/EKJ/78O14/2015/02,Meghalaya,,,,25.637026,91.844464,,,,uploaded landslide_report.pdf
20313,ME/EKJ/78O14/2015/29,Meghalaya,,,,29.0,91.93345,,,,uploaded landslide_report.pdf
20314,ME/EKJ/78O14/2015/04,Meghalaya,,,,25.637274,91.844234,,,,uploaded landslide_report.pdf
20315,ME/EKJ/78O14/2015/31,Meghalaya,,,,25.637365,91.932235,,,,uploaded landslide_report.pdf
20316,ME/EKJ/78O14/2015/30,Meghalaya,,,,30.0,91.932565,,,,uploaded landslide_report.pdf
20317,MG/WKH/78O02/2017/95,Meghalaya,,,,25.639417,91.044806,,,,uploaded landslide_report.pdf
20318,ME/EKJ/78O14/2015/05,Meghalaya,,,,25.640264,91.848588,,,,uploaded landslide_report.pdf
20319,ME/EKJ/78O14/2015/51,Meghalaya,,,,25.641194,91.890667,,,,uploaded landslide_report.pdf
20320,ME/EKJ/78O14/2015/06,Meghalaya,,,,25.641388,91.854928,,,,uploaded landslide_report.pdf
20321,ME/EKJ/78O14/2015/07,Meghalaya,,,,25.64213,91.851852,,,,uploaded landslide_report.pdf
20322,ME/EKJ/78O14/2015/08,Meghalaya,,,,25.642198,91.851055,,,,uploaded landslide_report.pdf
20323,MG/WKH/78O02/2017/74,Meghalaya,,,,25.643494,91.159222,,,,uploaded landslide_report.pdf
20324,ME/EKJ/78O14/2015/20,Meghalaya,,,,20.0,91.890859,,,,uploaded landslide_report.pdf
20325,ME/EKJ/78O14/2015/50,Meghalaya,,,,25.64366,91.899342,,,,uploaded landslide_report.pdf
20326,MG/WKH/78O02/2017/75,Meghalaya,,,,25.644222,91.158528,,,,uploaded landslide_report.pdf
20327,MG/WKH/78O02/2017/82,Meghalaya,,,,25.644833,91.134778,,,,uploaded landslide_report.pdf
20328,MG/WKH/78O02/2017/76,Meghalaya,,,,25.644944,91.158153,,,,uploaded landslide_report.pdf
20329,ME/EKH/83C03/2015/184,Meghalaya,,,,25.64575,92.071167,,,,uploaded landslide_report.pdf
20330,MG/WKH/78O02/2017/77,Meghalaya,,,,25.6466,91.157592,,,,uploaded landslide_report.pdf
20331,MG/WKH/78O02/2017/94,Meghalaya,,,,25.647514,91.055144,,,,uploaded landslide_report.pdf
20332,MEG/EKH/78O10/2021/03,Meghalaya,,,,25.64906111,91.89733611,,,,uploaded landslide_report.pdf
20333,MEG/EKH/78O14/2021/02,Meghalaya,,,,25.64908889,91.899,,,,uploaded landslide_report.pdf
20334,ME/EKJ/78O14/2015/21,Meghalaya,,,,21.0,91.899,,,,uploaded landslide_report.pdf
20335,MG/WKH/78O02/2017/78,Meghalaya,,,,25.649856,91.154383,,,,uploaded landslide_report.pdf
20336,MG/WGH/78K06/2020/11,Meghalaya,,,,25.65,90.38,,,,uploaded landslide_report.pdf
20337,MG/WGH/78K06/2020/12,Meghalaya,,,,25.65,90.38,,,,uploaded landslide_report.pdf
20338,MG/WGH/78K06/2020/13,Meghalaya,,,,25.65,90.38,,,,uploaded landslide_report.pdf
20339,MEG/EKH/78O14/2021/01,Meghalaya,,,,25.65060556,91.89945278,,,,uploaded landslide_report.pdf
20340,ME/EKH/83C02/2015/163,Meghalaya,,,,25.653181,92.041194,,,,uploaded landslide_report.pdf
20341,ME/EKJ/78O14/2015/22,Meghalaya,,,,22.0,91.898222,,,,uploaded landslide_report.pdf
20342,ME/EKJ/78O14/2015/32,Meghalaya,,,,25.656408,91.900528,,,,uploaded landslide_report.pdf
20343,MG/WKH/78O02/2017/79,Meghalaya,,,,25.657083,91.147397,,,,uploaded landslide_report.pdf
20344,MG/WKH/78O02/2017/64,Meghalaya,,,,25.65835,91.177014,,,,uploaded landslide_report.pdf
20345,MG/WKH/78O02/2017/80,Meghalaya,,,,25.660275,91.144308,,,,uploaded landslide_report.pdf
20346,MEG/WKH/78O10/2016/26,Meghalaya,,,,26.0,91.635083,,,,uploaded landslide_report.pdf
20347,MEG/WKH/78O10/2016/25,Meghalaya,,,,25.0,91.635431,,,,uploaded landslide_report.pdf
20348,MG/WKH/78O02/2017/81,Meghalaya,,,,25.660825,91.143689,,,,uploaded landslide_report.pdf
20349,MG/WKH/78O02/2017/83,Meghalaya,,,,25.663303,91.1347,,,,uploaded landslide_report.pdf
20350,MEG/RB/78O14/2017/01,Meghalaya,,,,25.663444,91.915944,,,,uploaded landslide_report.pdf
20351,MG/WKH/78O02/2017/44,Meghalaya,,,,25.664111,91.089556,,,,uploaded landslide_report.pdf
20352,MG/WKH/78O02/2017/91,Meghalaya,,,,25.6655,91.090556,,,,uploaded landslide_report.pdf
20353,MG/WKH/78O02/2017/43,Meghalaya,,,,25.666028,91.091167,,,,uploaded landslide_report.pdf
20354,MG/WKH/78O02/2017/84,Meghalaya,,,,25.66675,91.121472,,,,uploaded landslide_report.pdf
20355,MG/WKH/78O02/2017/41,Meghalaya,,,,25.667072,91.091972,,,,uploaded landslide_report.pdf
20356,MG/WKH/78O02/2017/42,Meghalaya,,,,25.667417,91.092333,,,,uploaded landslide_report.pdf
20357,MG/WKH/78O02/2017/92,Meghalaya,,,,25.667472,91.066778,,,,uploaded landslide_report.pdf
20358,MG/WKH/78O02/2017/93,Meghalaya,,,,25.667597,91.063169,,,,uploaded landslide_report.pdf
20359,MG/WKH/78O02/2017/45,Meghalaya,,,,25.667744,91.597819,,,,uploaded landslide_report.pdf
20360,MG/WKH/78O02/2017/85,Meghalaya,,,,25.668317,91.114858,,,,uploaded landslide_report.pdf
20361,ME/EKJ/78O14/2015/09,Meghalaya,,,,25.668469,91.975083,,,,uploaded landslide_report.pdf
20362,MG/WKH/78O02/2017/86,Meghalaya,,,,25.669678,91.102908,,,,uploaded landslide_report.pdf
20363,MG/WKH/78O02/2017/87,Meghalaya,,,,25.66975,91.100222,,,,uploaded landslide_report.pdf
20364,MG/WGH/78K02/2020/3,Meghalaya,,,,25.67,90.18,,,,uploaded landslide_report.pdf
20365,MG/WKH/78O02/2017/40,Meghalaya,,,,25.670083,91.094806,,,,uploaded landslide_report.pdf
20366,MG/WKH/78O02/2017/90,Meghalaya,,,,25.670639,91.09525,,,,uploaded landslide_report.pdf
20367,MG/WKH/78O02/2017/65,Meghalaya,,,,25.671125,91.178883,,,,uploaded landslide_report.pdf
20368,MG/WKH/78O02/2017/89,Meghalaya,,,,25.6715,91.095233,,,,uploaded landslide_report.pdf
20369,MG/WKH/78O02/2017/108,Meghalaya,,,,25.671583,91.040889,,,,uploaded landslide_report.pdf
20370,MG/WKH/78O02/2017/88,Meghalaya,,,,25.671944,91.096139,,,,uploaded landslide_report.pdf
20371,MG/WKH/78O02/2017/99,Meghalaya,,,,25.672167,91.066028,,,,uploaded landslide_report.pdf
20372,MG/WKH/78O02/2017/100,Meghalaya,,,,25.672917,91.06475,,,,uploaded landslide_report.pdf
20373,ME/EKH/83C02/2015/159,Meghalaya,,,,25.674,92.157667,,,,uploaded landslide_report.pdf
20374,ME/EKH/83C02/2015/158,Meghalaya,,,,25.676,92.157917,,,,uploaded landslide_report.pdf
20375,MG/WKH/78O02/2017/101,Meghalaya,,,,25.678306,91.07975,,,,uploaded landslide_report.pdf
20376,MEGH/WKH/78O02/2007/D-1,Meghalaya,,,,25.68625,91.118358,,,,uploaded landslide_report.pdf
20377,MEG/WKH/78O10/2016/51,Meghalaya,,,,25.687056,91.6485,,,,uploaded landslide_report.pdf
20378,MEG/WKH/78O10/2016/16,Meghalaya,,,,25.687083,91.650858,,,,uploaded landslide_report.pdf
20379,MEG/WKH/78O10/2016/15,Meghalaya,,,,25.687314,91.655378,,,,uploaded landslide_report.pdf
20380,MEG/WKH/78O10/2016/17,Meghalaya,,,,25.687431,91.648322,,,,uploaded landslide_report.pdf
20381,MEG/WKH/78O10/2016/14,Meghalaya,,,,25.687442,91.656183,,,,uploaded landslide_report.pdf
20382,MEG/WKH/78O10/2016/18,Meghalaya,,,,25.687856,91.647944,,,,uploaded landslide_report.pdf
20383,MEG/WKH/78O10/2016/13,Meghalaya,,,,25.688011,91.658069,,,,uploaded landslide_report.pdf
20384,MG/WKH/78O02/2017/102,Meghalaya,,,,25.690833,91.056556,,,,uploaded landslide_report.pdf
20385,MG/WKH/78O02/2017/103,Meghalaya,,,,25.691444,91.057,,,,uploaded landslide_report.pdf
20386,MEG/WKH/78O10/2016/19,Meghalaya,,,,25.691453,91.645731,,,,uploaded landslide_report.pdf
20387,MEG/WKH/78O10/2016/21,Meghalaya,,,,21.0,91.647703,,,,uploaded landslide_report.pdf
20388,MEG/WKH/78O10/2016/20,Meghalaya,,,,20.0,91.648044,,,,uploaded landslide_report.pdf
20389,MG/WKH/78O02/2017/104,Meghalaya,,,,25.693222,91.0555,,,,uploaded landslide_report.pdf
20390,MEGH/WKH/78O02/2007/D-2,Meghalaya,,,,25.69483,91.11836,,,,uploaded landslide_report.pdf
20391,ME/EKJ/78O14/2015/23,Meghalaya,,,,23.0,91.903777,,,,uploaded landslide_report.pdf
20392,MEG/WKH/78O10/2016/22,Meghalaya,,,,22.0,91.644528,,,,uploaded landslide_report.pdf
20393,ME/EKH/83C02/2015/156,Meghalaya,,,,25.696556,92.109694,,,,uploaded landslide_report.pdf
20394,MG/WKH/78O02/2017/66,Meghalaya,,,,25.698111,91.18275,,,,uploaded landslide_report.pdf
20395,MG/WKH/78O02/2017/105,Meghalaya,,,,25.6985,91.056611,,,,uploaded landslide_report.pdf
20396,MG/WKH/78O02/2017/107,Meghalaya,,,,25.698667,91.054778,,,,uploaded landslide_report.pdf
20397,MG/WKH/78O02/2017/106,Meghalaya,,,,25.699306,91.055556,,,,uploaded landslide_report.pdf
20398,MEG/WKH/78O10/2016/24,Meghalaya,,,,24.0,91.642192,,,,uploaded landslide_report.pdf
20399,MEG/WKH/78O10/2016/23,Meghalaya,,,,23.0,91.644486,,,,uploaded landslide_report.pdf
20400,ME/EKH/83C02/2015/157,Meghalaya,,,,25.704083,92.118833,,,,uploaded landslide_report.pdf
20401,ME/EKJ/78O14/2015/24,Meghalaya,,,,24.0,91.896406,,,,uploaded landslide_report.pdf
20402,ME/EKJ/78O14/2015/25,Meghalaya,,,,25.0,91.891803,,,,uploaded landslide_report.pdf
20403,MG/EGH/78K14/2018/4,Meghalaya,,,,25.716594,90.822539,,,,uploaded landslide_report.pdf
20404,ME/EKH/83C02/2015/162,Meghalaya,,,,25.746722,92.111139,,,,uploaded landslide_report.pdf
20405,ME/EKH/83C02/2015/144,Meghalaya,,,,25.746806,92.107806,,,,uploaded landslide_report.pdf
20406,ME/EKH/83C02/2015/160,Meghalaya,,,,25.747333,92.117333,,,,uploaded landslide_report.pdf
20407,ME/EKH/83C02/2015/161,Meghalaya,,,,25.747597,92.114167,,,,uploaded landslide_report.pdf
20408,MEG/RIB/83C1/2016/7,Meghalaya,,,,25.75634,92.017832,,,,uploaded landslide_report.pdf
20409,MEG/RIB/78O13/2016/2,Meghalaya,,,,25.759278,91.882861,,,,uploaded landslide_report.pdf
20410,MEG/RIB/78O13/2016/3,Meghalaya,,,,25.760611,91.88225,,,,uploaded landslide_report.pdf
20411,MEG/WKH/78O10/2016/48,Meghalaya,,,,25.763347,91.657153,,,,uploaded landslide_report.pdf
20412,MEG/RIB/83C1/2016/1,Meghalaya,,,,25.776087,92.03754,,,,uploaded landslide_report.pdf
20413,MEG/RIB/78O13/2016/4,Meghalaya,,,,25.787,91.876583,,,,uploaded landslide_report.pdf
20414,MG/WKH/78O1/2020/5,Meghalaya,,,,25.79,91.02,,,,uploaded landslide_report.pdf
20415,MG/WGH/78K05/2020/1,Meghalaya,,,,25.79,90.44,,,,uploaded landslide_report.pdf
20416,MEG/WKH/78O10/2016/50,Meghalaya,,,,25.795444,91.662111,,,,uploaded landslide_report.pdf
20417,MEG/RIB/83C1/2016/5,Meghalaya,,,,25.796657,92.143462,,,,uploaded landslide_report.pdf
20418,MG/WKH/78O1/2020/6,Meghalaya,,,,25.8,91.11,,,,uploaded landslide_report.pdf
20419,MG/WKH/78O1/2020/4,Meghalaya,,,,25.8,91.01,,,,uploaded landslide_report.pdf
20420,MG/WKH/78O1/2020/3,Meghalaya,,,,25.81,91.02,,,,uploaded landslide_report.pdf
20421,MG/WKH/78O1/2020/8,Meghalaya,,,,25.83,91.14,,,,uploaded landslide_report.pdf
20422,MG/WKH/78O1/2020/2,Meghalaya,,,,25.83,91.05,,,,uploaded landslide_report.pdf
20423,MG/WKH/78O1/2020/1,Meghalaya,,,,25.83,91.05,,,,uploaded landslide_report.pdf
20424,MG/WKH/78O5/2020/5,Meghalaya,,,,25.84,91.47,,,,uploaded landslide_report.pdf
20425,MG/WKH/78O1/2020/7,Meghalaya,,,,25.85,91.17,,,,uploaded landslide_report.pdf
20426,MEG/RIB/78O13/2016/6,Meghalaya,,,,25.852222,91.881361,,,,uploaded landslide_report.pdf
20427,MEG/RIB/78O13/2016/5,Meghalaya,,,,25.853111,91.881583,,,,uploaded landslide_report.pdf
20428,MEG/RIB/83C1/2016/8,Meghalaya,,,,25.86575,92.153286,,,,uploaded landslide_report.pdf
20429,MEG/RIB/78O13/2016/16,Meghalaya,,,,25.865894,91.880278,,,,uploaded landslide_report.pdf
20430,MEG/RIB/83C1/2016/6,Meghalaya,,,,25.874293,92.018322,,,,uploaded landslide_report.pdf
20431,MEG/RIB/78O09/2016/49,Meghalaya,,,,25.895583,91.599333,,,,uploaded landslide_report.pdf
20432,MEG/RIB/78O09/2016/47,Meghalaya,,,,25.913997,91.578903,,,,uploaded landslide_report.pdf
20433,MEG/RIB/78O09/2016/46,Meghalaya,,,,25.9235,91.574222,,,,uploaded landslide_report.pdf
20434,ML/RIB/78O13/2014/10,Meghalaya,,,,25.92792,91.87717,,,,uploaded landslide_report.pdf
20435,MEG/RIB/78O13/2016/7,Meghalaya,,,,25.927972,91.877194,,,,uploaded landslide_report.pdf
20436,MEG/RIB/78O09/2016/45,Meghalaya,,,,25.930386,91.571822,,,,uploaded landslide_report.pdf
20437,MEG/RIB/78O09/2016/54,Meghalaya,,,,25.934889,91.714389,,,,uploaded landslide_report.pdf
20438,MEG/RIB/78O09/2016/53,Meghalaya,,,,25.935708,91.714556,,,,uploaded landslide_report.pdf
20439,MEG/RIB/78O09/2016/44,Meghalaya,,,,25.935833,91.56525,,,,uploaded landslide_report.pdf
20440,MEG/RIB/78O09/2016/43,Meghalaya,,,,25.935908,91.564903,,,,uploaded landslide_report.pdf
20441,MEG/RIB/78O09/2016/42,Meghalaya,,,,25.936583,91.563917,,,,uploaded landslide_report.pdf
20442,ML/RIB/78O13/2014/09,Meghalaya,,,,25.937,91.87553,,,,uploaded landslide_report.pdf
20443,MEG/RIB/78O09/2016/41,Meghalaya,,,,25.940439,91.563069,,,,uploaded landslide_report.pdf
20444,MEG/RIB/78O09/2016/52,Meghalaya,,,,25.940978,91.724644,,,,uploaded landslide_report.pdf
20445,MEG/RIB/78O09/2016/40,Meghalaya,,,,25.945225,91.560703,,,,uploaded landslide_report.pdf
20446,MEG/RIB/78O09/2016/39,Meghalaya,,,,25.945619,91.548883,,,,uploaded landslide_report.pdf
20447,MEG/RIB/78O13/2016/17,Meghalaya,,,,25.951106,91.968889,,,,uploaded landslide_report.pdf
20448,MEG/RIB/78O09/2016/38,Meghalaya,,,,25.9545,91.546622,,,,uploaded landslide_report.pdf
20449,MEG/RIB/78O13/2016/1,Meghalaya,,,,25.954889,91.858667,,,,uploaded landslide_report.pdf
20450,MEG/RIB/78O13/2016/14,Meghalaya,,,,25.956333,91.85725,,,,uploaded landslide_report.pdf
20451,MEG/RIB/78O13/2016/13,Meghalaya,,,,25.956781,91.852883,,,,uploaded landslide_report.pdf
20452,ML/RIB/78O13/2014/07,Meghalaya,,,,25.95847,91.85406,,,,uploaded landslide_report.pdf
20453,MEG/RIB/78O13/2016/12,Meghalaya,,,,25.958886,91.851242,,,,uploaded landslide_report.pdf
20454,MEG/RIB/78O13/2016/15,Meghalaya,,,,25.96,91.857,,,,uploaded landslide_report.pdf
20455,MEG/RIB/83C1/2016/2,Meghalaya,,,,25.970032,92.056762,,,,uploaded landslide_report.pdf
20456,MEG/RIB/83C1/2016/3,Meghalaya,,,,25.970062,92.054889,,,,uploaded landslide_report.pdf
20457,MEG/RIB/78O09/2016/35,Meghalaya,,,,25.971897,91.562372,,,,uploaded landslide_report.pdf
20458,MEG/RIB/78O09/2016/36,Meghalaya,,,,25.972322,91.561125,,,,uploaded landslide_report.pdf
20459,MEG/RIB/78O09/2016/37,Meghalaya,,,,25.972469,91.560822,,,,uploaded landslide_report.pdf
20460,ML/RIB/78O13/2014/04,Meghalaya,,,,25.97256,91.86242,,,,uploaded landslide_report.pdf
20461,MEG/RIB/78O13/2016/10,Meghalaya,,,,25.972964,91.858336,,,,uploaded landslide_report.pdf
20462,MEG/RIB/78O09/2016/34,Meghalaya,,,,25.978481,91.569575,,,,uploaded landslide_report.pdf
20463,MEG/RIB/78O13/2016/18,Meghalaya,,,,25.978803,91.860278,,,,uploaded landslide_report.pdf
20464,MEG/RIB/78O13/2016/9,Meghalaya,,,,25.979244,91.860578,,,,uploaded landslide_report.pdf
20465,MEG/RIB/83C1/2016/4,Meghalaya,,,,25.982436,92.057405,,,,uploaded landslide_report.pdf
20466,MEG/RIB/78O09/2016/33,Meghalaya,,,,25.994619,91.577214,,,,uploaded landslide_report.pdf
20467,MEG/RIB/78O13/2016/8,Meghalaya,,,,25.997033,91.86235,,,,uploaded landslide_report.pdf
20468,MEG/RIB/78O13/2016/11,Meghalaya,,,,25.998847,91.863883,,,,uploaded landslide_report.pdf
20469,ML/RIB/78N16/2014/06,Meghalaya,,,,26.00294,91.86692,,,,uploaded landslide_report.pdf
20470,ME/RIB/78N12/2015/105,Meghalaya,,,,26.007083,91.909806,,,,uploaded landslide_report.pdf
20471,ML/RIB/78N16/2014/05,Meghalaya,,,,26.01061,91.86886,,,,uploaded landslide_report.pdf
20472,ME/RIB/78N12/2015/99,Meghalaya,,,,26.011861,91.569611,,,,uploaded landslide_report.pdf
20473,ME/RIB/78N12/2015/102,Meghalaya,,,,26.022094,91.832906,,,,uploaded landslide_report.pdf
20474,ML/RIB/78N16/2014/02,Meghalaya,,,,26.02547,91.87158,,,,uploaded landslide_report.pdf
20475,ME/RIB/78N12/2015/103,Meghalaya,,,,26.027028,91.88175,,,,uploaded landslide_report.pdf
20476,ME/RIB/78N12/2015/104,Meghalaya,,,,26.027583,91.886556,,,,uploaded landslide_report.pdf
20477,ML/RIB/78N16/2014/01,Meghalaya,,,,26.02897,91.87197,,,,uploaded landslide_report.pdf
20478,ME/RIB/78N12/2015/106,Meghalaya,,,,26.032028,91.989528,,,,uploaded landslide_report.pdf
20479,ME/RIB/78N16/2015/110,Meghalaya,,,,26.033583,91.867083,,,,uploaded landslide_report.pdf
20480,MG/RIB/83B04/2018/2,Meghalaya,,,,26.0591,92.236,,,,uploaded landslide_report.pdf
20481,MG/RIB/83B04/2018/1,Meghalaya,,,,26.061,92.241,,,,uploaded landslide_report.pdf
20482,ME/RBH/78N16/2015/114,Meghalaya,,,,26.075944,91.820806,,,,uploaded landslide_report.pdf
20483,ME/RBH/78N16/2015/113,Meghalaya,,,,26.08125,91.798278,,,,uploaded landslide_report.pdf
20484,ME/RIB/78N12/2015/101,Meghalaya,,,,26.086389,91.879083,,,,uploaded landslide_report.pdf
20485,AS/KAM/78N16/2015/76,Meghalaya,,,,26.086975,91.7831,,,,uploaded landslide_report.pdf
20486,3344,Meghalaya,,,,25.47704743,92.16831285,,,,uploaded landslide_report.pdf
20487,3348,Meghalaya,,,,25.46307925,92.25426106,,,,uploaded landslide_report.pdf
20488,3215,Meghalaya,,,,25.5667327,91.9146185,,,,uploaded landslide_report.pdf
20489,3351,Meghalaya,,,,25.28422636,92.11294194,,,,uploaded landslide_report.pdf
20490,3345,Meghalaya,,,,25.2842285,92.11314877,,,,uploaded landslide_report.pdf
20491,ME/SWKH/78O07/2024/4,Meghalaya,,,,25.29967,91.46108,,,,uploaded landslide_report.pdf
20492,ME/SWKH/78O07/2024/5,Meghalaya,,,,25.29667,91.45986,,,,uploaded landslide_report.pdf
20493,ME/SWKH/78O07/2024/6,Meghalaya,,,,25.2975,91.46167,,,,uploaded landslide_report.pdf
20494,ME/SWKH/78O072024/7,Meghalaya,,,,25.29739,91.46201,,,,uploaded landslide_report.pdf
20495,ME/SWKH/78O07/2024/8,Meghalaya,,,,25.29778,91.45972,,,,uploaded landslide_report.pdf
20496,ME/RIB/78O13/2024/09,Meghalaya,,,,25.809088,91.875238,,,,uploaded landslide_report.pdf
20497,ME/RIB/78O13/2024/10,Meghalaya,,,,25.781246,91.874475,,,,uploaded landslide_report.pdf
20498,4693,Meghalaya,,,,25.640581,91.89212,,,,uploaded landslide_report.pdf
20499,ME/EKH/78O15/2025/01,Meghalaya,,,,25.465167,91.824944,,,,uploaded landslide_report.pdf
20500,ME/EKH/78O15/2025/02,Meghalaya,,,,25.422278,91.867694,,,,uploaded landslide_report.pdf
20501,ME/EKH/78O15/2025/03,Meghalaya,,,,25.43480556,91.85952778,,,,uploaded landslide_report.pdf
20502,ME/EKH/78O15/2025/04,Meghalaya,,,,25.48716667,91.81936111,,,,uploaded landslide_report.pdf
20503,ME/EKH/78O15/2025/05,Meghalaya,,,,25.456896,91.826145,,,,uploaded landslide_report.pdf
20504,ME/EJH/83C08/2025/06,Meghalaya,,,,25.048054,92.409245,,,,uploaded landslide_report.pdf
20505,ME/EKH/78O15/2025/07,Meghalaya,,,,25.369056,91.775046,,,,uploaded landslide_report.pdf
20506,ME/EKH/78O15/2025/08,Meghalaya,,,,25.366201,91.767213,,,,uploaded landslide_report.pdf
20507,ME/EKH/78O15/2025/09,Meghalaya,,,,25.355042,91.767525,,,,uploaded landslide_report.pdf
20508,ME/EKH/78O15/2025/10,Meghalaya,,,,25.340415,91.774142,,,,uploaded landslide_report.pdf
20509,ML/RB/2014-2015/08,Meghalaya,,,,22.0,91.86413889,,,,uploaded landslide_report.pdf
20511,ML-1/2010,Meghalaya,,,,25.57711111,91.88141667,,,,uploaded landslide_report.pdf
20512,ML-2/2010,Meghalaya,,,,25.56183333,91.86855556,,,,uploaded landslide_report.pdf
20513,ML-3/2010,Meghalaya,,,,25.57188889,91.90127778,,,,uploaded landslide_report.pdf
20514,ML-4/2010,Meghalaya,,,,25.56852778,91.89219444,,,,uploaded landslide_report.pdf
20515,ML-5A/2010,Meghalaya,,,,25.13561111,92.3805,,,,uploaded landslide_report.pdf
20516,ML-5B/2010,Meghalaya,,,,25.13561111,92.3805,,,,uploaded landslide_report.pdf
20517,ML-6/2010,Meghalaya,,,,25.13561111,92.3805,,,,uploaded landslide_report.pdf
20518,ML-7/2010,Meghalaya,,,,25.13486111,92.382,,,,uploaded landslide_report.pdf
20519,ML-8/2010,Meghalaya,,,,25.12383333,92.38519444,,,,uploaded landslide_report.pdf
20520,ML-9/2010,Meghalaya,,,,25.07533333,92.36341667,,,,uploaded landslide_report.pdf
20521,ML-10/2010,Meghalaya,,,,25.05108333,92.40219444,,,,uploaded landslide_report.pdf
20522,ML-11/2010,Meghalaya,,,,25.04305556,92.42041667,,,,uploaded landslide_report.pdf
20523,ML-12/2010,Meghalaya,,,,25.04222222,92.44127778,,,,uploaded landslide_report.pdf
20524,ML-01/2012-13,Meghalaya,,,,25.36497222,91.02411111,,,,uploaded landslide_report.pdf
20525,ML-02/2012-13,Meghalaya,,,,25.26361111,92.38557778,,,,uploaded landslide_report.pdf
20526,ML-03/2012-13,Meghalaya,,,,25.26005556,92.38863889,,,,uploaded landslide_report.pdf
20527,ML-04/2012-13,Meghalaya,,,,25.14702778,92.37883333,,,,uploaded landslide_report.pdf
20528,ML-05/2012-13,Meghalaya,,,,25.14702778,92.37883333,,,,uploaded landslide_report.pdf
20529,ML-06/2012-13,Meghalaya,,,,25.14341667,92.37805556,,,,uploaded landslide_report.pdf
20530,ML-07/2012-13,Meghalaya,,,,25.13427778,92.38511111,,,,uploaded landslide_report.pdf
20531,ML-08/2012-13,Meghalaya,,,,25.09022222,92.35805556,,,,uploaded landslide_report.pdf
20532,ML-09/2012-13,Meghalaya,,,,25.09055556,92.35972222,,,,uploaded landslide_report.pdf
20533,ML-10/2012-13,Meghalaya,,,,25.08772222,92.36086111,,,,uploaded landslide_report.pdf
20534,ML-11/2012-13,Meghalaya,,,,26.00361111,92.86361111,,,,uploaded landslide_report.pdf
20535,ML-13/2012-13,Meghalaya,,,,25.53086111,91.29780556,,,,uploaded landslide_report.pdf
20537,ML/RB/2014/04,Meghalaya,,,,25.97255556,91.86241667,,,,uploaded landslide_report.pdf
20539,ML/Ri-Bhoi/2015-2016/09,Meghalaya,,,,26.02611111,91.86827778,,,,uploaded landslide_report.pdf
20540,ML/EKH/2015/07,Meghalaya,,,,25.24416667,91.79397222,,,,uploaded landslide_report.pdf
20541,ML/EKH/78O14/2019-20/01,Meghalaya,,,,25.563,91.885,,,,uploaded landslide_report.pdf
20542,MEG/EKH/SHILLONG/02,Meghalaya,,,,25.56663056,91.91370556,,,,uploaded landslide_report.pdf
20543,ML/EKH/78O11/2019-20/03,Meghalaya,,,,25.281,91.57330556,,,,uploaded landslide_report.pdf
20544,ML/EKH/78O11/2019-20/04,Meghalaya,,,,25.27728056,91.57445,,,,uploaded landslide_report.pdf
20545,MEG/EKH/78O14/2019/05,Meghalaya,,,,25.6489,91.8965,,,,uploaded landslide_report.pdf
20546,MEG/EKH/78O14/2019/06,Meghalaya,,,,25.64911111,91.899,,,,uploaded landslide_report.pdf
20547,MEG/EKH/78O8/2019/07,Meghalaya,,,,25.23211111,91.37252778,,,,uploaded landslide_report.pdf
20548,MEG/EKH/78O8/2019/08,Meghalaya,,,,25.22194444,91.38422222,,,,uploaded landslide_report.pdf
20549,MEG/EKH/78O8/2019/09,Meghalaya,,,,25.2161,91.38912222,,,,uploaded landslide_report.pdf
20550,MEG/EKH/78O8/2019/10,Meghalaya,,,,25.18766667,91.39816667,,,,uploaded landslide_report.pdf
20551,MEG/EKH/78O8/2019/11,Meghalaya,,,,25.18688889,91.39855556,,,,uploaded landslide_report.pdf
20552,MEG/EKH/78O14/2020-21/1,Meghalaya,,,,25.62,91.88272222,,,,uploaded landslide_report.pdf
20553,MEG/WJH/83C3/2020/2,Meghalaya,,,,25.44233333,92.19447222,,,,uploaded landslide_report.pdf
20554,MEG/WJH/83C3/2020/3,Meghalaya,,,,25.44177778,92.19558333,,,,uploaded landslide_report.pdf
20555,MEG/WJH/83C3/2020/4,Meghalaya,,,,25.44138889,92.19108333,,,,uploaded landslide_report.pdf
20556,MEG/WJH/83C3/2020/5,Meghalaya,,,,25.43630556,92.19525,,,,uploaded landslide_report.pdf
20557,MEG/WJH/83C3/2020/6,Meghalaya,,,,25.43505556,92.19836111,,,,uploaded landslide_report.pdf
20558,MEG/WJH/83C3/2020/7,Meghalaya,,,,25.44741667,92.20138889,,,,uploaded landslide_report.pdf
20559,MEG/WJH/83C3/2020/8,Meghalaya,,,,25.45075,92.19452778,,,,uploaded landslide_report.pdf
20560,MEG/WJH/83C3/2020/9,Meghalaya,,,,25.45351667,92.18784722,,,,uploaded landslide_report.pdf
20561,MEG/EKH/78O14/2020/10,Meghalaya,,,,25.59875,91.86427778,,,,uploaded landslide_report.pdf
20562,MEG/EKH/78O14/2020/11,Meghalaya,,,,25.56194444,91.88055556,,,,uploaded landslide_report.pdf
20563,MEG/EKH/78O14/2020/12,Meghalaya,,,,25.54930833,91.91161389,,,,uploaded landslide_report.pdf
20564,MEG/EKH/78O14/2020/13,Meghalaya,,,,25.54948611,91.91179722,,,,uploaded landslide_report.pdf
20565,MEG/EKH/78O14/2020/14,Meghalaya,,,,25.54985278,91.91202778,,,,uploaded landslide_report.pdf
20566,MEG/EKH/78O14/2020/15,Meghalaya,,,,25.58136111,91.88338889,,,,uploaded landslide_report.pdf
20567,MEG/EKH/78O14/2021/01,Meghalaya,,,,25.65060556,91.89945278,,,,uploaded landslide_report.pdf
20568,MEG/EKH/78O14/2021/02,Meghalaya,,,,25.64908889,91.899,,,,uploaded landslide_report.pdf
20569,MEG/EKH/78O10/2021/03,Meghalaya,,,,25.64906111,91.89733611,,,,uploaded landslide_report.pdf
20570,MEG/EKH/78O15/2021/04,Meghalaya,,,,25.49736111,91.77902778,,,,uploaded landslide_report.pdf
20571,MEG/EKH/78O11/2021/005,Meghalaya,,,,25.49151667,91.77329444,,,,uploaded landslide_report.pdf
20573,MEG/EKH/78O10/2021/07,Meghalaya,,,,25.50368056,91.72342222,,,,uploaded landslide_report.pdf
20574,MEG/EKH/78O10/2021/08,Meghalaya,,,,25.51046111,91.70312778,,,,uploaded landslide_report.pdf
20575,MEG/SG/78K11/2022/01,Meghalaya,,,,25.36103333,91.64700833,,,,uploaded landslide_report.pdf
20576,MEG/SG/78K12/2022/02,Meghalaya,,,,25.21273889,90.63216111,,,,uploaded landslide_report.pdf
20577,MEG/SG/78K12/2022/03,Meghalaya,,,,25.21022222,90.63220278,,,,uploaded landslide_report.pdf
20578,MEG/SG/78K03/2022/04,Meghalaya,,,,25.38163333,90.06033889,,,,uploaded landslide_report.pdf
20579,MEG/SG/78K11/2022/05,Meghalaya,,,,25.45939722,90.70860278,,,,uploaded landslide_report.pdf
20580,MEG/SG/78K11/2022/06,Meghalaya,,,,25.45903056,90.70813333,,,,uploaded landslide_report.pdf
20581,MEG/EKH/78O11/2022/07,Meghalaya,,,,25.44835,91.59150278,,,,uploaded landslide_report.pdf
20582,MEG/EKH/78O11/2022/08,Meghalaya,,,,25.44743611,91.59103889,,,,uploaded landslide_report.pdf
20583,MEG/EKH/78O11/2022/09,Meghalaya,,,,25.44716111,91.59067778,,,,uploaded landslide_report.pdf
20584,MEG/EJH/83C08/2022/10,Meghalaya,,,,25.16400556,92.38702778,,,,uploaded landslide_report.pdf
20585,MEG/EKH/78O15/2022/11,Meghalaya,,,,25.296,91.932,,,,uploaded landslide_report.pdf
20586,MEG/EKH/78O15/2022/12,Meghalaya,,,,25.345,91.891,,,,uploaded landslide_report.pdf
20587,MEG/EKH/78O15/2022/13,Meghalaya,,,,25.35861111,91.97208333,,,,uploaded landslide_report.pdf
20588,MEG/EKH/78O15/2022/14,Meghalaya,,,,25.35908333,91.97433333,,,,uploaded landslide_report.pdf
20589,MEG/EKH/78O15/2022/15,Meghalaya,,,,25.39611111,91.99194444,,,,uploaded landslide_report.pdf
20590,MEG/EKH/78O15/2023/01,Meghalaya,,,,25.365263,91.878497,,,,uploaded landslide_report.pdf
20591,MEG/WKH/78O6/2023-24/1,Meghalaya,,,,25.52901389,91.26188611,,,,uploaded landslide_report.pdf
20592,MEG/WJH/83C03/2023-24/2,Meghalaya,,,,25.41955556,92.16194444,,,,uploaded landslide_report.pdf
20593,ME/EWK/2025/1,Meghalaya,,,,25.55256111,91.61870278,,,,uploaded landslide_report.pdf
20594,6892,Meghalaya,,,,25.39295833,91.55163333,,,,uploaded landslide_report.pdf
20595,6874,Meghalaya,,,,25.37129167,91.48003056,,,,uploaded landslide_report.pdf
20596,ME/SWK/2025/4,Meghalaya,,,,25.40288611,91.43424167,,,,uploaded landslide_report.pdf
20597,6891,Meghalaya,,,,25.531739,91.296177,,,,uploaded landslide_report.pdf
20598,ME/WKH/2025/6,Meghalaya,,,,25.540056,91.314142,,,,uploaded landslide_report.pdf
20599,ME/WKH/2025/7,Meghalaya,,,,25.62790278,91.88801944,,,,uploaded landslide_report.pdf
20600,ME/EKH/2025/8,Meghalaya,,,,25.630403,91.8899195,,,,uploaded landslide_report.pdf
20601,ME/EKH/2025/9,Meghalaya,,,,25.630858,91.887601,,,,uploaded landslide_report.pdf
20602,6890,Meghalaya,,,,25.641242,91.894137,,,,uploaded landslide_report.pdf
20603,4694,Meghalaya,,,,25.65057222,91.89351389,,,,uploaded landslide_report.pdf
20604,6889,Meghalaya,,,,25.64887222,91.89692778,,,,uploaded landslide_report.pdf
20605,6885,Meghalaya,,,,25.44693056,91.74096667,,,,uploaded landslide_report.pdf
20606,ME/EKH/2025/14,Meghalaya,,,,25.41384722,91.67856111,,,,uploaded landslide_report.pdf
20607,6884,Meghalaya,,,,25.34508889,91.60050278,,,,uploaded landslide_report.pdf
20608,ME/SWK/2025/16,Meghalaya,,,,25.619397,91.61704,,,,uploaded landslide_report.pdf
20609,4695,Meghalaya,,,,25.65443889,91.62390833,,,,uploaded landslide_report.pdf
20610,4696,Meghalaya,,,,25.65443889,91.63345833,,,,uploaded landslide_report.pdf
20611,4697,Meghalaya,,,,25.65977222,91.63440556,,,,uploaded landslide_report.pdf
20612,ME/EKH/2025/20,Meghalaya,,,,20.0,91.89803889,,,,uploaded landslide_report.pdf
20613,4699,Meghalaya,,,,25.65341111,91.89819444,,,,uploaded landslide_report.pdf
20614,ME/RIB/2025/22,Meghalaya,,,,22.0,91.90180278,,,,uploaded landslide_report.pdf
20615,4701,Meghalaya,,,,25.67032222,91.90487222,,,,uploaded landslide_report.pdf
20616,ME/RIB/2025/24,Meghalaya,,,,24.0,91.8983,,,,uploaded landslide_report.pdf
20617,ME/EKH/2025/25,Meghalaya,,,,25.0,91.86329167,,,,uploaded landslide_report.pdf
20618,4702,Meghalaya,,,,25.30127778,91.92198889,,,,uploaded landslide_report.pdf
20619,4700,Meghalaya,,,,25.67546111,91.89726944,,,,uploaded landslide_report.pdf
20620,ME/RIB/2025/28,Meghalaya,,,,28.0,91.89865833,,,,uploaded landslide_report.pdf
20621,ME/EWK/2026/29,Meghalaya,,,,29.0,91.49585278,,,,uploaded landslide_report.pdf
20622,ME/EWK/2026/30,Meghalaya,,,,30.0,91.36413333,,,,uploaded landslide_report.pdf
20623,ME/SWK/2026/31,Meghalaya,,,,25.28090556,91.36584722,,,,uploaded landslide_report.pdf
20624,ME/RIB/2026/32,Meghalaya,,,,25.68255833,91.90111389,,,,uploaded landslide_report.pdf
20625,7236,Meghalaya,,,,25.68591944,91.90256667,,,,uploaded landslide_report.pdf
20626,7237,Meghalaya,,,,25.71165556,91.89512778,,,,uploaded landslide_report.pdf
20627,7239,Meghalaya,,,,25.75297778,91.88535278,,,,uploaded landslide_report.pdf
20628,7240,Meghalaya,,,,25.79744444,91.87408611,,,,uploaded landslide_report.pdf
20629,ME/RIB/2026/37,Meghalaya,,,,25.80725833,91.87509444,,,,uploaded landslide_report.pdf
20630,7242,Meghalaya,,,,25.62269444,91.16914444,,,,uploaded landslide_report.pdf
20631,ME/WKH/2026/39,Meghalaya,,,,25.61276111,91.17375278,,,,uploaded landslide_report.pdf
20632,7243,Meghalaya,,,,25.66156667,91.13485278,,,,uploaded landslide_report.pdf
20633,7244,Meghalaya,,,,25.69150833,91.64160833,,,,uploaded landslide_report.pdf
20634,ME/EWK/2026/42,Meghalaya,,,,25.69517778,91.64123611,,,,uploaded landslide_report.pdf
20635,ME/EWK/2026/43,Meghalaya,,,,25.69688611,91.64176667,,,,uploaded landslide_report.pdf
20636,ME/EWK/2026/44,Meghalaya,,,,25.70087778,91.642902,,,,uploaded landslide_report.pdf
20637,ME/EWK/2026/45,Meghalaya,,,,25.69866667,91.64517222,,,,uploaded landslide_report.pdf
20638,7245,Meghalaya,,,,25.69683611,91.64485556,,,,uploaded landslide_report.pdf
20639,ME/EWK/2026/47,Meghalaya,,,,25.69523333,91.64426944,,,,uploaded landslide_report.pdf
20640,ME/EWK/2026/48,Meghalaya,,,,25.69463611,91.64577778,,,,uploaded landslide_report.pdf
20641,ME/EWK/2026/49,Meghalaya,,,,25.68698889,91.64812222,,,,uploaded landslide_report.pdf
20642,ME/EWK/2026/50,Meghalaya,,,,25.68690556,91.64915278,,,,uploaded landslide_report.pdf
20643,ME/EWK/2026/51,Meghalaya,,,,25.688833,91.653639,,,,uploaded landslide_report.pdf
20644,7246,Meghalaya,,,,25.68798889,91.65838889,,,,uploaded landslide_report.pdf
20645,7247,Meghalaya,,,,25.68805,91.66653,,,,uploaded landslide_report.pdf
20646,ME/EWK/2026/54,Meghalaya,,,,25.68822222,91.66746111,,,,uploaded landslide_report.pdf
20647,7248,Meghalaya,,,,25.69007,91.67085,,,,uploaded landslide_report.pdf
20648,7249,Meghalaya,,,,25.733262,91.675754,,,,uploaded landslide_report.pdf
20649,7250,Meghalaya,,,,25.762051,91.658959,,,,uploaded landslide_report.pdf
20650,ME/EWK/2026/58,Meghalaya,,,,25.770935,91.656497,,,,uploaded landslide_report.pdf
20651,7251,Meghalaya,,,,25.791616,91.658242,,,,uploaded landslide_report.pdf
20652,ME/EWK/2026/60,Meghalaya,,,,25.803984,91.659801,,,,uploaded landslide_report.pdf
20653,7252,Meghalaya,,,,25.700668,91.596815,,,,uploaded landslide_report.pdf
20654,ME/EWK/2026/62,Meghalaya,,,,25.739454,91.572107,,,,uploaded landslide_report.pdf
20655,7598,Meghalaya,,,,25.567423,89.979711,,,,uploaded landslide_report.pdf
20656,3442,Meghalaya,,,,24.0,91.914509,,,,uploaded landslide_report.pdf
20657,4692,Meghalaya,,,,25.531698,91.295995,,,,uploaded landslide_report.pdf
20658,MZ/LAW/84B12/2020/30,Mizoram,,,,30.0,92.66,,,,uploaded landslide_report.pdf
20659,MZ/LAW/84B12/2020/31,Mizoram,,,,22.06,92.66,,,,uploaded landslide_report.pdf
20660,MZ/LAW/84B12/2020/32,Mizoram,,,,22.08,92.65,,,,uploaded landslide_report.pdf
20661,MZ/LAW/84B16/2020/12,Mizoram,,,,22.1,92.85,,,,uploaded landslide_report.pdf
20662,MZ/LAW/84B16/2020/15,Mizoram,,,,22.1,92.86,,,,uploaded landslide_report.pdf
20663,MZ/LAW/84B16/2020/16,Mizoram,,,,22.1,92.86,,,,uploaded landslide_report.pdf
20664,MZ/LAW/84B16/2020/17,Mizoram,,,,22.1,92.86,,,,uploaded landslide_report.pdf
20665,MZ/LAW/84B16/2020/10,Mizoram,,,,22.11,92.85,,,,uploaded landslide_report.pdf
20666,MZ/LAW/84B16/2020/11,Mizoram,,,,22.11,92.85,,,,uploaded landslide_report.pdf
20667,MZ/LAW/84B16/2020/13,Mizoram,,,,22.11,92.85,,,,uploaded landslide_report.pdf
20668,MZ/LAW/84B16/2020/14,Mizoram,,,,22.11,92.86,,,,uploaded landslide_report.pdf
20669,MZ/LAW/84B16/2020/18,Mizoram,,,,22.11,92.86,,,,uploaded landslide_report.pdf
20670,MZ/LAW/84B16/2020/19,Mizoram,,,,22.11,92.88,,,,uploaded landslide_report.pdf
20671,MZ/LAW/84B16/2020/20,Mizoram,,,,20.0,92.88,,,,uploaded landslide_report.pdf
20672,MZ/SAI/84F04/2020/13,Mizoram,,,,22.14,93.0,,,,uploaded landslide_report.pdf
20673,MZ/LAW/84B12/2020/28,Mizoram,,,,28.0,92.62,,,,uploaded landslide_report.pdf
20674,MZ/LAW/84B12/2020/29,Mizoram,,,,29.0,92.62,,,,uploaded landslide_report.pdf
20675,MZ/LAW/84B12/2020/33,Mizoram,,,,22.15,92.63,,,,uploaded landslide_report.pdf
20676,MZ/LAW/84B16/2020/3,Mizoram,,,,22.15,92.78,,,,uploaded landslide_report.pdf
20677,MZ/LAW/84B16/2020/21,Mizoram,,,,21.0,92.88,,,,uploaded landslide_report.pdf
20678,MZ/LAW/84B16/2020/24,Mizoram,,,,24.0,92.99,,,,uploaded landslide_report.pdf
20679,MZ/LAW/84B16/2020/25,Mizoram,,,,25.0,92.99,,,,uploaded landslide_report.pdf
20680,MZ/SAI/84F04/2020/10,Mizoram,,,,22.15,93.01,,,,uploaded landslide_report.pdf
20681,MZ/SAI/84F04/2020/11,Mizoram,,,,22.15,93.01,,,,uploaded landslide_report.pdf
20682,MZ/SAI/84F04/2020/12,Mizoram,,,,22.15,93.01,,,,uploaded landslide_report.pdf
20683,MZ/SAI/84F04/2020/14,Mizoram,,,,22.15,93.01,,,,uploaded landslide_report.pdf
20684,MZ/SAI/84F04/2020/15,Mizoram,,,,22.15,93.01,,,,uploaded landslide_report.pdf
20685,MZ/LAW/84B12/2020/24,Mizoram,,,,24.0,92.62,,,,uploaded landslide_report.pdf
20686,MZ/LAW/84B12/2020/26,Mizoram,,,,26.0,92.62,,,,uploaded landslide_report.pdf
20687,MZ/LAW/84B16/2020/2,Mizoram,,,,22.16,92.8,,,,uploaded landslide_report.pdf
20688,MZ/SAI/84F04/2020/16,Mizoram,,,,22.16,93.0,,,,uploaded landslide_report.pdf
20689,MZ/LAW/84B16/2020/22,Mizoram,,,,22.0,92.99,,,,uploaded landslide_report.pdf
20690,MZ/SAI/84F04/2020/7,Mizoram,,,,22.17,93.01,,,,uploaded landslide_report.pdf
20691,MZ/SAI/84F04/2020/8,Mizoram,,,,22.17,93.0,,,,uploaded landslide_report.pdf
20692,MZ/SAI/84F04/2020/9,Mizoram,,,,22.17,93.01,,,,uploaded landslide_report.pdf
20693,MZ/LAW/84B12/2020/14,Mizoram,,,,22.18,92.61,,,,uploaded landslide_report.pdf
20694,MZ/LAW/84B12/2020/15,Mizoram,,,,22.18,92.61,,,,uploaded landslide_report.pdf
20695,MZ/LAW/84B12/2020/16,Mizoram,,,,22.18,92.61,,,,uploaded landslide_report.pdf
20696,MZ/LAW/84B12/2020/17,Mizoram,,,,22.18,92.61,,,,uploaded landslide_report.pdf
20697,MZ/LAW/84B12/2020/18,Mizoram,,,,22.18,92.61,,,,uploaded landslide_report.pdf
20698,MZ/LAW/84B12/2020/19,Mizoram,,,,22.18,92.61,,,,uploaded landslide_report.pdf
20699,MZ/LAW/84B12/2020/20,Mizoram,,,,20.0,92.61,,,,uploaded landslide_report.pdf
20700,MZ/LAW/84B12/2020/21,Mizoram,,,,21.0,92.61,,,,uploaded landslide_report.pdf
20701,MZ/LAW/84B12/2020/22,Mizoram,,,,22.0,92.61,,,,uploaded landslide_report.pdf
20702,MZ/LAW/84B16/2020/1,Mizoram,,,,22.18,92.77,,,,uploaded landslide_report.pdf
20703,MZ/SAI/84F04/2020/3,Mizoram,,,,22.18,93.01,,,,uploaded landslide_report.pdf
20704,MZ/SAI/84F04/2020/4,Mizoram,,,,22.18,93.01,,,,uploaded landslide_report.pdf
20705,MZ/SAI/84F04/2020/5,Mizoram,,,,22.18,93.01,,,,uploaded landslide_report.pdf
20706,MZ/SAI/84F04/2020/6,Mizoram,,,,22.18,93.01,,,,uploaded landslide_report.pdf
20707,MZ/SAI/84F04/2020/23,Mizoram,,,,23.0,93.01,,,,uploaded landslide_report.pdf
20708,MZ/LAW/84B12/2020/13,Mizoram,,,,22.19,92.61,,,,uploaded landslide_report.pdf
20709,MZ/LAW/84B12/2020/35,Mizoram,,,,22.19,92.69,,,,uploaded landslide_report.pdf
20710,MZ/LAW/84B16/2020/23,Mizoram,,,,23.0,92.98,,,,uploaded landslide_report.pdf
20711,MZ/SAI/84F04/2020/2,Mizoram,,,,22.19,93.03,,,,uploaded landslide_report.pdf
20712,MZ/LAW/84B12/2020/10,Mizoram,,,,22.2,92.61,,,,uploaded landslide_report.pdf
20713,MZ/LAW/84B12/2020/12,Mizoram,,,,22.2,92.61,,,,uploaded landslide_report.pdf
20714,MZ/SAI/84F04/2020/17,Mizoram,,,,22.2,93.13,,,,uploaded landslide_report.pdf
20715,MZ/LAW/84B12/2020/9,Mizoram,,,,22.21,92.61,,,,uploaded landslide_report.pdf
20716,MZ/LAW/84B12/2020/11,Mizoram,,,,22.21,92.61,,,,uploaded landslide_report.pdf
20717,MZ/LAW/84B16/2020/8,Mizoram,,,,22.21,92.96,,,,uploaded landslide_report.pdf
20718,MZ/LAW/84B16/2020/9,Mizoram,,,,22.21,92.96,,,,uploaded landslide_report.pdf
20719,MZ/SAI/84F04/2020/18,Mizoram,,,,22.21,93.12,,,,uploaded landslide_report.pdf
20720,MZ/SAI/84F04/2020/19,Mizoram,,,,22.21,93.12,,,,uploaded landslide_report.pdf
20721,MZ/LAW/84B12/2020/6,Mizoram,,,,22.22,92.62,,,,uploaded landslide_report.pdf
20722,MZ/LAW/84B12/2020/7,Mizoram,,,,22.22,92.62,,,,uploaded landslide_report.pdf
20723,MZ/LAW/84B12/2020/8,Mizoram,,,,22.22,92.62,,,,uploaded landslide_report.pdf
20724,MZ/LAW/84B16/2020/6,Mizoram,,,,22.22,92.95,,,,uploaded landslide_report.pdf
20725,MZ/LAW/84B16/2020/7,Mizoram,,,,22.22,92.96,,,,uploaded landslide_report.pdf
20726,MZ/SAI/84F04/2020/20,Mizoram,,,,20.0,93.11,,,,uploaded landslide_report.pdf
20727,MZ/LAW/84B12/2020/4,Mizoram,,,,22.23,92.62,,,,uploaded landslide_report.pdf
20728,MZ/LAW/84B12/2020/5,Mizoram,,,,22.23,92.62,,,,uploaded landslide_report.pdf
20729,MZ/LAW/84B16/2020/4,Mizoram,,,,22.23,92.93,,,,uploaded landslide_report.pdf
20730,MZ/LAW/84B16/2020/5,Mizoram,,,,22.23,92.93,,,,uploaded landslide_report.pdf
20731,MZ/LAW/84B12/2020/1,Mizoram,,,,22.24,92.69,,,,uploaded landslide_report.pdf
20732,MZ/LAW/84B12/2020/3,Mizoram,,,,22.24,92.62,,,,uploaded landslide_report.pdf
20733,MZ/LAW/84B12/2020/34,Mizoram,,,,22.24,92.68,,,,uploaded landslide_report.pdf
20734,MZ/LAW/84B12/2020/41,Mizoram,,,,22.24,92.6,,,,uploaded landslide_report.pdf
20735,MZ/SAI/84F04/2020/21,Mizoram,,,,21.0,93.1,,,,uploaded landslide_report.pdf
20736,MZ/LAW/84B11/2020/37,Mizoram,,,,22.25,92.63,,,,uploaded landslide_report.pdf
20737,MZ/LAW/84B12/2020/2,Mizoram,,,,22.25,92.63,,,,uploaded landslide_report.pdf
20738,MZ/LAW/84B12/2020/36,Mizoram,,,,22.25,92.62,,,,uploaded landslide_report.pdf
20739,MZ/LAW/84B12/2020/37,Mizoram,,,,22.25,92.62,,,,uploaded landslide_report.pdf
20740,MZ/SAI/84F04/2020/1,Mizoram,,,,22.25,93.03,,,,uploaded landslide_report.pdf
20741,MZ/SAI/84F04/2020/22,Mizoram,,,,22.0,93.09,,,,uploaded landslide_report.pdf
20742,MZ/LAW/84B11/2020/35,Mizoram,,,,22.26,92.63,,,,uploaded landslide_report.pdf
20743,MZ/LAW/84B11/2020/36,Mizoram,,,,22.26,92.63,,,,uploaded landslide_report.pdf
20744,MZ/LAW/84B11/2020/39,Mizoram,,,,22.26,92.68,,,,uploaded landslide_report.pdf
20745,MZ/LAW/84B11/2020/64,Mizoram,,,,22.26,92.68,,,,uploaded landslide_report.pdf
20746,MZ/SAI/84F03/2020/4,Mizoram,,,,22.26,93.05,,,,uploaded landslide_report.pdf
20747,MZ/SAI/84F03/2020/12,Mizoram,,,,22.26,93.03,,,,uploaded landslide_report.pdf
20748,MZ/SAI/84F03/2020/13,Mizoram,,,,22.26,93.03,,,,uploaded landslide_report.pdf
20749,MZ/LAW/84B11/2020/34,Mizoram,,,,22.27,92.63,,,,uploaded landslide_report.pdf
20750,MZ/LAW/84B11/2020/38,Mizoram,,,,22.27,92.68,,,,uploaded landslide_report.pdf
20751,MZ/SAI/84F03/2020/1,Mizoram,,,,22.27,93.09,,,,uploaded landslide_report.pdf
20752,MZ/SAI/84F03/2020/5,Mizoram,,,,22.27,93.05,,,,uploaded landslide_report.pdf
20753,MZ/SAI/84F03/2020/6,Mizoram,,,,22.27,93.06,,,,uploaded landslide_report.pdf
20754,MZ/LAW/84B11/2020/33,Mizoram,,,,22.28,92.63,,,,uploaded landslide_report.pdf
20755,MZ/SAI/84F03/2020/7,Mizoram,,,,22.28,93.08,,,,uploaded landslide_report.pdf
20756,MZ/SAI/84F03/2020/8,Mizoram,,,,22.28,93.08,,,,uploaded landslide_report.pdf
20757,MZ/SAI/84F03/2020/9,Mizoram,,,,22.28,93.08,,,,uploaded landslide_report.pdf
20758,MZ/SAI/84F03/2020/29,Mizoram,,,,29.0,93.09,,,,uploaded landslide_report.pdf
20759,MZ/LAW/84B11/2020/31,Mizoram,,,,22.29,92.63,,,,uploaded landslide_report.pdf
20760,MZ/LAW/84B11/2020/32,Mizoram,,,,22.29,92.63,,,,uploaded landslide_report.pdf
20761,MZ/SAI/84F03/2020/10,Mizoram,,,,22.29,93.08,,,,uploaded landslide_report.pdf
20762,MZ/SAI/84F03/2020/30,Mizoram,,,,30.0,93.09,,,,uploaded landslide_report.pdf
20763,MZ/LAW/84B11/2020/60,Mizoram,,,,22.3,92.59,,,,uploaded landslide_report.pdf
20764,MZ/LAW/84B15/2018/39,Mizoram,,,,22.309944,92.768333,,,,uploaded landslide_report.pdf
20765,MZ/LAW/84B15/2018/40,Mizoram,,,,22.309944,92.768059,,,,uploaded landslide_report.pdf
20766,MZ/LAW/84B11/2020/29,Mizoram,,,,29.0,92.63,,,,uploaded landslide_report.pdf
20767,MZ/LAW/84B11/2020/30,Mizoram,,,,30.0,92.63,,,,uploaded landslide_report.pdf
20768,MZ/SAI/84F03/2020/14,Mizoram,,,,22.31,93.02,,,,uploaded landslide_report.pdf
20769,MZ/LAW/84B11/2020/12,Mizoram,,,,22.32,92.73,,,,uploaded landslide_report.pdf
20770,MZ/SAI/84F03/2020/11,Mizoram,,,,22.32,93.14,,,,uploaded landslide_report.pdf
20771,MZ/SAI/84F03/2020/15,Mizoram,,,,22.32,93.02,,,,uploaded landslide_report.pdf
20772,MZ/LAW/84B15/2018/38,Mizoram,,,,22.320999,92.772003,,,,uploaded landslide_report.pdf
20773,MZ/LAW/84B15/2018/37,Mizoram,,,,22.326,92.771004,,,,uploaded landslide_report.pdf
20774,MZ/LAW/84B15/2018/36,Mizoram,,,,22.328888,92.769997,,,,uploaded landslide_report.pdf
20775,MZ/LAW/84B11/2020/6,Mizoram,,,,22.33,92.75,,,,uploaded landslide_report.pdf
20776,MZ/LAW/84B11/2020/9,Mizoram,,,,22.33,92.74,,,,uploaded landslide_report.pdf
20777,MZ/LAW/84B11/2020/10,Mizoram,,,,22.33,92.74,,,,uploaded landslide_report.pdf
20778,MZ/LAW/84B11/2020/11,Mizoram,,,,22.33,92.74,,,,uploaded landslide_report.pdf
20779,MZ/LAW/84B11/2020/13,Mizoram,,,,22.33,92.73,,,,uploaded landslide_report.pdf
20780,MZ/LAW/84B11/2020/14,Mizoram,,,,22.33,92.72,,,,uploaded landslide_report.pdf
20781,MZ/LAW/84B11/2020/15,Mizoram,,,,22.33,92.72,,,,uploaded landslide_report.pdf
20782,MZ/LAW/84B11/2020/19,Mizoram,,,,22.33,92.69,,,,uploaded landslide_report.pdf
20783,MZ/LAW/84B11/2020/20,Mizoram,,,,20.0,92.69,,,,uploaded landslide_report.pdf
20784,MZ/LAW/84B11/2020/28,Mizoram,,,,28.0,92.63,,,,uploaded landslide_report.pdf
20785,MZ/LAW/84B11/2020/42,Mizoram,,,,22.33,92.65,,,,uploaded landslide_report.pdf
20786,MZ/LAW/84B11/2020/7,Mizoram,,,,22.34,92.75,,,,uploaded landslide_report.pdf
20787,MZ/LAW/84B11/2020/8,Mizoram,,,,22.34,92.74,,,,uploaded landslide_report.pdf
20788,MZ/LAW/84B11/2020/16,Mizoram,,,,22.34,92.71,,,,uploaded landslide_report.pdf
20789,MZ/LAW/84B11/2020/17,Mizoram,,,,22.34,92.68,,,,uploaded landslide_report.pdf
20790,MZ/LAW/84B11/2020/18,Mizoram,,,,22.34,92.69,,,,uploaded landslide_report.pdf
20791,MZ/LAW/84B11/2020/22,Mizoram,,,,22.0,92.74,,,,uploaded landslide_report.pdf
20792,MZ/LAW/84B11/2020/23,Mizoram,,,,23.0,92.74,,,,uploaded landslide_report.pdf
20793,MZ/LAW/84B11/2020/25,Mizoram,,,,25.0,92.74,,,,uploaded landslide_report.pdf
20794,MZ/LAW/84B11/2020/41,Mizoram,,,,22.34,92.65,,,,uploaded landslide_report.pdf
20795,MZ/LAW/84B11/2020/61,Mizoram,,,,22.34,92.6,,,,uploaded landslide_report.pdf
20796,MZ/SAI/84F03/2020/16,Mizoram,,,,22.34,93.04,,,,uploaded landslide_report.pdf
20797,MZ/SAI/84F03/2020/17,Mizoram,,,,22.34,93.04,,,,uploaded landslide_report.pdf
20798,MZ/SAI/84F03/2020/18,Mizoram,,,,22.34,93.04,,,,uploaded landslide_report.pdf
20799,MZ/SAI/84F03/2020/26,Mizoram,,,,26.0,93.13,,,,uploaded landslide_report.pdf
20800,MZ/LAW/84B15/2018/35,Mizoram,,,,22.341,92.768997,,,,uploaded landslide_report.pdf
20801,MZ/LAW/84B11/2020/21,Mizoram,,,,21.0,92.66,,,,uploaded landslide_report.pdf
20802,MZ/LAW/84B11/2020/24,Mizoram,,,,24.0,92.74,,,,uploaded landslide_report.pdf
20803,MZ/LAW/84B11/2020/26,Mizoram,,,,26.0,92.74,,,,uploaded landslide_report.pdf
20804,MZ/LAW/84B11/2020/27,Mizoram,,,,27.0,92.74,,,,uploaded landslide_report.pdf
20805,MZ/LAW/84B11/2020/40,Mizoram,,,,22.35,92.65,,,,uploaded landslide_report.pdf
20806,MZ/LAW/84B15/2018/33,Mizoram,,,,22.356001,92.791,,,,uploaded landslide_report.pdf
20807,MZ/LAW/84B15/2018/34,Mizoram,,,,22.358999,92.779999,,,,uploaded landslide_report.pdf
20808,MZ/LAW/84B11/2020/49,Mizoram,,,,22.36,92.61,,,,uploaded landslide_report.pdf
20809,MZ/SAI/84F03/2020/19,Mizoram,,,,22.36,93.05,,,,uploaded landslide_report.pdf
20810,MZ/LAW/84B15/2018/32,Mizoram,,,,22.363001,92.861,,,,uploaded landslide_report.pdf
20811,MZ/SAI/84B15/2019/4,Mizoram,,,,22.368999,92.934998,,,,uploaded landslide_report.pdf
20812,MZ/SAI/84B15/2019/5,Mizoram,,,,22.369862,92.934998,,,,uploaded landslide_report.pdf
20813,MZ/LAW/84B11/2020/43,Mizoram,,,,22.37,92.63,,,,uploaded landslide_report.pdf
20814,MZ/LAW/84B15/2018/31,Mizoram,,,,22.375,92.858002,,,,uploaded landslide_report.pdf
20815,MZ/LAW/84B15/2018/30,Mizoram,,,,30.0,92.858002,,,,uploaded landslide_report.pdf
20816,MZ/LAW/84B11/2020/46,Mizoram,,,,22.38,92.59,,,,uploaded landslide_report.pdf
20817,MZ/LAW/84B11/2020/47,Mizoram,,,,22.38,92.59,,,,uploaded landslide_report.pdf
20818,MZ/SAI/84F03/2020/3,Mizoram,,,,22.38,93.03,,,,uploaded landslide_report.pdf
20819,MZ/SAI/84F03/2020/25,Mizoram,,,,25.0,93.12,,,,uploaded landslide_report.pdf
20820,MZ/SAI/84F03/2020/35,Mizoram,,,,22.38,93.03,,,,uploaded landslide_report.pdf
20821,MZ/SAI/84B15/2018/60,Mizoram,,,,22.381001,92.978996,,,,uploaded landslide_report.pdf
20822,MZ/LAW/84B15/2018/28,Mizoram,,,,28.0,92.857002,,,,uploaded landslide_report.pdf
20823,MZ/LAW/84B15/2018/29,Mizoram,,,,29.0,92.858002,,,,uploaded landslide_report.pdf
20824,MZ/LAW/84B15/2018/27,Mizoram,,,,27.0,92.862999,,,,uploaded landslide_report.pdf
20825,MZ/LAW/84B11/2020/44,Mizoram,,,,22.39,92.61,,,,uploaded landslide_report.pdf
20826,MZ/LAW/84B11/2020/45,Mizoram,,,,22.39,92.59,,,,uploaded landslide_report.pdf
20827,MZ/LAW/84B11/2020/53,Mizoram,,,,22.39,92.64,,,,uploaded landslide_report.pdf
20828,MZ/SAI/84F03/2020/24,Mizoram,,,,24.0,93.11,,,,uploaded landslide_report.pdf
20829,MZ/SAI/84B15/2018/59,Mizoram,,,,22.392,92.978996,,,,uploaded landslide_report.pdf
20830,MZ/LAW/84B15/2018/19,Mizoram,,,,22.395,92.860001,,,,uploaded landslide_report.pdf
20831,MZ/SAI/84B15/2018/58,Mizoram,,,,22.399,92.964996,,,,uploaded landslide_report.pdf
20832,MZ/SAI/84F03/2020/31,Mizoram,,,,22.4,93.12,,,,uploaded landslide_report.pdf
20833,MZ/SAI/84F03/2020/32,Mizoram,,,,22.4,93.13,,,,uploaded landslide_report.pdf
20834,MZ/LAW/84B15/2018/18,Mizoram,,,,22.405001,92.861,,,,uploaded landslide_report.pdf
20835,MZ/SAI/84B15/2018/57,Mizoram,,,,22.405001,92.950996,,,,uploaded landslide_report.pdf
20836,MZ/LAW/84B11/2020/1,Mizoram,,,,22.41,92.75,,,,uploaded landslide_report.pdf
20837,MZ/LAW/84B11/2020/2,Mizoram,,,,22.41,92.75,,,,uploaded landslide_report.pdf
20838,MZ/LAW/84B11/2020/48,Mizoram,,,,22.41,92.6,,,,uploaded landslide_report.pdf
20839,MZ/LAW/84B11/2020/52,Mizoram,,,,22.41,92.64,,,,uploaded landslide_report.pdf
20840,MZ/SAI/84F03/2020/2,Mizoram,,,,22.41,93.02,,,,uploaded landslide_report.pdf
20841,MZ/LAW/84B15/2018/25,Mizoram,,,,25.0,92.864998,,,,uploaded landslide_report.pdf
20842,MZ/SAI/84B15/2019/3,Mizoram,,,,22.42,92.992996,,,,uploaded landslide_report.pdf
20843,MZ/SAI/84B15/2018/63,Mizoram,,,,22.424,92.977997,,,,uploaded landslide_report.pdf
20844,MZ/SAI/84B15/2018/56,Mizoram,,,,22.427999,92.947998,,,,uploaded landslide_report.pdf
20845,MZ/LAW/84B15/2018/17,Mizoram,,,,22.43,92.870003,,,,uploaded landslide_report.pdf
20846,MZ/LAW/84B11/2020/3,Mizoram,,,,22.43,92.75,,,,uploaded landslide_report.pdf
20847,MZ/LAW/84B11/2020/54,Mizoram,,,,22.43,92.71,,,,uploaded landslide_report.pdf
20848,MZ/LAW/84B11/2020/55,Mizoram,,,,22.43,92.69,,,,uploaded landslide_report.pdf
20849,MZ/SAI/84B15/2018/55,Mizoram,,,,22.434999,92.945999,,,,uploaded landslide_report.pdf
20850,MZ/SAI/84F03/2020/23,Mizoram,,,,23.0,93.1,,,,uploaded landslide_report.pdf
20851,MZ/SAI/84F03/2020/27,Mizoram,,,,27.0,93.1,,,,uploaded landslide_report.pdf
20852,MZ/LAW/84B15/2018/26,Mizoram,,,,26.0,92.879997,,,,uploaded landslide_report.pdf
20853,MZ/LAW/84B15/2018/22,Mizoram,,,,22.0,92.874001,,,,uploaded landslide_report.pdf
20854,MZ/LAW/84B15/2018/16,Mizoram,,,,22.447001,92.882004,,,,uploaded landslide_report.pdf
20855,MZ/LAW/84B15/2018/15,Mizoram,,,,22.448,92.882004,,,,uploaded landslide_report.pdf
20856,MZ/LAW/84B11/2020/56,Mizoram,,,,22.45,92.7,,,,uploaded landslide_report.pdf
20857,MZ/LAW/84B11/2020/62,Mizoram,,,,22.45,92.57,,,,uploaded landslide_report.pdf
20858,MZ/SAI/84F03/2020/28,Mizoram,,,,28.0,93.09,,,,uploaded landslide_report.pdf
20859,MZ/LAW/84B15/2018/24,Mizoram,,,,24.0,92.870003,,,,uploaded landslide_report.pdf
20860,MZ/LAW/84B15/2018/1,Mizoram,,,,22.45138,92.911942,,,,uploaded landslide_report.pdf
20861,MZ/LAW/84B15/2018/2,Mizoram,,,,22.45138,92.911942,,,,uploaded landslide_report.pdf
20862,MZ/SAI/84B15/2018/61,Mizoram,,,,22.455,92.959999,,,,uploaded landslide_report.pdf
20863,MZ/SAI/84B15/2018/62,Mizoram,,,,22.455999,92.962997,,,,uploaded landslide_report.pdf
20864,MZ/SAI/84B15/2018/54,Mizoram,,,,22.455999,92.948997,,,,uploaded landslide_report.pdf
20865,MZ/LAW/84B15/2018/8,Mizoram,,,,22.458916,92.886108,,,,uploaded landslide_report.pdf
20866,MZ/LAW/84B15/2018/21,Mizoram,,,,21.0,92.873001,,,,uploaded landslide_report.pdf
20867,MZ/SAI/84B15/2018/53,Mizoram,,,,22.459,92.952003,,,,uploaded landslide_report.pdf
20868,MZ/LAW/84B11/2020/4,Mizoram,,,,22.46,92.73,,,,uploaded landslide_report.pdf
20869,MZ/LAW/84B11/2020/57,Mizoram,,,,22.46,92.69,,,,uploaded landslide_report.pdf
20870,MZ/SAI/84F03/2020/21,Mizoram,,,,21.0,93.05,,,,uploaded landslide_report.pdf
20871,MZ/SAI/84F03/2020/22,Mizoram,,,,22.0,93.05,,,,uploaded landslide_report.pdf
20872,MZ/LAW/84B15/2018/23,Mizoram,,,,23.0,92.877998,,,,uploaded landslide_report.pdf
20873,MZ/SAI/84B15/2018/51,Mizoram,,,,22.462999,92.969002,,,,uploaded landslide_report.pdf
20874,MZ/LAW/84B15/2018/6,Mizoram,,,,22.464916,92.916107,,,,uploaded landslide_report.pdf
20875,MZ/LAW/84B15/2018/7,Mizoram,,,,22.466166,92.92083,,,,uploaded landslide_report.pdf
20876,MZ/LAW/84B15/2018/20,Mizoram,,,,20.0,92.873001,,,,uploaded landslide_report.pdf
20877,MZ/LAW/84B15/2018/14,Mizoram,,,,22.469,92.876999,,,,uploaded landslide_report.pdf
20878,MZ/LAW/84B15/2018/13,Mizoram,,,,22.469469,92.878334,,,,uploaded landslide_report.pdf
20879,MZ/LAW/84B11/2020/51,Mizoram,,,,22.47,92.63,,,,uploaded landslide_report.pdf
20880,MZ/SAI/84B15/2018/41,Mizoram,,,,22.472,92.969002,,,,uploaded landslide_report.pdf
20881,MZ/LAW/84B15/2018/12,Mizoram,,,,22.475,92.877998,,,,uploaded landslide_report.pdf
20882,MZ/SAI/84B15/2018/52,Mizoram,,,,22.475,92.964996,,,,uploaded landslide_report.pdf
20883,MZ/LAW/84B14/2019/4,Mizoram,,,,22.476999,92.885002,,,,uploaded landslide_report.pdf
20884,MZ/SAI/84B15/2018/42,Mizoram,,,,22.478001,92.966003,,,,uploaded landslide_report.pdf
20885,MZ/LAW/84B11/2020/5,Mizoram,,,,22.48,92.73,,,,uploaded landslide_report.pdf
20886,MZ/LAW/84B15/2018/11,Mizoram,,,,22.482,92.877998,,,,uploaded landslide_report.pdf
20887,MZ/LAW/84B15/2018/9,Mizoram,,,,22.483166,92.885551,,,,uploaded landslide_report.pdf
20888,MZ/SAI/84B15/2018/43,Mizoram,,,,22.483999,92.954002,,,,uploaded landslide_report.pdf
20889,MZ/SAI/84B15/2018/49,Mizoram,,,,22.485666,92.985825,,,,uploaded landslide_report.pdf
20890,MZ/LAW/84B15/2018/10,Mizoram,,,,22.486,92.882004,,,,uploaded landslide_report.pdf
20891,MZ/SAI/84B15/2018/44,Mizoram,,,,22.487,92.964996,,,,uploaded landslide_report.pdf
20892,MZ/LAW/84B11/2020/58,Mizoram,,,,22.49,92.67,,,,uploaded landslide_report.pdf
20893,MZ/LAW/84B11/2020/63,Mizoram,,,,22.49,92.74,,,,uploaded landslide_report.pdf
20894,MZ/SAI/84F03/2020/33,Mizoram,,,,22.49,93.01,,,,uploaded landslide_report.pdf
20895,MZ/SAI/84B15/2018/45,Mizoram,,,,22.490999,92.964996,,,,uploaded landslide_report.pdf
20896,MZ/SAI/84B15/2018/48,Mizoram,,,,22.490999,92.981003,,,,uploaded landslide_report.pdf
20897,MZ/SAI/84B15/2018/50,Mizoram,,,,22.490999,92.984001,,,,uploaded landslide_report.pdf
20898,MZ/SAI/84B15/2018/47,Mizoram,,,,22.496,92.975998,,,,uploaded landslide_report.pdf
20899,MZ/LAW/84B14/2018/33,Mizoram,,,,22.5,92.887001,,,,uploaded landslide_report.pdf
20900,MZ/LAW/84B10/2020/1,Mizoram,,,,22.5,92.75,,,,uploaded landslide_report.pdf
20901,MZ/LAW/84B10/2020/2,Mizoram,,,,22.5,92.74,,,,uploaded landslide_report.pdf
20902,MZ/LAW/84B10/2020/22,Mizoram,,,,22.0,92.73,,,,uploaded landslide_report.pdf
20903,MZ/LAW/84B10/2020/23,Mizoram,,,,23.0,92.74,,,,uploaded landslide_report.pdf
20904,MZ/LAW/84B11/2020/50,Mizoram,,,,22.5,92.73,,,,uploaded landslide_report.pdf
20905,MZ/LAW/84B11/2020/59,Mizoram,,,,22.5,92.68,,,,uploaded landslide_report.pdf
20906,MZ/SAI/84F03/2020/20,Mizoram,,,,20.0,93.01,,,,uploaded landslide_report.pdf
20907,MZ/SAI/84F03/2020/34,Mizoram,,,,22.5,93.02,,,,uploaded landslide_report.pdf
20908,MZ/LAW/84B14/2018/30,Mizoram,,,,30.0,92.891663,,,,uploaded landslide_report.pdf
20909,MZ/LAW/84B14/2018/29,Mizoram,,,,29.0,92.889,,,,uploaded landslide_report.pdf
20910,MZ/LAW/84B14/2018/32,Mizoram,,,,22.507,92.886002,,,,uploaded landslide_report.pdf
20911,MZ/LAW/84B14/2018/31,Mizoram,,,,22.51,92.886002,,,,uploaded landslide_report.pdf
20912,MZ/LAW/84B10/2020/3,Mizoram,,,,22.51,92.74,,,,uploaded landslide_report.pdf
20913,MZ/SAI/84B15/2018/46,Mizoram,,,,22.513,92.992996,,,,uploaded landslide_report.pdf
20914,MZ/LAW/84B14/2018/51,Mizoram,,,,22.513,92.793999,,,,uploaded landslide_report.pdf
20915,MZ/LAW/84B14/2018/43,Mizoram,,,,22.517,92.879997,,,,uploaded landslide_report.pdf
20916,MZ/LAW/84B14/2018/34,Mizoram,,,,22.518,92.855003,,,,uploaded landslide_report.pdf
20917,MZ/LAW/84B14/2018/50,Mizoram,,,,22.518,92.811996,,,,uploaded landslide_report.pdf
20918,MZ/LAW/84B14/2018/44,Mizoram,,,,22.52,92.867996,,,,uploaded landslide_report.pdf
20919,MZ/LAW/84B10/2020/13,Mizoram,,,,22.52,92.71,,,,uploaded landslide_report.pdf
20920,MZ/LAW/84B10/2020/14,Mizoram,,,,22.52,92.71,,,,uploaded landslide_report.pdf
20921,MZ/LAW/84B10/2020/15,Mizoram,,,,22.52,92.72,,,,uploaded landslide_report.pdf
20922,MZ/LAW/84B10/2020/16,Mizoram,,,,22.52,92.72,,,,uploaded landslide_report.pdf
20923,MZ/LAW/84B14/2018/45,Mizoram,,,,22.525,92.865997,,,,uploaded landslide_report.pdf
20924,MZ/LAW/84B14/2018/46,Mizoram,,,,22.525,92.864998,,,,uploaded landslide_report.pdf
20925,MZ/LUNG/84B14/2018/3,Mizoram,,,,22.525999,92.888,,,,uploaded landslide_report.pdf
20926,MZ/LAW/84B14/2018/36,Mizoram,,,,22.527,92.891998,,,,uploaded landslide_report.pdf
20927,MZ/LAW/84B14/2018/2,Mizoram,,,,22.5273,92.870003,,,,uploaded landslide_report.pdf
20928,MZ/LAW/84B14/2018/35,Mizoram,,,,22.528,92.896004,,,,uploaded landslide_report.pdf
20929,MZ/LAW/84B10/2020/12,Mizoram,,,,22.53,92.7,,,,uploaded landslide_report.pdf
20930,MZ/LAW/84B10/2020/21,Mizoram,,,,21.0,92.7,,,,uploaded landslide_report.pdf
20931,MZ/LAW/84B10/2020/45,Mizoram,,,,22.53,92.62,,,,uploaded landslide_report.pdf
20932,MZ/LAW/84B14/2018/38,Mizoram,,,,22.530001,92.890999,,,,uploaded landslide_report.pdf
20933,MZ/LAW/84B14/2018/39,Mizoram,,,,22.530001,92.890999,,,,uploaded landslide_report.pdf
20934,MZ/LAW/84B14/2018/40,Mizoram,,,,22.530001,92.890999,,,,uploaded landslide_report.pdf
20935,MZ/LAW/84B14/2018/47,Mizoram,,,,22.532,92.862999,,,,uploaded landslide_report.pdf
20936,MZ/LAW/84B14/2018/41,Mizoram,,,,22.533001,92.886002,,,,uploaded landslide_report.pdf
20937,MZ/LAW/84B14/2018/42,Mizoram,,,,22.534,92.876999,,,,uploaded landslide_report.pdf
20938,MZ/LAW/84B14/2018/13,Mizoram,,,,22.53544,92.893059,,,,uploaded landslide_report.pdf
20939,MZ/LAW/84B14/2018/48,Mizoram,,,,22.535999,92.860001,,,,uploaded landslide_report.pdf
20940,MZ/LAW/84B14/2018/14,Mizoram,,,,22.537416,92.885002,,,,uploaded landslide_report.pdf
20941,MZ/LAW/84B14/2018/49,Mizoram,,,,22.538,92.857002,,,,uploaded landslide_report.pdf
20942,MZ/LAW/84B10/2020/11,Mizoram,,,,22.54,92.69,,,,uploaded landslide_report.pdf
20943,MZ/LAW/84B10/2020/20,Mizoram,,,,20.0,92.68,,,,uploaded landslide_report.pdf
20944,MZ/LAW/84B10/2020/44,Mizoram,,,,22.55,92.54,,,,uploaded landslide_report.pdf
20945,MZ/LAW/84B14/2018/15,Mizoram,,,,22.552301,92.883888,,,,uploaded landslide_report.pdf
20946,MZ/LAW/84B10/2020/26,Mizoram,,,,26.0,92.67,,,,uploaded landslide_report.pdf
20947,MZ/LAW/84B10/2020/27,Mizoram,,,,27.0,92.67,,,,uploaded landslide_report.pdf
20948,MZ/LAW/84B14/2018/16,Mizoram,,,,22.561611,92.877502,,,,uploaded landslide_report.pdf
20949,MZ/LAW/84B14/2018/17,Mizoram,,,,22.568556,92.87944,,,,uploaded landslide_report.pdf
20950,MZ/LAW/84B10/2020/19,Mizoram,,,,22.57,92.68,,,,uploaded landslide_report.pdf
20951,MZ/LAW/84B14/2018/18,Mizoram,,,,22.573833,92.917519,,,,uploaded landslide_report.pdf
20952,MZ/LAW/84B14/2018/19,Mizoram,,,,30.0,92.873337,,,,uploaded landslide_report.pdf
20953,MZ/LAW/84B14/2018/37,Mizoram,,,,22.577,92.892998,,,,uploaded landslide_report.pdf
20954,MZ/LAW/84B14/2018/20,Mizoram,,,,20.0,92.870277,,,,uploaded landslide_report.pdf
20955,MZ/LAW/84B14/2018/21,Mizoram,,,,21.0,92.870552,,,,uploaded landslide_report.pdf
20956,MZ/LAW/84B14/2018/22,Mizoram,,,,22.0,92.870003,,,,uploaded landslide_report.pdf
20957,MZ/LAW/84B14/2019/6,Mizoram,,,,22.5886,92.970001,,,,uploaded landslide_report.pdf
20958,MZ/LAW/84B14/2019/5,Mizoram,,,,22.591,92.917,,,,uploaded landslide_report.pdf
20959,MZ/LAW/84B10/2020/10,Mizoram,,,,22.6,92.67,,,,uploaded landslide_report.pdf
20960,MZ/LAW/84B10/2020/4,Mizoram,,,,22.61,92.66,,,,uploaded landslide_report.pdf
20961,MZ/LAW/84B10/2020/5,Mizoram,,,,22.61,92.66,,,,uploaded landslide_report.pdf
20962,MZ/LAW/84B10/2020/6,Mizoram,,,,22.61,92.66,,,,uploaded landslide_report.pdf
20963,MZ/LAW/84B10/2020/7,Mizoram,,,,22.61,92.67,,,,uploaded landslide_report.pdf
20964,MZ/LAW/84B10/2020/8,Mizoram,,,,22.61,92.67,,,,uploaded landslide_report.pdf
20965,MZ/LAW/84B10/2020/9,Mizoram,,,,22.61,92.67,,,,uploaded landslide_report.pdf
20966,MZ/LAW/84B10/2020/18,Mizoram,,,,22.61,92.64,,,,uploaded landslide_report.pdf
20967,MZ/LAW/84B10/2020/42,Mizoram,,,,22.61,92.54,,,,uploaded landslide_report.pdf
20968,MZ/LAW/84B10/2020/43,Mizoram,,,,22.61,92.54,,,,uploaded landslide_report.pdf
20969,MZ/LAW/84B14/2018/11,Mizoram,,,,22.615,92.916,,,,uploaded landslide_report.pdf
20970,MZ/LAW/84B14/2018/12,Mizoram,,,,22.615999,92.913002,,,,uploaded landslide_report.pdf
20971,MZ/LAW/84B10/2020/17,Mizoram,,,,22.62,92.64,,,,uploaded landslide_report.pdf
20972,MZ/LAW/84B10/2020/24,Mizoram,,,,24.0,92.64,,,,uploaded landslide_report.pdf
20973,MZ/LAW/84B10/2020/25,Mizoram,,,,25.0,92.64,,,,uploaded landslide_report.pdf
20974,MZ/LUN/84B10/2020/46,Mizoram,,,,22.63,92.66,,,,uploaded landslide_report.pdf
20975,MZ/LUN/84B10/2020/47,Mizoram,,,,22.63,92.66,,,,uploaded landslide_report.pdf
20976,MZ/LUN/84B10/2020/48,Mizoram,,,,22.63,92.66,,,,uploaded landslide_report.pdf
20977,MZ/LAW/84B10/2020/28,Mizoram,,,,28.0,92.61,,,,uploaded landslide_report.pdf
20978,MZ/LUN/84B10/2020/49,Mizoram,,,,22.64,92.66,,,,uploaded landslide_report.pdf
20979,MZ/LUN/84B10/2020/51,Mizoram,,,,22.64,92.66,,,,uploaded landslide_report.pdf
20980,MZ/LUN/84B10/2020/53,Mizoram,,,,22.64,92.67,,,,uploaded landslide_report.pdf
20981,MZ/LAW/84B10/2020/29,Mizoram,,,,29.0,92.61,,,,uploaded landslide_report.pdf
20982,MZ/LUN/84B10/2020/50,Mizoram,,,,22.65,92.65,,,,uploaded landslide_report.pdf
20983,MZ/LUN/84B10/2020/52,Mizoram,,,,22.65,92.66,,,,uploaded landslide_report.pdf
20984,MZ/LUN/84B10/2020/54,Mizoram,,,,22.65,92.67,,,,uploaded landslide_report.pdf
20985,MZ/LUN/84B10/2020/55,Mizoram,,,,22.65,92.67,,,,uploaded landslide_report.pdf
20986,MZ/LUN/84B10/2020/56,Mizoram,,,,22.65,92.67,,,,uploaded landslide_report.pdf
20987,MZ/LUN/84B10/2020/79,Mizoram,,,,22.65,92.71,,,,uploaded landslide_report.pdf
20988,MZ/LUN/84B10/2020/80,Mizoram,,,,22.65,92.71,,,,uploaded landslide_report.pdf
20989,MZ/LUN/84B10/2020/81,Mizoram,,,,22.65,92.71,,,,uploaded landslide_report.pdf
20990,MZ/LUN/84B14/2018/52,Mizoram,,,,22.654861,92.894722,,,,uploaded landslide_report.pdf
20991,MZ/LUN/84B14/2018/53,Mizoram,,,,22.656334,92.874725,,,,uploaded landslide_report.pdf
20992,MZ/LUNG/84B14/2018/23,Mizoram,,,,23.0,92.855003,,,,uploaded landslide_report.pdf
20993,MZ/LUN/84B10/2020/57,Mizoram,,,,22.66,92.67,,,,uploaded landslide_report.pdf
20994,MZ/LUN/84B10/2020/58,Mizoram,,,,22.66,92.67,,,,uploaded landslide_report.pdf
20995,MZ/LUN/84B10/2020/59,Mizoram,,,,22.66,92.67,,,,uploaded landslide_report.pdf
20996,MZ/LUN/84B10/2020/73,Mizoram,,,,22.66,92.65,,,,uploaded landslide_report.pdf
20997,MZ/LUN/84B10/2020/74,Mizoram,,,,22.66,92.65,,,,uploaded landslide_report.pdf
20998,MZ/LUN/84B10/2020/78,Mizoram,,,,22.66,92.71,,,,uploaded landslide_report.pdf
20999,MZ/LAW/84B10/2020/40,Mizoram,,,,22.67,92.56,,,,uploaded landslide_report.pdf
21000,MZ/LUN/84B10/2020/60,Mizoram,,,,22.67,92.68,,,,uploaded landslide_report.pdf
21001,MZ/LUN/84B10/2020/75,Mizoram,,,,22.67,92.68,,,,uploaded landslide_report.pdf
21002,MZ/LUN/84B10/2020/76,Mizoram,,,,22.67,92.68,,,,uploaded landslide_report.pdf
21003,MZ/LUN/84B10/2020/77,Mizoram,,,,22.67,92.69,,,,uploaded landslide_report.pdf
21004,MZ/LUN/84B10/2020/82,Mizoram,,,,22.67,92.69,,,,uploaded landslide_report.pdf
21005,MZ/LUNG/84B14/2018/24,Mizoram,,,,24.0,92.844002,,,,uploaded landslide_report.pdf
21006,MZ/LAW/84B10/2020/30,Mizoram,,,,30.0,92.59,,,,uploaded landslide_report.pdf
21007,MZ/LAW/84B10/2020/31,Mizoram,,,,22.68,92.59,,,,uploaded landslide_report.pdf
21008,MZ/LAW/84B10/2020/32,Mizoram,,,,22.68,92.58,,,,uploaded landslide_report.pdf
21009,MZ/LAW/84B10/2020/33,Mizoram,,,,22.68,92.58,,,,uploaded landslide_report.pdf
21010,MZ/LAW/84B10/2020/34,Mizoram,,,,22.68,92.58,,,,uploaded landslide_report.pdf
21011,MZ/LAW/84B10/2020/35,Mizoram,,,,22.68,92.57,,,,uploaded landslide_report.pdf
21012,MZ/LAW/84B10/2020/36,Mizoram,,,,22.68,92.57,,,,uploaded landslide_report.pdf
21013,MZ/LAW/84B10/2020/39,Mizoram,,,,22.68,92.56,,,,uploaded landslide_report.pdf
21014,MZ/LUN/84B10/2020/61,Mizoram,,,,22.68,92.66,,,,uploaded landslide_report.pdf
21015,MZ/LUN/84B10/2020/83,Mizoram,,,,22.68,92.69,,,,uploaded landslide_report.pdf
21016,MZ/LUNG/84B14/2018/9,Mizoram,,,,22.681,92.884003,,,,uploaded landslide_report.pdf
21017,MZ/LUNG/84B14/2018/10,Mizoram,,,,22.683001,92.882004,,,,uploaded landslide_report.pdf
21018,MZ/LUNG/84B14/2018/25,Mizoram,,,,25.0,92.842003,,,,uploaded landslide_report.pdf
21019,MZ/LUN/84B10/2020/62,Mizoram,,,,22.69,92.72,,,,uploaded landslide_report.pdf
21020,MZ/LUNG/84B14/2018/26,Mizoram,,,,26.0,92.841003,,,,uploaded landslide_report.pdf
21021,MZ/LUNG/84B14/2018/27,Mizoram,,,,27.0,92.841003,,,,uploaded landslide_report.pdf
21022,MZ/LAW/84B10/2020/37,Mizoram,,,,22.7,92.56,,,,uploaded landslide_report.pdf
21023,MZ/LUN/84B10/2020/64,Mizoram,,,,22.7,92.66,,,,uploaded landslide_report.pdf
21024,MZ/LUN/84B10/2020/65,Mizoram,,,,22.7,92.66,,,,uploaded landslide_report.pdf
21025,MZ/LUN/84B10/2020/66,Mizoram,,,,22.7,92.66,,,,uploaded landslide_report.pdf
21026,MZ/LAW/84B14/2019/8,Mizoram,,,,22.700001,92.994003,,,,uploaded landslide_report.pdf
21027,MZ/LAW/84B14/2019/7,Mizoram,,,,22.704,92.985001,,,,uploaded landslide_report.pdf
21028,MZ/LUNG/84B14/2018/28,Mizoram,,,,28.0,92.842003,,,,uploaded landslide_report.pdf
21029,MZ/LAW/84B10/2020/41,Mizoram,,,,22.71,92.54,,,,uploaded landslide_report.pdf
21030,MZ/LUN/84B10/2020/63,Mizoram,,,,22.71,92.7,,,,uploaded landslide_report.pdf
21031,MZ/LUN/84B10/2020/67,Mizoram,,,,22.71,92.66,,,,uploaded landslide_report.pdf
21032,MZ/LUN/84B14/2018/1,Mizoram,,,,22.711,92.839996,,,,uploaded landslide_report.pdf
21033,MZ/LUN/84B10/2020/68,Mizoram,,,,22.73,92.65,,,,uploaded landslide_report.pdf
21034,MZ/LUN/84B10/2020/69,Mizoram,,,,22.73,92.65,,,,uploaded landslide_report.pdf
21035,MZ/LUN/84B10/2020/70,Mizoram,,,,22.73,92.65,,,,uploaded landslide_report.pdf
21036,MZ/LUN/84B10/2020/71,Mizoram,,,,22.73,92.65,,,,uploaded landslide_report.pdf
21037,MZ/LAW/84B10/2020/38,Mizoram,,,,22.74,92.52,,,,uploaded landslide_report.pdf
21038,MZ/LUN/84B10/2020/72,Mizoram,,,,22.74,92.63,,,,uploaded landslide_report.pdf
21039,MZ/LUN/84B13/2018/1,Mizoram,,,,22.751808,92.838905,,,,uploaded landslide_report.pdf
21040,MZ/LUN/84B13/2018/2,Mizoram,,,,22.771872,92.840324,,,,uploaded landslide_report.pdf
21041,MZ/LUN/84B13/2018/3,Mizoram,,,,22.777763,92.833969,,,,uploaded landslide_report.pdf
21042,MZ/LUN/84B13/2018/4,Mizoram,,,,22.779978,92.833778,,,,uploaded landslide_report.pdf
21043,MZ/LUN/84B13/2018/5,Mizoram,,,,22.785034,92.834671,,,,uploaded landslide_report.pdf
21044,MZ/LUN/84B09/2018/1,Mizoram,,,,22.786274,92.620659,,,,uploaded landslide_report.pdf
21045,MZ/LUN/84B09/2018/2,Mizoram,,,,22.786629,92.62748,,,,uploaded landslide_report.pdf
21046,MZ/LUN/84B13/2018/6,Mizoram,,,,22.788198,92.825165,,,,uploaded landslide_report.pdf
21047,MZ/LUN/84B13/2018/7,Mizoram,,,,22.78916,92.981087,,,,uploaded landslide_report.pdf
21048,MZ/LUN/84B09/2018/3,Mizoram,,,,22.789585,92.621895,,,,uploaded landslide_report.pdf
21049,MZ/LUN/84B13/2018/8,Mizoram,,,,22.789967,92.820396,,,,uploaded landslide_report.pdf
21050,MZ/LUN/84B09/2018/4,Mizoram,,,,22.790684,92.614983,,,,uploaded landslide_report.pdf
21051,MZ/LUN/84B13/2018/9,Mizoram,,,,22.791958,92.833511,,,,uploaded landslide_report.pdf
21052,MZ/LUN/84B13/2018/10,Mizoram,,,,22.795282,92.813881,,,,uploaded landslide_report.pdf
21053,MZ/LUN/84B13/2018/11,Mizoram,,,,22.796106,92.991173,,,,uploaded landslide_report.pdf
21054,MZ/LUN/84B13/2018/12,Mizoram,,,,22.801022,92.81369,,,,uploaded landslide_report.pdf
21055,MZ/LUN/84F01/2018/1,Mizoram,,,,22.802805,93.004639,,,,uploaded landslide_report.pdf
21056,MZ/LUN/84B13/2018/13,Mizoram,,,,22.80291,92.81369,,,,uploaded landslide_report.pdf
21057,MZ/LUN/84B13/2018/14,Mizoram,,,,22.803709,92.815636,,,,uploaded landslide_report.pdf
21058,MZ/LUN/84B13/2018/15,Mizoram,,,,22.803982,92.815475,,,,uploaded landslide_report.pdf
21059,MZ/LUN/84B13/2018/16,Mizoram,,,,22.804358,92.816559,,,,uploaded landslide_report.pdf
21060,MZ/LUN/84B13/2018/17,Mizoram,,,,22.804701,92.816734,,,,uploaded landslide_report.pdf
21061,MZ/LUN/84B13/2018/18,Mizoram,,,,22.806564,92.812057,,,,uploaded landslide_report.pdf
21062,MZ/LUN/84B13/2018/19,Mizoram,,,,22.812588,92.807343,,,,uploaded landslide_report.pdf
21063,MZ/LUN/84B13/2018/20,Mizoram,,,,20.0,92.805801,,,,uploaded landslide_report.pdf
21064,MZ/LUN/84B13/2018/21,Mizoram,,,,21.0,92.802696,,,,uploaded landslide_report.pdf
21065,MZ/LUN/84B09/2018/25,Mizoram,,,,25.0,92.637703,,,,uploaded landslide_report.pdf
21066,MZ/LUN/84B13/2018/22,Mizoram,,,,22.0,92.804405,,,,uploaded landslide_report.pdf
21067,MZ/LUN/84B13/2018/23,Mizoram,,,,23.0,92.624512,,,,uploaded landslide_report.pdf
21068,MZ/LUN/84B13/2018/24,Mizoram,,,,24.0,92.628441,,,,uploaded landslide_report.pdf
21069,MZ/LUN/84F01/2018/2,Mizoram,,,,22.823893,93.036804,,,,uploaded landslide_report.pdf
21070,MZ/LUN/84B13/2018/25,Mizoram,,,,25.0,92.608917,,,,uploaded landslide_report.pdf
21071,MZ/LUN/84B13/2018/26,Mizoram,,,,26.0,92.971519,,,,uploaded landslide_report.pdf
21072,MZ/LUN/84B13/2018/27,Mizoram,,,,27.0,92.80175,,,,uploaded landslide_report.pdf
21073,MZ/LUN/84B13/2018/28,Mizoram,,,,28.0,92.975822,,,,uploaded landslide_report.pdf
21074,MZ/LUN/84B13/2018/29,Mizoram,,,,29.0,92.760933,,,,uploaded landslide_report.pdf
21075,MZ/LUN/84B13/2018/30,Mizoram,,,,30.0,92.892761,,,,uploaded landslide_report.pdf
21076,MZ/LUN/84B13/2018/31,Mizoram,,,,22.83358,92.955582,,,,uploaded landslide_report.pdf
21077,MZ/LUN/84B13/2018/32,Mizoram,,,,22.834824,92.758766,,,,uploaded landslide_report.pdf
21078,MIZO/LUN/84B13/2005/E-21,Mizoram,,,,21.0,92.80519,,,,uploaded landslide_report.pdf
21079,MZ/LUN/84B13/2018/33,Mizoram,,,,22.836016,92.759361,,,,uploaded landslide_report.pdf
21080,MZ/LUN/84B13/2018/34,Mizoram,,,,22.8363,92.892799,,,,uploaded landslide_report.pdf
21081,MIZO/LUN/84B13/2005/E-23,Mizoram,,,,23.0,92.80092,,,,uploaded landslide_report.pdf
21082,MIZO/LUN/84B13/2005/E-22,Mizoram,,,,22.0,92.80347,,,,uploaded landslide_report.pdf
21083,MIZO/LUN/84B13/2005/E-24,Mizoram,,,,24.0,92.79922,,,,uploaded landslide_report.pdf
21084,MZ/LUN/84B13/2018/35,Mizoram,,,,22.837624,92.797165,,,,uploaded landslide_report.pdf
21085,MZ/LUN/84B13/2018/37,Mizoram,,,,22.83779,92.795959,,,,uploaded landslide_report.pdf
21086,MZ/LUN/84B13/2018/36,Mizoram,,,,22.837809,92.798653,,,,uploaded landslide_report.pdf
21087,MZ/LUN/84B13/2018/38,Mizoram,,,,22.838051,92.798889,,,,uploaded landslide_report.pdf
21088,MZ/LUN/84B13/2018/39,Mizoram,,,,22.838732,92.791954,,,,uploaded landslide_report.pdf
21089,MZ/LUN/84B13/2018/40,Mizoram,,,,22.83885,92.89209,,,,uploaded landslide_report.pdf
21090,MZ/LUN/84B13/2018/41,Mizoram,,,,22.838875,92.792801,,,,uploaded landslide_report.pdf
21091,MZ/LUN/84B13/2018/42,Mizoram,,,,22.839445,92.95668,,,,uploaded landslide_report.pdf
21092,MZ/LUN/84B13/2018/43,Mizoram,,,,22.841097,92.792755,,,,uploaded landslide_report.pdf
21093,MZ/LUN/84B13/2018/44,Mizoram,,,,22.841455,92.891235,,,,uploaded landslide_report.pdf
21094,MZ/LUN/84B13/2018/45,Mizoram,,,,22.841801,92.951385,,,,uploaded landslide_report.pdf
21095,MZ/LUN/84B13/2018/46,Mizoram,,,,22.842268,92.951981,,,,uploaded landslide_report.pdf
21096,MZ/LUN/84B13/2018/47,Mizoram,,,,22.844219,92.955048,,,,uploaded landslide_report.pdf
21097,MZ/LUN/84B13/2018/48,Mizoram,,,,22.844894,92.944511,,,,uploaded landslide_report.pdf
21098,MZ/LUN/84B13/2018/49,Mizoram,,,,22.845263,92.674942,,,,uploaded landslide_report.pdf
21099,MIZO/LUN/84B13/2005/E-25,Mizoram,,,,25.0,92.79944,,,,uploaded landslide_report.pdf
21100,MZ/LUN/84B13/2018/50,Mizoram,,,,22.846123,92.796333,,,,uploaded landslide_report.pdf
21101,MZ/LUN/84B13/2018/51,Mizoram,,,,22.846241,92.804893,,,,uploaded landslide_report.pdf
21102,MIZO/LUN/84B13/2005/E-26,Mizoram,,,,26.0,92.79831,,,,uploaded landslide_report.pdf
21103,MZ/LUN/84B13/2018/52,Mizoram,,,,22.848185,92.886963,,,,uploaded landslide_report.pdf
21104,MZ/LUN/84B13/2018/53,Mizoram,,,,22.849134,92.809334,,,,uploaded landslide_report.pdf
21105,MZ/LUN/84B13/2018/54,Mizoram,,,,22.850847,92.797028,,,,uploaded landslide_report.pdf
21106,MIZO/LUN/84B09/2005/E-5,Mizoram,,,,22.851028,92.694972,,,,uploaded landslide_report.pdf
21107,MIZO/LUN/84B09/2005/E-7,Mizoram,,,,22.85258,92.70186,,,,uploaded landslide_report.pdf
21108,MZ/LUN/84B13/2018/55,Mizoram,,,,22.852823,92.815781,,,,uploaded landslide_report.pdf
21109,MZ/LUN/84B13/2018/56,Mizoram,,,,22.853046,92.81588,,,,uploaded landslide_report.pdf
21110,MIZO/LUN/84B09/2005/E-6,Mizoram,,,,22.85558,92.69914,,,,uploaded landslide_report.pdf
21111,MIZO/LUN/84B09/2005/E-8,Mizoram,,,,22.85697,92.70764,,,,uploaded landslide_report.pdf
21112,MZ/LUN/84B09/2018/5,Mizoram,,,,22.857729,92.704483,,,,uploaded landslide_report.pdf
21113,MZ/LUN/84B13/2014/02,Mizoram,,,,22.86003,92.75831,,,,uploaded landslide_report.pdf
21114,MIZO/LUN/84B09/2005/E-9,Mizoram,,,,22.86025,92.70778,,,,uploaded landslide_report.pdf
21115,MZ/LUN/84B09/2018/6,Mizoram,,,,22.860407,92.705795,,,,uploaded landslide_report.pdf
21116,MZ/LUN/84B13/2018/57,Mizoram,,,,22.861877,92.897736,,,,uploaded landslide_report.pdf
21117,MZ/LUN/84B09/2018/7,Mizoram,,,,22.862419,92.706055,,,,uploaded landslide_report.pdf
21118,MZ/LUN/84B13/2018/58,Mizoram,,,,22.862442,92.826431,,,,uploaded landslide_report.pdf
21119,MIZO/LUN/84B09/2005/E-10,Mizoram,,,,22.86428,92.71097,,,,uploaded landslide_report.pdf
21120,MZ/LUN/84B13/2018/59,Mizoram,,,,22.865286,92.754898,,,,uploaded landslide_report.pdf
21121,MZ/LUN/84B13/2018/61,Mizoram,,,,22.865692,92.825745,,,,uploaded landslide_report.pdf
21122,MZ/LUN/84B13/2018/60,Mizoram,,,,22.865734,92.771561,,,,uploaded landslide_report.pdf
21123,MZ/LUN/84B13/2018/62,Mizoram,,,,22.866318,92.776726,,,,uploaded landslide_report.pdf
21124,MZ/LUN/84B13/2018/63,Mizoram,,,,22.866783,92.772026,,,,uploaded landslide_report.pdf
21125,MZ/LUN/84B13/2018/64,Mizoram,,,,22.866833,92.774925,,,,uploaded landslide_report.pdf
21126,MIZO/LUN/84B13/2005/E-16,Mizoram,,,,22.86739,92.75764,,,,uploaded landslide_report.pdf
21127,MZ/LUN/84B13/2018/65,Mizoram,,,,22.867477,92.754234,,,,uploaded landslide_report.pdf
21128,MZ/LUN/84B13/2018/66,Mizoram,,,,22.867741,92.898506,,,,uploaded landslide_report.pdf
21129,MZ/LUN/84B13/2018/67,Mizoram,,,,22.869579,92.824974,,,,uploaded landslide_report.pdf
21130,MZ/LUN/84B13/2018/68,Mizoram,,,,22.869707,92.753304,,,,uploaded landslide_report.pdf
21131,MZ/LUN/84B05/2020/6,Mizoram,,,,22.87,92.49,,,,uploaded landslide_report.pdf
21132,MZ/LUN/84B05/2020/7,Mizoram,,,,22.87,92.48,,,,uploaded landslide_report.pdf
21133,MZ/LUN/84B05/2020/8,Mizoram,,,,22.87,92.48,,,,uploaded landslide_report.pdf
21134,MZ/LUN/84B09/2018/8,Mizoram,,,,22.870518,92.703873,,,,uploaded landslide_report.pdf
21135,MZ/LUN/84B13/2018/70,Mizoram,,,,22.870546,92.752853,,,,uploaded landslide_report.pdf
21136,MZ/LUN/84B13/2018/69,Mizoram,,,,22.87056,92.822105,,,,uploaded landslide_report.pdf
21137,MIZO/LUN/84B13/2005/E-15,Mizoram,,,,22.87075,92.75403,,,,uploaded landslide_report.pdf
21138,MZ/LUN/84B13/2018/72,Mizoram,,,,22.872238,92.750557,,,,uploaded landslide_report.pdf
21139,MZ/LUN/84B13/2018/71,Mizoram,,,,22.872299,92.815971,,,,uploaded landslide_report.pdf
21140,MZ/LUN/84B13/2018/73,Mizoram,,,,22.872849,92.748711,,,,uploaded landslide_report.pdf
21141,MZ/LUN/84B13/2018/74,Mizoram,,,,22.873062,92.817093,,,,uploaded landslide_report.pdf
21142,MZ/LUN/84B09/2018/26,Mizoram,,,,26.0,92.755951,,,,uploaded landslide_report.pdf
21143,MZ/LUN/84B13/2018/75,Mizoram,,,,22.873812,92.902039,,,,uploaded landslide_report.pdf
21144,MZ/LUN/84B13/2018/76,Mizoram,,,,22.874456,92.901688,,,,uploaded landslide_report.pdf
21145,MZ/LUN/84B09/2018/9,Mizoram,,,,22.874741,92.730354,,,,uploaded landslide_report.pdf
21146,MIZO/LUN/84B13/2005/E-14,Mizoram,,,,22.87506,92.75136,,,,uploaded landslide_report.pdf
21147,MZ/LUN/84B05/2020/2,Mizoram,,,,22.88,92.49,,,,uploaded landslide_report.pdf
21148,MZ/LUN/84B05/2020/3,Mizoram,,,,22.88,92.49,,,,uploaded landslide_report.pdf
21149,MZ/LUN/84B05/2020/4,Mizoram,,,,22.88,92.49,,,,uploaded landslide_report.pdf
21150,MZ/LUN/84B05/2020/5,Mizoram,,,,22.88,92.49,,,,uploaded landslide_report.pdf
21151,MZ/LUN/84B05/2020/9,Mizoram,,,,22.88,92.48,,,,uploaded landslide_report.pdf
21152,MZ/LUN/84B05/2020/10,Mizoram,,,,22.88,92.48,,,,uploaded landslide_report.pdf
21153,MZ/LUN/84B05/2020/11,Mizoram,,,,22.88,92.48,,,,uploaded landslide_report.pdf
21154,MZ/LUN/84B05/2020/13,Mizoram,,,,22.88,92.47,,,,uploaded landslide_report.pdf
21155,MZ/LUN/84B05/2020/14,Mizoram,,,,22.88,92.46,,,,uploaded landslide_report.pdf
21156,MZ/LUN/84B05/2020/15,Mizoram,,,,22.88,92.46,,,,uploaded landslide_report.pdf
21157,MZ/LUN/84B05/2020/35,Mizoram,,,,22.88,92.46,,,,uploaded landslide_report.pdf
21158,MZ/LUN/84B09/2018/10,Mizoram,,,,22.880117,92.831108,,,,uploaded landslide_report.pdf
21159,MZ/LUN/84B09/2018/11,Mizoram,,,,22.880322,92.747818,,,,uploaded landslide_report.pdf
21160,MZ/LUN/84B13/2018/77,Mizoram,,,,22.882607,92.837952,,,,uploaded landslide_report.pdf
21161,MIZO/LUN/84B13/2005/E-13,Mizoram,,,,22.88281,92.74583,,,,uploaded landslide_report.pdf
21162,MZ/LUN/84B09/2018/12,Mizoram,,,,22.883036,92.557152,,,,uploaded landslide_report.pdf
21163,MZ/LUN/84B09/2018/13,Mizoram,,,,22.883656,92.715782,,,,uploaded landslide_report.pdf
21164,MIZO/LUN/84B09/2005/E-12,Mizoram,,,,22.88392,92.74256,,,,uploaded landslide_report.pdf
21165,MZ/LUN/84B09/2018/14,Mizoram,,,,22.883968,92.735397,,,,uploaded landslide_report.pdf
21166,MIZO/LUN/84B09/2005/E-11,Mizoram,,,,22.88408,92.72978,,,,uploaded landslide_report.pdf
21167,MZ/LUN/84B09/2018/15,Mizoram,,,,22.884092,92.736252,,,,uploaded landslide_report.pdf
21168,MZ/LUN/84B13/2018/78,Mizoram,,,,22.8846,92.85128,,,,uploaded landslide_report.pdf
21169,MZ/LUN/84B09/2018/16,Mizoram,,,,22.886652,92.724503,,,,uploaded landslide_report.pdf
21170,MZ/LUN/84B13/2018/79,Mizoram,,,,22.887474,92.836769,,,,uploaded landslide_report.pdf
21171,MZ/LUN/84B13/2018/80,Mizoram,,,,22.889551,92.728073,,,,uploaded landslide_report.pdf
21172,MZ/LUN/84B13/2018/81,Mizoram,,,,22.889872,92.903984,,,,uploaded landslide_report.pdf
21173,MZ/LUN/84B05/2020/28,Mizoram,,,,28.0,92.46,,,,uploaded landslide_report.pdf
21174,MZ/LUN/84B05/2020/34,Mizoram,,,,22.89,92.47,,,,uploaded landslide_report.pdf
21175,MZ/LUN/84B05/2020/38,Mizoram,,,,22.89,92.48,,,,uploaded landslide_report.pdf
21176,MZ/LUN/84B05/2020/39,Mizoram,,,,22.89,92.48,,,,uploaded landslide_report.pdf
21177,MZ/LUN/84B05/2020/40,Mizoram,,,,22.89,92.48,,,,uploaded landslide_report.pdf
21178,MZ/LUN/84B05/2020/41,Mizoram,,,,22.89,92.49,,,,uploaded landslide_report.pdf
21179,MZ/LUN/84B13/2018/82,Mizoram,,,,22.890068,92.823021,,,,uploaded landslide_report.pdf
21180,MIZO/LUN/84B13/2005/E-18,Mizoram,,,,22.89061,92.73033,,,,uploaded landslide_report.pdf
21181,MZ/LUN/84B13/2018/83,Mizoram,,,,20.0,92.950081,,,,uploaded landslide_report.pdf
21182,MZ/LUN/84B13/2018/84,Mizoram,,,,22.892199,92.822884,,,,uploaded landslide_report.pdf
21183,MZ/LUN/84B13/2018/85,Mizoram,,,,22.892977,92.947433,,,,uploaded landslide_report.pdf
21184,MZ/LUN/84B13/2018/86,Mizoram,,,,22.893372,92.946724,,,,uploaded landslide_report.pdf
21185,MZ/LUN/84B13/2018/87,Mizoram,,,,22.89682,92.832611,,,,uploaded landslide_report.pdf
21186,MZ/LUN/84B09/2018/17,Mizoram,,,,22.897339,92.549866,,,,uploaded landslide_report.pdf
21187,MZ/LUN/84B13/2018/88,Mizoram,,,,22.897387,92.889938,,,,uploaded landslide_report.pdf
21188,MZ/LUN/84B13/2018/89,Mizoram,,,,22.897877,92.934364,,,,uploaded landslide_report.pdf
21189,MZ/LUN/84B13/2018/90,Mizoram,,,,22.898329,92.893478,,,,uploaded landslide_report.pdf
21190,MZ/LUN/84B13/2018/92,Mizoram,,,,22.899078,92.721306,,,,uploaded landslide_report.pdf
21191,MZ/LUN/84B13/2018/91,Mizoram,,,,22.899151,92.935677,,,,uploaded landslide_report.pdf
21192,MZ/LUN/84B13/2018/93,Mizoram,,,,22.899906,92.868828,,,,uploaded landslide_report.pdf
21193,MZ/LUN/84B05/2020/12,Mizoram,,,,22.9,92.47,,,,uploaded landslide_report.pdf
21194,MZ/LUN/84B05/2020/18,Mizoram,,,,22.9,92.49,,,,uploaded landslide_report.pdf
21195,MZ/LUN/84B05/2020/19,Mizoram,,,,22.9,92.49,,,,uploaded landslide_report.pdf
21196,MZ/LUN/84B05/2020/20,Mizoram,,,,20.0,92.49,,,,uploaded landslide_report.pdf
21197,MZ/LUN/84B05/2020/21,Mizoram,,,,21.0,92.49,,,,uploaded landslide_report.pdf
21198,MZ/LUN/84B05/2020/22,Mizoram,,,,22.0,92.49,,,,uploaded landslide_report.pdf
21199,MZ/LUN/84B05/2020/23,Mizoram,,,,23.0,92.48,,,,uploaded landslide_report.pdf
21200,MZ/LUN/84B05/2020/24,Mizoram,,,,24.0,92.49,,,,uploaded landslide_report.pdf
21201,MZ/LUN/84B05/2020/25,Mizoram,,,,25.0,92.49,,,,uploaded landslide_report.pdf
21202,MZ/LUN/84B05/2020/27,Mizoram,,,,27.0,92.46,,,,uploaded landslide_report.pdf
21203,MZ/LUN/84B05/2020/33,Mizoram,,,,22.9,92.47,,,,uploaded landslide_report.pdf
21204,MZ/LUN/84B05/2020/36,Mizoram,,,,22.9,92.47,,,,uploaded landslide_report.pdf
21205,MZ/LUN/84B05/2020/37,Mizoram,,,,22.9,92.48,,,,uploaded landslide_report.pdf
21206,MZ/LUN/84B13/2018/94,Mizoram,,,,22.901035,92.87265,,,,uploaded landslide_report.pdf
21207,MZ/LUN/84B13/2018/95,Mizoram,,,,22.901287,92.882271,,,,uploaded landslide_report.pdf
21208,MIZO/LUN/84B13/2005/E-19,Mizoram,,,,22.9015,92.83319,,,,uploaded landslide_report.pdf
21209,MIZO/LUN/84B13/2005/E-20,Mizoram,,,,20.0,92.83233,,,,uploaded landslide_report.pdf
21210,MZ/LUN/84B13/2018/97,Mizoram,,,,22.902401,92.941025,,,,uploaded landslide_report.pdf
21211,MZ/LUN/84B13/2018/96,Mizoram,,,,22.902414,92.829948,,,,uploaded landslide_report.pdf
21212,MZ/LUN/84B13/2018/98,Mizoram,,,,22.903807,92.757401,,,,uploaded landslide_report.pdf
21213,MZ/LUN/84B09/2018/18,Mizoram,,,,22.904324,92.546265,,,,uploaded landslide_report.pdf
21214,MIZO/LUN/84B13/2005/E-17,Mizoram,,,,22.90442,92.72281,,,,uploaded landslide_report.pdf
21215,MZ/LUN/84B13/2018/99,Mizoram,,,,22.906252,92.93174,,,,uploaded landslide_report.pdf
21216,MZ/LUN/84B13/2018/100,Mizoram,,,,22.908125,92.767128,,,,uploaded landslide_report.pdf
21217,MZ/LUN/84B13/2018/101,Mizoram,,,,22.908737,92.930191,,,,uploaded landslide_report.pdf
21218,MZ/LUN/84B05/2020/1,Mizoram,,,,22.91,92.47,,,,uploaded landslide_report.pdf
21219,MZ/LUN/84B05/2020/16,Mizoram,,,,22.91,92.47,,,,uploaded landslide_report.pdf
21220,MZ/LUN/84B05/2020/17,Mizoram,,,,22.91,92.47,,,,uploaded landslide_report.pdf
21221,MZ/LUN/84B05/2020/26,Mizoram,,,,26.0,92.46,,,,uploaded landslide_report.pdf
21222,MZ/LUN/84B13/2018/102,Mizoram,,,,22.91165,92.929871,,,,uploaded landslide_report.pdf
21223,MZ/LUN/84B13/2018/103,Mizoram,,,,22.91312,92.754616,,,,uploaded landslide_report.pdf
21224,MZ/LUN/84B13/2018/104,Mizoram,,,,22.913414,92.754501,,,,uploaded landslide_report.pdf
21225,MZ/LUN/84B09/2018/19,Mizoram,,,,22.913624,92.508827,,,,uploaded landslide_report.pdf
21226,MZ/LUN/84B13/2018/105,Mizoram,,,,22.914276,92.753403,,,,uploaded landslide_report.pdf
21227,MZ/LUN/84B13/2018/106,Mizoram,,,,22.914797,92.928406,,,,uploaded landslide_report.pdf
21228,MZ/LUN/84B13/2018/107,Mizoram,,,,22.915947,92.928337,,,,uploaded landslide_report.pdf
21229,MZ/LUN/84B13/2018/108,Mizoram,,,,22.916008,92.927841,,,,uploaded landslide_report.pdf
21230,MZ/LUN/84B13/2018/109,Mizoram,,,,22.917629,92.75267,,,,uploaded landslide_report.pdf
21231,MZ/LUN/84B13/2018/110,Mizoram,,,,22.920202,92.927345,,,,uploaded landslide_report.pdf
21232,MZ/LUN/84B05/2020/29,Mizoram,,,,29.0,92.48,,,,uploaded landslide_report.pdf
21233,MZ/LUN/84B05/2020/30,Mizoram,,,,30.0,92.48,,,,uploaded landslide_report.pdf
21234,MZ/LUN/84B05/2020/31,Mizoram,,,,22.93,92.49,,,,uploaded landslide_report.pdf
21235,MZ/LUN/84B05/2020/32,Mizoram,,,,22.93,92.5,,,,uploaded landslide_report.pdf
21236,MZ/LUN/84B09/2018/31,Mizoram,,,,22.933441,92.708267,,,,uploaded landslide_report.pdf
21237,MZ/LUN/84B13/2018/111,Mizoram,,,,22.940655,92.833038,,,,uploaded landslide_report.pdf
21238,MZ/LUN/84B09/2018/30,Mizoram,,,,30.0,92.705765,,,,uploaded landslide_report.pdf
21239,MZ/LUN/84B13/2018/112,Mizoram,,,,22.955112,92.836403,,,,uploaded landslide_report.pdf
21240,MZ/LUN/84B13/2018/113,Mizoram,,,,22.957235,92.929703,,,,uploaded landslide_report.pdf
21241,MZ/LUN/84B13/2018/114,Mizoram,,,,22.957518,92.707161,,,,uploaded landslide_report.pdf
21242,MZ/LUN/84B09/2018/29,Mizoram,,,,29.0,92.708145,,,,uploaded landslide_report.pdf
21243,MZ/LUN/84B13/2018/115,Mizoram,,,,22.962877,92.738541,,,,uploaded landslide_report.pdf
21244,MZ/LUN/84B13/2018/116,Mizoram,,,,22.963112,92.835556,,,,uploaded landslide_report.pdf
21245,MZ/LUN/84B13/2018/117,Mizoram,,,,22.9634,92.737465,,,,uploaded landslide_report.pdf
21246,MZ/LUN/84B09/2018/20,Mizoram,,,,20.0,92.731926,,,,uploaded landslide_report.pdf
21247,MZ/LUN/84B09/2018/28,Mizoram,,,,28.0,92.705399,,,,uploaded landslide_report.pdf
21248,MZ/LUN/84B09/2018/21,Mizoram,,,,21.0,92.925728,,,,uploaded landslide_report.pdf
21249,MZ/LUN/84B13/2018/118,Mizoram,,,,22.968073,92.929916,,,,uploaded landslide_report.pdf
21250,MZ/LUN/84B09/2018/22,Mizoram,,,,22.0,92.729332,,,,uploaded landslide_report.pdf
21251,MZ/LUN/84B09/2018/23,Mizoram,,,,23.0,92.729706,,,,uploaded landslide_report.pdf
21252,MZ/LUN/84B09/2018/27,Mizoram,,,,27.0,92.70697,,,,uploaded landslide_report.pdf
21253,MZ/LUN/84B09/2018/24,Mizoram,,,,24.0,92.729607,,,,uploaded landslide_report.pdf
21254,MZ/LUN/84B13/2018/119,Mizoram,,,,22.977497,92.70578,,,,uploaded landslide_report.pdf
21255,MZ/LUN/84B13/2018/120,Mizoram,,,,22.979994,92.726112,,,,uploaded landslide_report.pdf
21256,MZ/LUN/84F01/2018/3,Mizoram,,,,22.983683,93.038437,,,,uploaded landslide_report.pdf
21257,MZ/LUN/84B13/2018/121,Mizoram,,,,22.986418,92.999901,,,,uploaded landslide_report.pdf
21258,MZ/LUN/84B13/2018/122,Mizoram,,,,22.993277,92.72374,,,,uploaded landslide_report.pdf
21259,MZ/LUN/84A16/2018/82,Mizoram,,,,23.001865,92.923225,,,,uploaded landslide_report.pdf
21260,MZ/LUN/84A16/2018/81,Mizoram,,,,23.002401,92.923904,,,,uploaded landslide_report.pdf
21261,MZ/LUN/84A16/2018/61,Mizoram,,,,23.003361,92.962914,,,,uploaded landslide_report.pdf
21262,MZ/LUN/84A16/2018/60,Mizoram,,,,23.003996,92.963562,,,,uploaded landslide_report.pdf
21263,MZ/LUN/84A16/2018/58,Mizoram,,,,23.004421,92.988426,,,,uploaded landslide_report.pdf
21264,MZ/LUN/84A16/2018/59,Mizoram,,,,23.005156,92.985893,,,,uploaded landslide_report.pdf
21265,MZ/LUN/84A16/2018/50,Mizoram,,,,23.005556,92.810555,,,,uploaded landslide_report.pdf
21266,MZ/LUN/84A12/2018/20,Mizoram,,,,20.0,92.720192,,,,uploaded landslide_report.pdf
21267,MZ/LUN/84A12/2018/15,Mizoram,,,,23.005594,92.703522,,,,uploaded landslide_report.pdf
21268,MZ/LUN/84A16/2018/57,Mizoram,,,,23.006939,92.98938,,,,uploaded landslide_report.pdf
21269,MZ/LUN/84A16/2018/51,Mizoram,,,,23.007998,92.808693,,,,uploaded landslide_report.pdf
21270,MZ/LUN/84A16/2018/80,Mizoram,,,,23.010895,92.924156,,,,uploaded landslide_report.pdf
21271,MZ/LUN/84A12/2018/21,Mizoram,,,,21.0,92.720558,,,,uploaded landslide_report.pdf
21272,MZ/LUN/84A12/2018/22,Mizoram,,,,22.0,92.720505,,,,uploaded landslide_report.pdf
21273,MZ/LUN/84A12/2018/16,Mizoram,,,,23.015444,92.704414,,,,uploaded landslide_report.pdf
21274,MZ/LUN/84A16/2018/85,Mizoram,,,,23.016111,92.764168,,,,uploaded landslide_report.pdf
21275,MZ/LUN/84A16/2018/79,Mizoram,,,,23.017494,92.920425,,,,uploaded landslide_report.pdf
21276,MZ/LUN/84A16/2018/86,Mizoram,,,,23.017555,92.771515,,,,uploaded landslide_report.pdf
21277,MZ/LUN/84A16/2018/78,Mizoram,,,,23.017822,92.920723,,,,uploaded landslide_report.pdf
21278,MZ/LUN/84A16/2018/77,Mizoram,,,,23.018333,92.920555,,,,uploaded landslide_report.pdf
21279,MZ/LUN/84A16/2018/76,Mizoram,,,,23.018612,92.920555,,,,uploaded landslide_report.pdf
21280,MZ/LUN/84A16/2018/75,Mizoram,,,,23.019981,92.920921,,,,uploaded landslide_report.pdf
21281,MZ/LUN/84A16/2018/87,Mizoram,,,,23.021145,92.770981,,,,uploaded landslide_report.pdf
21282,MZ/LUN/84A16/2018/83,Mizoram,,,,23.021692,92.752975,,,,uploaded landslide_report.pdf
21283,MZ/LUN/84A16/2018/74,Mizoram,,,,23.022125,92.919952,,,,uploaded landslide_report.pdf
21284,MZ/LUN/84A16/2018/84,Mizoram,,,,23.022377,92.757759,,,,uploaded landslide_report.pdf
21285,MZ/LUN/84A16/2018/73,Mizoram,,,,23.025131,92.91922,,,,uploaded landslide_report.pdf
21286,MZ/CHA/84E08/2017/3,Mizoram,,,,23.026818,93.26673,,,,uploaded landslide_report.pdf
21287,MZ/LUN/84A16/2018/88,Mizoram,,,,23.031231,92.773987,,,,uploaded landslide_report.pdf
21288,MZ/LUN/84A12/2018/17,Mizoram,,,,23.032444,92.705917,,,,uploaded landslide_report.pdf
21289,MZ/LUN/84A16/2018/52,Mizoram,,,,23.035839,92.795578,,,,uploaded landslide_report.pdf
21290,MZ/LUN/84A16/2018/53,Mizoram,,,,23.038607,92.795174,,,,uploaded landslide_report.pdf
21291,MZ/LUN/84A16/2018/54,Mizoram,,,,23.038607,92.795174,,,,uploaded landslide_report.pdf
21292,MZ/LUN/84A16/2018/55,Mizoram,,,,23.038668,92.794441,,,,uploaded landslide_report.pdf
21293,MZ/LUN/84A16/2018/72,Mizoram,,,,23.040543,92.909523,,,,uploaded landslide_report.pdf
21294,MZ/LUN/84A16/2018/90,Mizoram,,,,23.0425,92.772781,,,,uploaded landslide_report.pdf
21295,MZ/LUN/84A16/2018/89,Mizoram,,,,23.0425,92.772781,,,,uploaded landslide_report.pdf
21296,MZ/LUN/84A12/2018/18,Mizoram,,,,23.045416,92.705612,,,,uploaded landslide_report.pdf
21297,MZ/LUN/84A12/2018/19,Mizoram,,,,23.045416,92.705612,,,,uploaded landslide_report.pdf
21298,MZ/LUN/84A16/2018/71,Mizoram,,,,23.047222,92.906944,,,,uploaded landslide_report.pdf
21299,MZ/LUN/84A16/2018/70,Mizoram,,,,23.048967,92.907501,,,,uploaded landslide_report.pdf
21300,MZ/CHA/84E08/2017/2,Mizoram,,,,23.051673,93.306394,,,,uploaded landslide_report.pdf
21301,MZ/CHA/84E08/2017/1,Mizoram,,,,23.05214,93.307373,,,,uploaded landslide_report.pdf
21302,MZ/LUN/84A12/2018/14,Mizoram,,,,23.05374,92.70755,,,,uploaded landslide_report.pdf
21303,MZ/LUN/84A12/2018/12,Mizoram,,,,23.053747,92.704163,,,,uploaded landslide_report.pdf
21304,MZ/LUN/84A12/2018/13,Mizoram,,,,23.053806,92.704918,,,,uploaded landslide_report.pdf
21305,MZ/LUN/84A12/2018/11,Mizoram,,,,23.05479,92.702461,,,,uploaded landslide_report.pdf
21306,MZ/LUN/84A12/2018/10,Mizoram,,,,23.056194,92.70047,,,,uploaded landslide_report.pdf
21307,MZ/LUN/84A12/2018/9,Mizoram,,,,23.056612,92.699997,,,,uploaded landslide_report.pdf
21308,MZ/SER/84F01/2018/1,Mizoram,,,,23.057222,93.080002,,,,uploaded landslide_report.pdf
21309,MZ/LUN/84A16/2018/69,Mizoram,,,,23.057276,92.90416,,,,uploaded landslide_report.pdf
21310,MZ/CHA/84E08/2017/48,Mizoram,,,,23.058,93.280568,,,,uploaded landslide_report.pdf
21311,MZ/CHA/84E08/2017/47,Mizoram,,,,23.059174,93.276033,,,,uploaded landslide_report.pdf
21312,MZ/CHA/84E08/2017/46,Mizoram,,,,23.059264,93.275647,,,,uploaded landslide_report.pdf
21313,MZ/SER/84F01/2018/2,Mizoram,,,,23.068354,93.002747,,,,uploaded landslide_report.pdf
21314,MZ/SER/84F01/2018/3,Mizoram,,,,23.072695,93.218956,,,,uploaded landslide_report.pdf
21315,MZ/CHA/84E08/2017/45,Mizoram,,,,23.075575,93.315376,,,,uploaded landslide_report.pdf
21316,MZ/CHA/84E08/2017/44,Mizoram,,,,23.075703,93.315391,,,,uploaded landslide_report.pdf
21317,MZ/CHA/84E08/2017/43,Mizoram,,,,23.075896,93.315313,,,,uploaded landslide_report.pdf
21318,MZ/LUN/84A12/2018/8,Mizoram,,,,23.076319,92.69873,,,,uploaded landslide_report.pdf
21319,MZ/LUN/84A16/2018/68,Mizoram,,,,23.07859,92.870544,,,,uploaded landslide_report.pdf
21320,MZ/LUN/84A16/2018/11,Mizoram,,,,23.078611,92.760002,,,,uploaded landslide_report.pdf
21321,MZ/LUN/84A16/2018/62,Mizoram,,,,23.080278,92.858612,,,,uploaded landslide_report.pdf
21322,MZ/CHA/84E08/2017/42,Mizoram,,,,23.081345,93.321054,,,,uploaded landslide_report.pdf
21323,MZ/CHA/84E08/2017/41,Mizoram,,,,23.081569,93.320633,,,,uploaded landslide_report.pdf
21324,MZ/LUN/84A16/2018/22,Mizoram,,,,22.0,92.898277,,,,uploaded landslide_report.pdf
21325,MZ/LUN/84A12/2018/76,Mizoram,,,,23.083221,92.556969,,,,uploaded landslide_report.pdf
21326,MZ/LUN/84A12/2018/33,Mizoram,,,,23.083611,92.70108,,,,uploaded landslide_report.pdf
21327,MZ/LUN/84A16/2018/3,Mizoram,,,,23.084101,92.795685,,,,uploaded landslide_report.pdf
21328,MZ/LUN/84A16/2018/67,Mizoram,,,,23.087177,92.853889,,,,uploaded landslide_report.pdf
21329,MZ/LUN/84A16/2018/2,Mizoram,,,,23.088409,92.793564,,,,uploaded landslide_report.pdf
21330,MZ/LUN/84A16/2018/66,Mizoram,,,,23.088615,92.849403,,,,uploaded landslide_report.pdf
21331,MZ/LUN/84A12/2018/77,Mizoram,,,,23.089111,92.555168,,,,uploaded landslide_report.pdf
21332,MZ/SER/84F01/2018/5,Mizoram,,,,23.08964,93.200974,,,,uploaded landslide_report.pdf
21333,MZ/SER/84F01/2018/4,Mizoram,,,,23.08989,93.020531,,,,uploaded landslide_report.pdf
21334,MZ/LUN/84A12/2018/34,Mizoram,,,,23.091749,92.695419,,,,uploaded landslide_report.pdf
21335,MZ/LUN/84A12/2018/35,Mizoram,,,,23.091749,92.695419,,,,uploaded landslide_report.pdf
21336,MZ/LUN/84A16/2018/1,Mizoram,,,,23.092278,92.789948,,,,uploaded landslide_report.pdf
21337,MZ/LUN/84A16/2018/23,Mizoram,,,,23.0,92.896141,,,,uploaded landslide_report.pdf
21338,MZ/LUN/84A12/2018/36,Mizoram,,,,23.094528,92.695808,,,,uploaded landslide_report.pdf
21339,MZ/LUN/84A16/2018/4,Mizoram,,,,23.094999,92.785835,,,,uploaded landslide_report.pdf
21340,MZ/LUN/84A16/2018/5,Mizoram,,,,23.094999,92.785835,,,,uploaded landslide_report.pdf
21341,MZ/LUN/84A12/2018/37,Mizoram,,,,23.097,92.696358,,,,uploaded landslide_report.pdf
21342,MZ/LUN/84A16/2018/12,Mizoram,,,,23.097061,92.752235,,,,uploaded landslide_report.pdf
21343,MZ/LUN/84A16/2018/6,Mizoram,,,,23.09951,92.782928,,,,uploaded landslide_report.pdf
21344,MZ/LUN/84A16/2018/24,Mizoram,,,,24.0,92.8983,,,,uploaded landslide_report.pdf
21345,MZ/LUN/84A12/2018/78,Mizoram,,,,23.104166,92.559998,,,,uploaded landslide_report.pdf
21346,MZ/LUN/84A12/2018/38,Mizoram,,,,23.107222,92.693054,,,,uploaded landslide_report.pdf
21347,MZ/LUN/84A16/2018/9,Mizoram,,,,23.111111,92.789719,,,,uploaded landslide_report.pdf
21348,MZ/LUN/84A16/2018/7,Mizoram,,,,23.111578,92.789795,,,,uploaded landslide_report.pdf
21349,MZ/LUN/84A16/2018/25,Mizoram,,,,25.0,92.891212,,,,uploaded landslide_report.pdf
21350,MZ/LUN/84A12/2018/1,Mizoram,,,,23.11375,92.744614,,,,uploaded landslide_report.pdf
21351,MZ/LUN/84A16/2018/8,Mizoram,,,,23.117416,92.79612,,,,uploaded landslide_report.pdf
21352,MZ/LUN/84A12/2018/2,Mizoram,,,,23.118336,92.741035,,,,uploaded landslide_report.pdf
21353,MZ/SER/84F01/2018/6,Mizoram,,,,23.124069,93.145889,,,,uploaded landslide_report.pdf
21354,MZ/LUN/84A16/2018/64,Mizoram,,,,23.125311,92.820023,,,,uploaded landslide_report.pdf
21355,MZ/LUN/84A16/2018/65,Mizoram,,,,23.125807,92.817886,,,,uploaded landslide_report.pdf
21356,MZ/CHA/84E08/2017/40,Mizoram,,,,23.127266,93.296204,,,,uploaded landslide_report.pdf
21357,MZ/LUN/84A16/2018/63,Mizoram,,,,23.129629,92.809196,,,,uploaded landslide_report.pdf
21358,MZ/LUN/84A12/2018/39,Mizoram,,,,23.13114,92.687469,,,,uploaded landslide_report.pdf
21359,MZ/CHA/84E08/2017/39,Mizoram,,,,23.131158,93.293979,,,,uploaded landslide_report.pdf
21360,MZ/LUN/84A16/2018/10,Mizoram,,,,23.132685,92.798332,,,,uploaded landslide_report.pdf
21361,MZ/LUN/84A12/2018/71,Mizoram,,,,23.133568,92.64373,,,,uploaded landslide_report.pdf
21362,MZ/LUN/84A12/2018/73,Mizoram,,,,23.133902,92.623497,,,,uploaded landslide_report.pdf
21363,MZ/CHA/84E08/2017/38,Mizoram,,,,23.135405,93.368299,,,,uploaded landslide_report.pdf
21364,MZ/LUN/84A12/2018/75,Mizoram,,,,23.135416,92.616661,,,,uploaded landslide_report.pdf
21365,MZ/CHA/84E08/2017/37,Mizoram,,,,23.135434,93.368506,,,,uploaded landslide_report.pdf
21366,MZ/LUN/84A12/2018/74,Mizoram,,,,23.135794,92.62294,,,,uploaded landslide_report.pdf
21367,MZ/LUN/84A12/2018/79,Mizoram,,,,23.135889,92.551819,,,,uploaded landslide_report.pdf
21368,MZ/CHA/84E08/2017/36,Mizoram,,,,23.136654,93.314856,,,,uploaded landslide_report.pdf
21369,MZ/CHA/84E08/2017/35,Mizoram,,,,23.136712,93.31485,,,,uploaded landslide_report.pdf
21370,MZ/LUN/84A12/2018/3,Mizoram,,,,23.13732,92.747276,,,,uploaded landslide_report.pdf
21371,MZ/CHA/84E08/2017/34,Mizoram,,,,23.138981,93.288852,,,,uploaded landslide_report.pdf
21372,MZ/CHA/84E08/2017/33,Mizoram,,,,23.139244,93.289294,,,,uploaded landslide_report.pdf
21373,MZ/CHA/84E08/2017/32,Mizoram,,,,23.140294,93.344976,,,,uploaded landslide_report.pdf
21374,MZ/CHA/84E08/2017/31,Mizoram,,,,23.14046,93.343507,,,,uploaded landslide_report.pdf
21375,MZ/CHA/84E08/2017/30,Mizoram,,,,30.0,93.343504,,,,uploaded landslide_report.pdf
21376,MZ/LUN/84A12/2018/80,Mizoram,,,,23.140694,92.551529,,,,uploaded landslide_report.pdf
21377,MZ/SER/84F01/2018/7,Mizoram,,,,23.14085,93.142487,,,,uploaded landslide_report.pdf
21378,MZ/CHA/84E08/2017/29,Mizoram,,,,29.0,93.338272,,,,uploaded landslide_report.pdf
21379,MZ/CHA/84E08/2017/28,Mizoram,,,,28.0,93.33848,,,,uploaded landslide_report.pdf
21380,MZ/LUN/84A16/2018/13,Mizoram,,,,23.142357,92.750961,,,,uploaded landslide_report.pdf
21381,MZ/LUN/84A16/2018/33,Mizoram,,,,23.143007,92.91124,,,,uploaded landslide_report.pdf
21382,MZ/SER/84F01/2018/8,Mizoram,,,,23.143806,93.031219,,,,uploaded landslide_report.pdf
21383,MZ/LUN/84A16/2018/31,Mizoram,,,,23.143888,92.909447,,,,uploaded landslide_report.pdf
21384,MZ/LUN/84A16/2018/32,Mizoram,,,,23.143888,92.909447,,,,uploaded landslide_report.pdf
21385,MZ/LUN/84A12/2018/72,Mizoram,,,,23.145,92.613693,,,,uploaded landslide_report.pdf
21386,MZ/LUN/84A16/2018/30,Mizoram,,,,30.0,92.908569,,,,uploaded landslide_report.pdf
21387,MZ/CHA/84E08/2017/27,Mizoram,,,,27.0,93.287063,,,,uploaded landslide_report.pdf
21388,MZ/LUN/84A12/2018/40,Mizoram,,,,23.145231,92.687721,,,,uploaded landslide_report.pdf
21389,MZ/CHA/84E08/2017/26,Mizoram,,,,26.0,93.306544,,,,uploaded landslide_report.pdf
21390,MZ/CHA/84E08/2017/25,Mizoram,,,,25.0,93.306889,,,,uploaded landslide_report.pdf
21391,MZ/CHA/84E08/2017/24,Mizoram,,,,24.0,93.30675,,,,uploaded landslide_report.pdf
21392,MZ/CHA/84E08/2017/23,Mizoram,,,,23.0,93.306249,,,,uploaded landslide_report.pdf
21393,MZ/CHA/84E08/2017/6,Mizoram,,,,23.1465,93.30625,,,,uploaded landslide_report.pdf
21394,MZ/LUN/84A12/2018/41,Mizoram,,,,23.147697,92.687386,,,,uploaded landslide_report.pdf
21395,MZ/SER/84F01/2018/9,Mizoram,,,,23.148056,93.055832,,,,uploaded landslide_report.pdf
21396,MZ/LUN/84A16/2018/14,Mizoram,,,,23.148273,92.75016,,,,uploaded landslide_report.pdf
21397,MZ/CHA/84E08/2017/22,Mizoram,,,,22.0,93.287758,,,,uploaded landslide_report.pdf
21398,MZ/LUN/84A12/2018/4,Mizoram,,,,23.150719,92.74826,,,,uploaded landslide_report.pdf
21399,MZ/LUN/84A12/2018/5,Mizoram,,,,23.150719,92.74826,,,,uploaded landslide_report.pdf
21400,MZ/CHA/84E08/2017/21,Mizoram,,,,21.0,93.286358,,,,uploaded landslide_report.pdf
21401,MZ/CHA/84E08/2017/20,Mizoram,,,,20.0,93.28563,,,,uploaded landslide_report.pdf
21402,MZ/CHA/84E08/2017/19,Mizoram,,,,23.15114,93.283462,,,,uploaded landslide_report.pdf
21403,MZ/CHA/84E08/2017/18,Mizoram,,,,23.151417,93.283077,,,,uploaded landslide_report.pdf
21404,MZ/CHA/84E08/2017/17,Mizoram,,,,23.151444,93.282333,,,,uploaded landslide_report.pdf
21405,MZ/CHA/84E08/2017/16,Mizoram,,,,23.152298,93.28066,,,,uploaded landslide_report.pdf
21406,MZ/LUN/84A12/2018/42,Mizoram,,,,23.153805,92.686775,,,,uploaded landslide_report.pdf
21407,MZ/CHA/84E08/2017/15,Mizoram,,,,23.157667,93.279722,,,,uploaded landslide_report.pdf
21408,MZ/CHA/84E08/2017/4,Mizoram,,,,23.161889,93.2775,,,,uploaded landslide_report.pdf
21409,MZ/CHA/84E08/2017/14,Mizoram,,,,23.163158,93.280821,,,,uploaded landslide_report.pdf
21410,MZ/CHA/84E08/2017/13,Mizoram,,,,23.163528,93.281056,,,,uploaded landslide_report.pdf
21411,MZ/CHA/84E08/2017/12,Mizoram,,,,23.164508,93.270428,,,,uploaded landslide_report.pdf
21412,MZ/SER/84F01/2018/10,Mizoram,,,,23.168705,93.108017,,,,uploaded landslide_report.pdf
21413,MZ/LUN/84A16/2018/29,Mizoram,,,,29.0,92.90097,,,,uploaded landslide_report.pdf
21414,MZ/SER/84F01/2018/11,Mizoram,,,,23.172249,93.058052,,,,uploaded landslide_report.pdf
21415,MZ/LUN/84A16/2018/28,Mizoram,,,,28.0,92.900558,,,,uploaded landslide_report.pdf
21416,MZ/LUN/84A12/2018/6,Mizoram,,,,23.173716,92.739754,,,,uploaded landslide_report.pdf
21417,MZ/LUN/84A12/2018/81,Mizoram,,,,23.17411,92.608917,,,,uploaded landslide_report.pdf
21418,MZ/SER/84A16/2018/91,Mizoram,,,,23.176575,92.979797,,,,uploaded landslide_report.pdf
21419,MZ/LUN/84A08/2020/2,Mizoram,,,,23.18,92.49,,,,uploaded landslide_report.pdf
21420,MZ/SER/84F01/2018/12,Mizoram,,,,23.181417,93.197586,,,,uploaded landslide_report.pdf
21421,MZ/LUN/84A12/2018/7,Mizoram,,,,23.182264,92.737099,,,,uploaded landslide_report.pdf
21422,MZ/SER/84F01/2018/13,Mizoram,,,,23.182417,93.246498,,,,uploaded landslide_report.pdf
21423,MZ/SER/84F01/2018/14,Mizoram,,,,23.182667,93.026138,,,,uploaded landslide_report.pdf
21424,MZ/LUN/84A16/2018/20,Mizoram,,,,20.0,92.794724,,,,uploaded landslide_report.pdf
21425,MZ/SER/84F01/2018/15,Mizoram,,,,23.183584,93.235031,,,,uploaded landslide_report.pdf
21426,MZ/LUN/84A12/2018/43,Mizoram,,,,23.184711,92.679962,,,,uploaded landslide_report.pdf
21427,MZ/LUN/84A12/2018/44,Mizoram,,,,23.184711,92.679962,,,,uploaded landslide_report.pdf
21428,MZ/LUN/84A12/2018/63,Mizoram,,,,23.188799,92.55249,,,,uploaded landslide_report.pdf
21429,MZ/LUN/84A12/2018/60,Mizoram,,,,23.189108,92.547783,,,,uploaded landslide_report.pdf
21430,MZ/LUN/84A12/2018/62,Mizoram,,,,23.189638,92.549889,,,,uploaded landslide_report.pdf
21431,MZ/LUN/84A12/2018/61,Mizoram,,,,23.189917,92.54953,,,,uploaded landslide_report.pdf
21432,MZ/LUN/84A12/2018/45,Mizoram,,,,23.193548,92.684456,,,,uploaded landslide_report.pdf
21433,MZ/LUN/84A12/2018/46,Mizoram,,,,23.193548,92.684456,,,,uploaded landslide_report.pdf
21434,MZ/LUN/84A12/2018/47,Mizoram,,,,23.194187,92.680779,,,,uploaded landslide_report.pdf
21435,MZ/SER/84A16/2018/27,Mizoram,,,,27.0,92.90062,,,,uploaded landslide_report.pdf
21436,MZ/LUN/84A12/2018/48,Mizoram,,,,23.196638,92.679802,,,,uploaded landslide_report.pdf
21437,MZ/SER/84F01/2018/16,Mizoram,,,,23.197752,93.007805,,,,uploaded landslide_report.pdf
21438,MZ/LUN/84A12/2018/32,Mizoram,,,,23.199167,92.683334,,,,uploaded landslide_report.pdf
21439,MZ/SER/84F01/2018/17,Mizoram,,,,23.199879,93.00705,,,,uploaded landslide_report.pdf
21440,MZ/LUN/84A12/2018/65,Mizoram,,,,23.201084,92.580803,,,,uploaded landslide_report.pdf
21441,MZ/LUN/84A12/2018/31,Mizoram,,,,23.201111,92.681946,,,,uploaded landslide_report.pdf
21442,MZ/LUN/84A12/2018/30,Mizoram,,,,30.0,92.681442,,,,uploaded landslide_report.pdf
21443,MZ/LUN/84A12/2018/64,Mizoram,,,,23.204981,92.57457,,,,uploaded landslide_report.pdf
21444,MZ/LUN/84A12/2018/68,Mizoram,,,,23.205305,92.585861,,,,uploaded landslide_report.pdf
21445,MZ/LUN/84A12/2018/57,Mizoram,,,,23.205961,92.538406,,,,uploaded landslide_report.pdf
21446,MZ/CHA/84E08/2017/11,Mizoram,,,,23.206,93.329028,,,,uploaded landslide_report.pdf
21447,MZ/CHA/84E08/2017/5,Mizoram,,,,23.207528,93.258861,,,,uploaded landslide_report.pdf
21448,MZ/CHA/84E08/2017/10,Mizoram,,,,23.207889,93.255917,,,,uploaded landslide_report.pdf
21449,MZ/LUN/84A12/2018/29,Mizoram,,,,29.0,92.676277,,,,uploaded landslide_report.pdf
21450,MZ/LUN/84A16/2018/56,Mizoram,,,,23.208055,92.795555,,,,uploaded landslide_report.pdf
21451,MZ/LUN/84A12/2018/53,Mizoram,,,,23.208082,92.507889,,,,uploaded landslide_report.pdf
21452,MZ/CHA/84E08/2017/9,Mizoram,,,,23.208139,93.257389,,,,uploaded landslide_report.pdf
21453,MZ/LUN/84A12/2018/54,Mizoram,,,,23.208694,92.50975,,,,uploaded landslide_report.pdf
21454,MZ/LUN/84A12/2018/58,Mizoram,,,,23.20875,92.538361,,,,uploaded landslide_report.pdf
21455,MZ/LUN/84A12/2018/55,Mizoram,,,,23.208918,92.518692,,,,uploaded landslide_report.pdf
21456,MZ/LUN/84A12/2018/59,Mizoram,,,,23.209055,92.540611,,,,uploaded landslide_report.pdf
21457,MZ/LUN/84A12/2018/56,Mizoram,,,,23.210028,92.522781,,,,uploaded landslide_report.pdf
21458,MZ/SER/84A16/2018/49,Mizoram,,,,23.212713,92.930771,,,,uploaded landslide_report.pdf
21459,MZ/LUN/84A12/2018/69,Mizoram,,,,23.213055,92.58889,,,,uploaded landslide_report.pdf
21460,MZ/SER/84A16/2018/26,Mizoram,,,,26.0,92.904892,,,,uploaded landslide_report.pdf
21461,MZ/LUN/84A12/2018/70,Mizoram,,,,23.214001,92.588608,,,,uploaded landslide_report.pdf
21462,MZ/CHA/84E08/2017/8,Mizoram,,,,23.21475,93.261139,,,,uploaded landslide_report.pdf
21463,MZ/SER/84A16/2018/47,Mizoram,,,,23.21685,92.955475,,,,uploaded landslide_report.pdf
21464,MZ/SER/84A16/2018/46,Mizoram,,,,23.217224,92.949684,,,,uploaded landslide_report.pdf
21465,MZ/LUN/84A12/2018/28,Mizoram,,,,28.0,92.67691,,,,uploaded landslide_report.pdf
21466,MZ/SER/84A16/2018/48,Mizoram,,,,23.221762,92.975006,,,,uploaded landslide_report.pdf
21467,MZ/SER/84A16/2018/41,Mizoram,,,,23.222652,92.940269,,,,uploaded landslide_report.pdf
21468,MZ/SER/84A16/2018/42,Mizoram,,,,23.222652,92.940269,,,,uploaded landslide_report.pdf
21469,MZ/SER/84A16/2018/38,Mizoram,,,,23.222778,92.92778,,,,uploaded landslide_report.pdf
21470,MZ/SER/84A16/2018/45,Mizoram,,,,23.222778,92.943611,,,,uploaded landslide_report.pdf
21471,MZ/SER/84A16/2018/44,Mizoram,,,,23.222853,92.941536,,,,uploaded landslide_report.pdf
21472,MZ/SER/84A16/2018/43,Mizoram,,,,23.222925,92.940842,,,,uploaded landslide_report.pdf
21473,MZ/SER/84A16/2018/39,Mizoram,,,,23.223055,92.931114,,,,uploaded landslide_report.pdf
21474,MZ/SER/84A16/2018/37,Mizoram,,,,23.223555,92.92672,,,,uploaded landslide_report.pdf
21475,MZ/SER/84A16/2018/40,Mizoram,,,,23.223957,92.936401,,,,uploaded landslide_report.pdf
21476,MZ/LUN/84A16/2018/19,Mizoram,,,,23.225542,92.798363,,,,uploaded landslide_report.pdf
21477,MZ/LUN/84A12/2018/52,Mizoram,,,,23.226894,92.638527,,,,uploaded landslide_report.pdf
21478,MZ/SER/84A16/2018/36,Mizoram,,,,23.227602,92.923164,,,,uploaded landslide_report.pdf
21479,MZ/SER/84A16/2018/34,Mizoram,,,,23.228361,92.916832,,,,uploaded landslide_report.pdf
21480,MZ/SER/84A16/2018/35,Mizoram,,,,23.23,92.919724,,,,uploaded landslide_report.pdf
21481,MZ/LUN/84A16/2018/18,Mizoram,,,,23.23035,92.79808,,,,uploaded landslide_report.pdf
21482,MZ/LUN/84A12/2018/26,Mizoram,,,,26.0,92.673973,,,,uploaded landslide_report.pdf
21483,MZ/LUN/84A12/2018/27,Mizoram,,,,27.0,92.673973,,,,uploaded landslide_report.pdf
21484,MZ/LUN/84A12/2018/25,Mizoram,,,,25.0,92.673714,,,,uploaded landslide_report.pdf
21485,MZ/LUN/84A12/2018/24,Mizoram,,,,24.0,92.673058,,,,uploaded landslide_report.pdf
21486,MZ/CHA/84E08/2017/7,Mizoram,,,,23.237767,93.308461,,,,uploaded landslide_report.pdf
21487,MZ/LUN/84A12/2018/50,Mizoram,,,,23.242306,92.640587,,,,uploaded landslide_report.pdf
21488,MZ/LUN/84A12/2018/51,Mizoram,,,,23.242306,92.640587,,,,uploaded landslide_report.pdf
21489,MZ/SER/84A16/2018/17,Mizoram,,,,23.242828,92.798134,,,,uploaded landslide_report.pdf
21490,MZ/SER/84A16/2018/21,Mizoram,,,,21.0,92.904846,,,,uploaded landslide_report.pdf
21491,MZ/SER/84F01/2018/18,Mizoram,,,,23.244541,93.099533,,,,uploaded landslide_report.pdf
21492,MZ/SER/84A16/2018/16,Mizoram,,,,23.245819,92.798233,,,,uploaded landslide_report.pdf
21493,MZ/LUN/84A12/2018/66,Mizoram,,,,23.246555,92.554054,,,,uploaded landslide_report.pdf
21494,MZ/LUN/84A12/2018/23,Mizoram,,,,23.0,92.671333,,,,uploaded landslide_report.pdf
21495,MZ/LUN/84A12/2018/49,Mizoram,,,,23.248526,92.63958,,,,uploaded landslide_report.pdf
21496,MZ/LUN/84A12/2018/67,Mizoram,,,,23.249056,92.546501,,,,uploaded landslide_report.pdf
21497,MZ/SER/84A16/2018/15,Mizoram,,,,23.249727,92.796631,,,,uploaded landslide_report.pdf
21498,MZ/LUN/84A08/2020/1,Mizoram,,,,23.25,92.48,,,,uploaded landslide_report.pdf
21499,MZ/CHA/84E03/2017/61,Mizoram,,,,23.254263,93.238127,,,,uploaded landslide_report.pdf
21500,MZ/LUN/84A11/2017/130,Mizoram,,,,23.254946,92.634239,,,,uploaded landslide_report.pdf
21501,MZ/SER/84A15/2016/20,Mizoram,,,,20.0,92.888813,,,,uploaded landslide_report.pdf
21502,MZ/SER/84A15/2016/19,Mizoram,,,,23.255426,92.890915,,,,uploaded landslide_report.pdf
21503,MZ/SER/84A15/2016/21,Mizoram,,,,21.0,92.882734,,,,uploaded landslide_report.pdf
21504,MZ/CHA/84E07/2017/76,Mizoram,,,,23.26125,93.337222,,,,uploaded landslide_report.pdf
21505,MZ/CHA/84E07/2017/72,Mizoram,,,,23.261944,93.295194,,,,uploaded landslide_report.pdf
21506,MZ/CHA/84E07/2017/71,Mizoram,,,,23.262222,93.337667,,,,uploaded landslide_report.pdf
21507,MZ/LUN/84A11/2017/133,Mizoram,,,,23.268811,92.665508,,,,uploaded landslide_report.pdf
21508,MZ/CHA/84E07/2017/69,Mizoram,,,,23.270139,93.293333,,,,uploaded landslide_report.pdf
21509,MZ/LUN/84A11/2017/131,Mizoram,,,,23.271781,92.637703,,,,uploaded landslide_report.pdf
21510,MZ/SER/84A15/2016/22,Mizoram,,,,22.0,92.873298,,,,uploaded landslide_report.pdf
21511,MZ/LUN/84A11/2017/134,Mizoram,,,,23.273513,92.65731,,,,uploaded landslide_report.pdf
21512,MZ/SER/84A15/2016/6,Mizoram,,,,23.2741,92.848362,,,,uploaded landslide_report.pdf
21513,MZ/LUN/84A11/2017/132,Mizoram,,,,23.2747,92.647873,,,,uploaded landslide_report.pdf
21514,MZ/SER/84A15/2016/7,Mizoram,,,,23.275305,92.850377,,,,uploaded landslide_report.pdf
21515,MZ/SER/84A15/2016/8,Mizoram,,,,23.276999,92.850991,,,,uploaded landslide_report.pdf
21516,MZ/SER/84A15/2016/23,Mizoram,,,,23.0,92.870285,,,,uploaded landslide_report.pdf
21517,MZ/SER/84A15/2016/5,Mizoram,,,,23.277886,92.840388,,,,uploaded landslide_report.pdf
21518,MZ/SER/84A15/2016/24,Mizoram,,,,24.0,92.869602,,,,uploaded landslide_report.pdf
21519,MZ/CHA/84E03/2017/59,Mizoram,,,,23.279667,93.232917,,,,uploaded landslide_report.pdf
21520,MZ/SER/84A15/2016/11,Mizoram,,,,23.281103,92.857654,,,,uploaded landslide_report.pdf
21521,MZ/LUN/84A11/2017/138,Mizoram,,,,23.28113,92.651804,,,,uploaded landslide_report.pdf
21522,MZ/SER/84A15/2016/25,Mizoram,,,,25.0,92.868857,,,,uploaded landslide_report.pdf
21523,MZ/SER/84A15/2016/9,Mizoram,,,,23.282258,92.852377,,,,uploaded landslide_report.pdf
21524,MZ/SER/84A15/2016/4,Mizoram,,,,23.28328,92.831766,,,,uploaded landslide_report.pdf
21525,MZ/SER/84A15/2016/12,Mizoram,,,,23.28388,92.857468,,,,uploaded landslide_report.pdf
21526,MZ/SER/84A15/2016/10,Mizoram,,,,23.283951,92.852551,,,,uploaded landslide_report.pdf
21527,MZ/SER/84A15/2016/13,Mizoram,,,,23.285967,92.856546,,,,uploaded landslide_report.pdf
21528,MZ/SER/84A15/2016/14,Mizoram,,,,23.286001,92.857178,,,,uploaded landslide_report.pdf
21529,MZ/SER/84A15/2016/16,Mizoram,,,,23.28611,92.85748,,,,uploaded landslide_report.pdf
21530,MZ/SER/84A15/2016/15,Mizoram,,,,23.28621,92.857249,,,,uploaded landslide_report.pdf
21531,MZ/SER/84A15/2016/17,Mizoram,,,,23.288105,92.857432,,,,uploaded landslide_report.pdf
21532,MZ/SER/84A15/2016/18,Mizoram,,,,23.28985,92.860445,,,,uploaded landslide_report.pdf
21533,MZ/SER/84A15/2016/26,Mizoram,,,,26.0,92.860374,,,,uploaded landslide_report.pdf
21534,MZ/SER/84A15/2016/27,Mizoram,,,,27.0,92.857091,,,,uploaded landslide_report.pdf
21535,MZ/SER/84A15/2016/74,Mizoram,,,,23.293769,92.871451,,,,uploaded landslide_report.pdf
21536,MZ/CHA/84E07/2017/62,Mizoram,,,,23.296,93.340556,,,,uploaded landslide_report.pdf
21537,MZ/CHA/84E03/2017/58,Mizoram,,,,23.296419,93.095813,,,,uploaded landslide_report.pdf
21538,MZ/SER/84A15/2016/114,Mizoram,,,,23.29659,92.694008,,,,uploaded landslide_report.pdf
21539,MZ/SER/84A15/2016/121,Mizoram,,,,23.297332,92.740677,,,,uploaded landslide_report.pdf
21540,MZ/SER/84A15/2016/120,Mizoram,,,,23.297637,92.74119,,,,uploaded landslide_report.pdf
21541,MZ/SER/84A15/2016/28,Mizoram,,,,28.0,92.856169,,,,uploaded landslide_report.pdf
21542,MZ/CHA/84E07/2017/53,Mizoram,,,,23.297894,93.332441,,,,uploaded landslide_report.pdf
21543,MZ/LUN/84A11/2017/135,Mizoram,,,,23.298044,92.648759,,,,uploaded landslide_report.pdf
21544,MZ/SER/84A15/2016/3,Mizoram,,,,23.298413,92.81508,,,,uploaded landslide_report.pdf
21545,MZ/CHA/84E03/2017/44,Mizoram,,,,23.299073,93.057068,,,,uploaded landslide_report.pdf
21546,MZ/SER/84A15/2016/115,Mizoram,,,,23.299407,92.696714,,,,uploaded landslide_report.pdf
21547,MZ/SER/84A15/2016/119,Mizoram,,,,23.30028,92.741186,,,,uploaded landslide_report.pdf
21548,MZ/CHA/84E07/2017/38,Mizoram,,,,23.301117,93.330175,,,,uploaded landslide_report.pdf
21549,MZ/SER/84A15/2016/116,Mizoram,,,,23.301399,92.699109,,,,uploaded landslide_report.pdf
21550,MZ/LUN/84A11/2017/136,Mizoram,,,,23.302106,92.649524,,,,uploaded landslide_report.pdf
21551,MZ/SER/84A15/2016/29,Mizoram,,,,29.0,92.853533,,,,uploaded landslide_report.pdf
21552,MZ/CHA/84E07/2017/24,Mizoram,,,,24.0,93.31066,,,,uploaded landslide_report.pdf
21553,MZ/CHA/84E07/2017/18,Mizoram,,,,23.303639,93.311361,,,,uploaded landslide_report.pdf
21554,MZ/CHA/84E07/2017/11,Mizoram,,,,23.304778,93.329472,,,,uploaded landslide_report.pdf
21555,MZ/CHA/84E07/2017/13,Mizoram,,,,23.304833,93.306778,,,,uploaded landslide_report.pdf
21556,MZ/CHA/84E07/2017/4,Mizoram,,,,23.305111,93.311528,,,,uploaded landslide_report.pdf
21557,MZ/SER/84A15/2016/2,Mizoram,,,,23.305259,92.809736,,,,uploaded landslide_report.pdf
21558,MZ/CHA/84E07/2017/119,Mizoram,,,,23.30622,93.294554,,,,uploaded landslide_report.pdf
21559,MZ/CHA/84E07/2017/103,Mizoram,,,,23.306444,93.303889,,,,uploaded landslide_report.pdf
21560,MZ/CHA/84E07/2017/110,Mizoram,,,,23.306444,93.311639,,,,uploaded landslide_report.pdf
21561,MZ/SER/84A15/2016/117,Mizoram,,,,23.306654,92.707482,,,,uploaded landslide_report.pdf
21562,MZ/CHA/84E07/2017/91,Mizoram,,,,23.307833,93.311672,,,,uploaded landslide_report.pdf
21563,MZ/SER/84A15/2016/118,Mizoram,,,,23.308202,92.731268,,,,uploaded landslide_report.pdf
21564,MZ/SER/84A15/2016/35,Mizoram,,,,23.308769,92.862258,,,,uploaded landslide_report.pdf
21565,MZ/SER/84A15/2016/34,Mizoram,,,,23.309091,92.86293,,,,uploaded landslide_report.pdf
21566,MZ/CHA/84E07/2017/84,Mizoram,,,,23.310167,93.311889,,,,uploaded landslide_report.pdf
21567,MZ/CHA/84E07/2017/74,Mizoram,,,,23.310611,93.312,,,,uploaded landslide_report.pdf
21568,MZ/CHA/84E07/2017/59,Mizoram,,,,23.311082,93.323501,,,,uploaded landslide_report.pdf
21569,MZ/CHA/84E07/2017/3,Mizoram,,,,23.311604,93.313134,,,,uploaded landslide_report.pdf
21570,MZ/CHA/84E07/2017/1,Mizoram,,,,23.312747,93.314456,,,,uploaded landslide_report.pdf
21571,MZ/SER/84A15/2016/42,Mizoram,,,,23.314208,92.858096,,,,uploaded landslide_report.pdf
21572,MZ/SER/84A15/2016/1,Mizoram,,,,23.314408,92.808662,,,,uploaded landslide_report.pdf
21573,MZ/SER/84A15/2016/126,Mizoram,,,,23.315355,92.786906,,,,uploaded landslide_report.pdf
21574,MZ/SER/84A15/2016/125,Mizoram,,,,23.3154,92.791224,,,,uploaded landslide_report.pdf
21575,MZ/SER/84A15/2016/43,Mizoram,,,,23.315806,92.859192,,,,uploaded landslide_report.pdf
21576,MZ/SER/84A15/2016/41,Mizoram,,,,23.316221,92.856217,,,,uploaded landslide_report.pdf
21577,MZ/SER/84A15/2016/40,Mizoram,,,,23.318805,92.853099,,,,uploaded landslide_report.pdf
21578,MZ/CHA/84E07/2017/2,Mizoram,,,,23.320197,93.285718,,,,uploaded landslide_report.pdf
21579,MZ/SER/84A15/2016/39,Mizoram,,,,23.320289,92.854914,,,,uploaded landslide_report.pdf
21580,MZ/SER/84A15/2016/38,Mizoram,,,,23.320815,92.854748,,,,uploaded landslide_report.pdf
21581,MZ/SER/84A15/2016/37,Mizoram,,,,23.321505,92.854734,,,,uploaded landslide_report.pdf
21582,MZ/SER/84A15/2016/45,Mizoram,,,,23.321765,92.8589,,,,uploaded landslide_report.pdf
21583,MZ/SER/84A15/2016/44,Mizoram,,,,23.321864,92.859431,,,,uploaded landslide_report.pdf
21584,MZ/CHA/84E03/2017/60,Mizoram,,,,23.322151,93.066154,,,,uploaded landslide_report.pdf
21585,MZ/SER/84A15/2016/36,Mizoram,,,,23.322363,92.854689,,,,uploaded landslide_report.pdf
21586,MZ/CHA/84E03/2017/64,Mizoram,,,,23.322995,93.092151,,,,uploaded landslide_report.pdf
21587,MZ/CHA/84E03/2017/74,Mizoram,,,,23.325028,93.092333,,,,uploaded landslide_report.pdf
21588,MZ/CHA/84E03/2017/75,Mizoram,,,,23.3305,93.096806,,,,uploaded landslide_report.pdf
21589,MZ/CHA/84E03/2017/78,Mizoram,,,,23.33101,93.091406,,,,uploaded landslide_report.pdf
21590,MZ/SER/84A15/2016/124,Mizoram,,,,23.333984,92.781878,,,,uploaded landslide_report.pdf
21591,MZ/CHA/84E03/2017/13,Mizoram,,,,23.336389,93.074722,,,,uploaded landslide_report.pdf
21592,MZ/CHA/84E07/2017/12,Mizoram,,,,23.336425,93.361493,,,,uploaded landslide_report.pdf
21593,MZ/CHA/84E03/2017/25,Mizoram,,,,25.0,93.07526,,,,uploaded landslide_report.pdf
21594,MZ/CHA/84E03/2017/29,Mizoram,,,,29.0,93.076258,,,,uploaded landslide_report.pdf
21595,MZ/CHA/84E07/2017/29,Mizoram,,,,29.0,93.357889,,,,uploaded landslide_report.pdf
21596,MZ/CHA/84E03/2017/31,Mizoram,,,,23.340389,93.102306,,,,uploaded landslide_report.pdf
21597,MZ/CHA/84E03/2017/35,Mizoram,,,,23.340722,93.081083,,,,uploaded landslide_report.pdf
21598,MZ/CHA/84E03/2017/43,Mizoram,,,,23.341111,93.080583,,,,uploaded landslide_report.pdf
21599,MZ/CHA/84E03/2017/51,Mizoram,,,,23.341194,93.080389,,,,uploaded landslide_report.pdf
21600,MZ/CHA/84E03/2017/57,Mizoram,,,,23.341333,93.080056,,,,uploaded landslide_report.pdf
21601,MZ/SER/84A15/2016/123,Mizoram,,,,23.349857,92.780208,,,,uploaded landslide_report.pdf
21602,MZ/CHA/84E07/2017/61,Mizoram,,,,23.350776,93.296677,,,,uploaded landslide_report.pdf
21603,MZ/CHA/84E07/2017/63,Mizoram,,,,23.351115,93.296893,,,,uploaded landslide_report.pdf
21604,MZ/SER/84A15/2016/122,Mizoram,,,,23.351772,92.781701,,,,uploaded landslide_report.pdf
21605,MZ/CHA/84E07/2017/64,Mizoram,,,,23.353111,93.299361,,,,uploaded landslide_report.pdf
21606,MZ/SER/84A15/2016/112,Mizoram,,,,23.353803,92.794306,,,,uploaded landslide_report.pdf
21607,MZ/CHA/84E07/2017/65,Mizoram,,,,23.354778,93.300556,,,,uploaded landslide_report.pdf
21608,MZ/CHA/84E07/2017/66,Mizoram,,,,23.35691,93.301356,,,,uploaded landslide_report.pdf
21609,MZ/CHA/84E07/2017/67,Mizoram,,,,23.359579,93.298884,,,,uploaded landslide_report.pdf
21610,MZ/LUN/84A11/2017/137,Mizoram,,,,23.360199,92.632911,,,,uploaded landslide_report.pdf
21611,MZ/CHA/84E07/2017/68,Mizoram,,,,23.361979,93.299909,,,,uploaded landslide_report.pdf
21612,MZ/CHA/84E07/2017/70,Mizoram,,,,23.36545,93.377907,,,,uploaded landslide_report.pdf
21613,MZ/CHA/84E07/2017/73,Mizoram,,,,23.366333,93.380028,,,,uploaded landslide_report.pdf
21614,MZ/CHA/84E07/2017/75,Mizoram,,,,23.366694,93.380139,,,,uploaded landslide_report.pdf
21615,MZ/CHA/84E07/2017/77,Mizoram,,,,23.367333,93.380083,,,,uploaded landslide_report.pdf
21616,MZ/CHA/84E07/2017/78,Mizoram,,,,23.367806,93.381139,,,,uploaded landslide_report.pdf
21617,MZ/CHA/84E07/2017/79,Mizoram,,,,23.368361,93.379667,,,,uploaded landslide_report.pdf
21618,MZ/CHA/84E07/2017/80,Mizoram,,,,23.368386,93.380632,,,,uploaded landslide_report.pdf
21619,MZ/CHA/84E07/2017/81,Mizoram,,,,23.369857,93.296657,,,,uploaded landslide_report.pdf
21620,MZ/CHA/84E03/2017/62,Mizoram,,,,23.370167,93.120444,,,,uploaded landslide_report.pdf
21621,MZ/CHA/84E07/2017/82,Mizoram,,,,23.373849,93.383061,,,,uploaded landslide_report.pdf
21622,MZ/CHA/84E03/2017/63,Mizoram,,,,23.37492,93.1185,,,,uploaded landslide_report.pdf
21623,MZ/CHA/84E07/2017/83,Mizoram,,,,23.375634,93.384499,,,,uploaded landslide_report.pdf
21624,MZ/CHA/84E07/2017/85,Mizoram,,,,23.375972,93.384639,,,,uploaded landslide_report.pdf
21625,MZ/CHA/84E07/2017/86,Mizoram,,,,23.376472,93.384778,,,,uploaded landslide_report.pdf
21626,MZ/CHA/84E07/2017/87,Mizoram,,,,23.3765,93.384861,,,,uploaded landslide_report.pdf
21627,MZ/CHA/84E03/2017/65,Mizoram,,,,23.378571,93.218843,,,,uploaded landslide_report.pdf
21628,MZ/CHA/84E07/2017/88,Mizoram,,,,23.379469,93.385565,,,,uploaded landslide_report.pdf
21629,MZ/CHA/84E07/2017/90,Mizoram,,,,23.379732,93.383565,,,,uploaded landslide_report.pdf
21630,MZ/CHA/84E07/2017/89,Mizoram,,,,23.379812,93.384813,,,,uploaded landslide_report.pdf
21631,MZ/CHA/84E03/2017/66,Mizoram,,,,23.38075,93.13075,,,,uploaded landslide_report.pdf
21632,MZ/CHA/84E03/2017/67,Mizoram,,,,23.380806,93.128917,,,,uploaded landslide_report.pdf
21633,MZ/CHA/84E03/2017/68,Mizoram,,,,23.381167,93.112917,,,,uploaded landslide_report.pdf
21634,MZ/CHA/84E07/2017/92,Mizoram,,,,23.382417,93.384944,,,,uploaded landslide_report.pdf
21635,MZ/CHA/84E03/2017/69,Mizoram,,,,23.382695,93.116001,,,,uploaded landslide_report.pdf
21636,MZ/SER/84A15/2016/30,Mizoram,,,,30.0,92.845792,,,,uploaded landslide_report.pdf
21637,MZ/CHA/84E03/2017/70,Mizoram,,,,23.383778,93.115972,,,,uploaded landslide_report.pdf
21638,MZ/CHA/84E03/2017/71,Mizoram,,,,23.384222,93.145528,,,,uploaded landslide_report.pdf
21639,MZ/SER/84A15/2016/63,Mizoram,,,,23.385211,92.844697,,,,uploaded landslide_report.pdf
21640,MZ/SER/84A15/2016/64,Mizoram,,,,23.38533,92.855433,,,,uploaded landslide_report.pdf
21641,MZ/CHA/84E03/2017/72,Mizoram,,,,23.387194,93.147806,,,,uploaded landslide_report.pdf
21642,MZ/SER/84A15/2016/129,Mizoram,,,,23.387328,92.933397,,,,uploaded landslide_report.pdf
21643,MZ/CHA/84E07/2017/93,Mizoram,,,,23.388162,93.312962,,,,uploaded landslide_report.pdf
21644,MZ/SER/84A15/2016/31,Mizoram,,,,23.388377,92.845102,,,,uploaded landslide_report.pdf
21645,MZ/CHA/84E03/2017/73,Mizoram,,,,23.388585,93.2446,,,,uploaded landslide_report.pdf
21646,MZ/CHA/84E07/2017/94,Mizoram,,,,23.390204,93.311043,,,,uploaded landslide_report.pdf
21647,MZ/CHA/84E07/2017/95,Mizoram,,,,23.391352,93.376359,,,,uploaded landslide_report.pdf
21648,MZ/CHA/84E07/2017/96,Mizoram,,,,23.391983,93.376078,,,,uploaded landslide_report.pdf
21649,MZ/CHA/84E07/2017/97,Mizoram,,,,23.392598,93.375863,,,,uploaded landslide_report.pdf
21650,MZ/CHA/84E07/2017/98,Mizoram,,,,23.393194,93.378917,,,,uploaded landslide_report.pdf
21651,MZ/AIZ/84A11/2016/111,Mizoram,,,,23.393332,92.758148,,,,uploaded landslide_report.pdf
21652,MZ/CHA/84E07/2017/99,Mizoram,,,,23.393889,93.309244,,,,uploaded landslide_report.pdf
21653,MZ/CHA/84E07/2017/100,Mizoram,,,,23.394333,93.374861,,,,uploaded landslide_report.pdf
21654,MZ/CHA/84E07/2017/101,Mizoram,,,,23.394732,93.381271,,,,uploaded landslide_report.pdf
21655,MZ/CHA/84E07/2017/102,Mizoram,,,,23.395159,93.374335,,,,uploaded landslide_report.pdf
21656,MZ/CHA/84E07/2017/104,Mizoram,,,,23.395375,93.369426,,,,uploaded landslide_report.pdf
21657,MZ/CHA/84E07/2017/105,Mizoram,,,,23.395474,93.370459,,,,uploaded landslide_report.pdf
21658,MZ/CHA/84E07/2017/106,Mizoram,,,,23.396738,93.368237,,,,uploaded landslide_report.pdf
21659,MZ/AIZ/84A11/2016/110,Mizoram,,,,23.397126,92.757203,,,,uploaded landslide_report.pdf
21660,MZ/CHA/84E07/2017/107,Mizoram,,,,23.397417,93.385722,,,,uploaded landslide_report.pdf
21661,MZ/CHA/84E07/2017/108,Mizoram,,,,23.397861,93.3845,,,,uploaded landslide_report.pdf
21662,MZ/CHA/84E07/2017/109,Mizoram,,,,23.397884,93.384281,,,,uploaded landslide_report.pdf
21663,MZ/SER/84A15/2016/127,Mizoram,,,,23.40002,92.842404,,,,uploaded landslide_report.pdf
21664,MZ/SER/84A15/2016/32,Mizoram,,,,23.401015,92.848482,,,,uploaded landslide_report.pdf
21665,MZ/AIZ/84A11/2016/109,Mizoram,,,,23.40178,92.750005,,,,uploaded landslide_report.pdf
21666,MZ/AIZ/84A11/2016/108,Mizoram,,,,23.403402,92.750288,,,,uploaded landslide_report.pdf
21667,MZ/CHA/84E07/2017/111,Mizoram,,,,23.404207,93.318763,,,,uploaded landslide_report.pdf
21668,MZ/SER/84A15/2016/33,Mizoram,,,,23.405305,92.851014,,,,uploaded landslide_report.pdf
21669,MZ/CHA/84E07/2017/112,Mizoram,,,,23.40555,93.360549,,,,uploaded landslide_report.pdf
21670,MZ/CHA/84E07/2017/113,Mizoram,,,,23.406236,93.356052,,,,uploaded landslide_report.pdf
21671,MIZO/AIZ/84A10/2007/E-1,Mizoram,,,,23.406389,92.75325,,,,uploaded landslide_report.pdf
21672,MZ/CHA/84E07/2017/114,Mizoram,,,,23.407528,93.318111,,,,uploaded landslide_report.pdf
21673,MZ/CHA/84E07/2017/115,Mizoram,,,,23.408528,93.361278,,,,uploaded landslide_report.pdf
21674,MZ/AIZ/84A11/2016/97,Mizoram,,,,23.409674,92.750935,,,,uploaded landslide_report.pdf
21675,MZ/CHA/84E07/2017/116,Mizoram,,,,23.410218,93.343897,,,,uploaded landslide_report.pdf
21676,MZ/AIZ/84A11/2016/98,Mizoram,,,,23.411146,92.752193,,,,uploaded landslide_report.pdf
21677,MZ/CHA/84E07/2017/117,Mizoram,,,,23.411417,93.343361,,,,uploaded landslide_report.pdf
21678,MZ/CHA/84E03/2017/76,Mizoram,,,,23.411942,93.154836,,,,uploaded landslide_report.pdf
21679,MZ/AIZ/84A11/2016/99,Mizoram,,,,23.412046,92.750099,,,,uploaded landslide_report.pdf
21680,MZ/CHA/84E07/2017/118,Mizoram,,,,23.412845,93.33833,,,,uploaded landslide_report.pdf
21681,MZ/AIZ/84A11/2016/107,Mizoram,,,,23.412879,92.75401,,,,uploaded landslide_report.pdf
21682,MZ/AIZ/84A11/2016/96,Mizoram,,,,23.413501,92.725781,,,,uploaded landslide_report.pdf
21683,MZ/CHA/84E03/2017/77,Mizoram,,,,23.414113,93.136272,,,,uploaded landslide_report.pdf
21684,MZ/AIZ/84A11/2016/95,Mizoram,,,,23.415165,92.722199,,,,uploaded landslide_report.pdf
21685,MZ/AIZ/84A11/2016/106,Mizoram,,,,23.417482,92.770557,,,,uploaded landslide_report.pdf
21686,MZ/CHA/84E03/2017/79,Mizoram,,,,23.418808,93.163009,,,,uploaded landslide_report.pdf
21687,MZ/CHA/84E07/2017/120,Mizoram,,,,23.419417,93.333333,,,,uploaded landslide_report.pdf
21688,MZ/CHA/84E07/2017/121,Mizoram,,,,23.4195,93.331917,,,,uploaded landslide_report.pdf
21689,MZ/AIZ/84A11/2016/94,Mizoram,,,,23.421903,92.715601,,,,uploaded landslide_report.pdf
21690,MZ/CHA/84E03/2017/80,Mizoram,,,,23.422583,93.166,,,,uploaded landslide_report.pdf
21691,MZ/AIZ/84A11/2016/93,Mizoram,,,,23.423348,92.715571,,,,uploaded landslide_report.pdf
21692,MZ/CHA/84E03/2017/81,Mizoram,,,,23.423972,93.165944,,,,uploaded landslide_report.pdf
21693,MZ/CHA/84E03/2017/82,Mizoram,,,,23.42425,93.168778,,,,uploaded landslide_report.pdf
21694,MZ/CHA/84E03/2017/14,Mizoram,,,,23.424417,93.167306,,,,uploaded landslide_report.pdf
21695,MZ/AIZ/84A11/2016/92,Mizoram,,,,23.425424,92.716106,,,,uploaded landslide_report.pdf
21696,MZ/CHA/84E03/2017/15,Mizoram,,,,23.425583,93.168278,,,,uploaded landslide_report.pdf
21697,MZ/CHA/84E07/2017/5,Mizoram,,,,23.427418,93.335544,,,,uploaded landslide_report.pdf
21698,MZ/CHA/84E07/2017/7,Mizoram,,,,23.427611,93.336861,,,,uploaded landslide_report.pdf
21699,MZ/AIZ/84A11/2016/91,Mizoram,,,,23.427681,92.714959,,,,uploaded landslide_report.pdf
21700,MZ/CHA/84E07/2017/6,Mizoram,,,,23.427713,93.33564,,,,uploaded landslide_report.pdf
21701,MZ/CHA/84E07/2017/8,Mizoram,,,,23.428061,93.339182,,,,uploaded landslide_report.pdf
21702,MZ/CHA/84E03/2017/16,Mizoram,,,,23.429181,93.171166,,,,uploaded landslide_report.pdf
21703,MZ/CHA/84E03/2017/17,Mizoram,,,,23.430917,93.171889,,,,uploaded landslide_report.pdf
21704,MZ/CHA/84E07/2017/9,Mizoram,,,,23.431639,93.33925,,,,uploaded landslide_report.pdf
21705,MZ/CHA/84E07/2017/10,Mizoram,,,,23.43179,93.339128,,,,uploaded landslide_report.pdf
21706,MZ/SER/84A15/2016/46,Mizoram,,,,23.434706,92.854894,,,,uploaded landslide_report.pdf
21707,MZ/SER/84A15/2016/76,Mizoram,,,,23.43481,92.873933,,,,uploaded landslide_report.pdf
21708,MZ/SER/84A15/2016/75,Mizoram,,,,23.435405,92.871814,,,,uploaded landslide_report.pdf
21709,MZ/SER/84A15/2016/77,Mizoram,,,,23.436999,92.875456,,,,uploaded landslide_report.pdf
21710,MZ/SER/84A15/2016/78,Mizoram,,,,23.438997,92.877502,,,,uploaded landslide_report.pdf
21711,MZ/CHA/84E03/2017/18,Mizoram,,,,23.439142,93.222581,,,,uploaded landslide_report.pdf
21712,MZ/AIZ/84A11/2016/101,Mizoram,,,,23.439894,92.702301,,,,uploaded landslide_report.pdf
21713,MZ/AIZ/84A11/2016/100,Mizoram,,,,23.440648,92.703726,,,,uploaded landslide_report.pdf
21714,MZ/SER/84A15/2016/71,Mizoram,,,,23.440711,92.864298,,,,uploaded landslide_report.pdf
21715,MZ/SER/84A15/2016/79,Mizoram,,,,23.440973,92.87909,,,,uploaded landslide_report.pdf
21716,MZ/SER/84A15/2016/72,Mizoram,,,,23.44129,92.865395,,,,uploaded landslide_report.pdf
21717,MZ/CHA/84E03/2017/19,Mizoram,,,,23.442083,93.223472,,,,uploaded landslide_report.pdf
21718,MZ/SER/84A15/2016/73,Mizoram,,,,23.442118,92.868912,,,,uploaded landslide_report.pdf
21719,MZ/AIZ/84A11/2016/102,Mizoram,,,,23.442296,92.695903,,,,uploaded landslide_report.pdf
21720,MZ/SER/84A15/2016/70,Mizoram,,,,23.443793,92.862106,,,,uploaded landslide_report.pdf
21721,MZ/SER/84A15/2016/47,Mizoram,,,,23.443878,92.85593,,,,uploaded landslide_report.pdf
21722,MZ/CHA/84E03/2017/20,Mizoram,,,,20.0,93.223889,,,,uploaded landslide_report.pdf
21723,MZ/SER/84A15/2016/69,Mizoram,,,,23.44608,92.861819,,,,uploaded landslide_report.pdf
21724,MZ/SER/84A15/2016/62,Mizoram,,,,23.447015,92.866917,,,,uploaded landslide_report.pdf
21725,MZ/SER/84A15/2016/68,Mizoram,,,,23.447093,92.863082,,,,uploaded landslide_report.pdf
21726,MZ/CHA/84E03/2017/21,Mizoram,,,,21.0,93.223611,,,,uploaded landslide_report.pdf
21727,MZ/SER/84A15/2016/67,Mizoram,,,,23.447697,92.861729,,,,uploaded landslide_report.pdf
21728,MZ/SER/84A15/2016/65,Mizoram,,,,23.447985,92.856607,,,,uploaded landslide_report.pdf
21729,MZ/CHA/84E03/2017/22,Mizoram,,,,22.0,93.207472,,,,uploaded landslide_report.pdf
21730,MZ/CHA/84E03/2017/23,Mizoram,,,,23.0,93.209889,,,,uploaded landslide_report.pdf
21731,MZ/SER/84A15/2016/83,Mizoram,,,,23.448368,92.899862,,,,uploaded landslide_report.pdf
21732,MZ/CHA/84E03/2017/24,Mizoram,,,,24.0,93.206222,,,,uploaded landslide_report.pdf
21733,MZ/SER/84A15/2016/66,Mizoram,,,,23.449827,92.8599,,,,uploaded landslide_report.pdf
21734,MZ/SER/84E03/2017/1,Mizoram,,,,23.451278,93.002944,,,,uploaded landslide_report.pdf
21735,MZ/SER/84A15/2016/82,Mizoram,,,,23.451505,92.900845,,,,uploaded landslide_report.pdf
21736,MZ/CHA/84E07/2017/14,Mizoram,,,,23.451972,93.259686,,,,uploaded landslide_report.pdf
21737,MZ/CHA/84E07/2017/15,Mizoram,,,,23.453389,93.2615,,,,uploaded landslide_report.pdf
21738,MZ/SER/84A15/2016/49,Mizoram,,,,23.454081,92.857453,,,,uploaded landslide_report.pdf
21739,MZ/SER/84A15/2016/50,Mizoram,,,,23.454817,92.858696,,,,uploaded landslide_report.pdf
21740,MZ/CHA/84E07/2017/16,Mizoram,,,,23.454924,93.260137,,,,uploaded landslide_report.pdf
21741,MZ/SER/84A15/2016/48,Mizoram,,,,23.454968,92.854599,,,,uploaded landslide_report.pdf
21742,MZ/CHA/84E07/2017/17,Mizoram,,,,23.455367,93.362276,,,,uploaded landslide_report.pdf
21743,MZ/SER/84A15/2016/51,Mizoram,,,,23.456101,92.859084,,,,uploaded landslide_report.pdf
21744,MZ/SER/84E03/2017/2,Mizoram,,,,23.456613,93.006652,,,,uploaded landslide_report.pdf
21745,MZ/SER/84E03/2017/3,Mizoram,,,,23.456861,93.006694,,,,uploaded landslide_report.pdf
21746,MZ/SER/84E03/2017/4,Mizoram,,,,23.457028,93.006722,,,,uploaded landslide_report.pdf
21747,MZ/SER/84A15/2016/52,Mizoram,,,,23.457031,92.857686,,,,uploaded landslide_report.pdf
21748,MZ/SER/84E03/2017/5,Mizoram,,,,23.457083,93.007639,,,,uploaded landslide_report.pdf
21749,MZ/CHA/84E03/2017/26,Mizoram,,,,26.0,93.041184,,,,uploaded landslide_report.pdf
21750,MZ/CHA/84E07/2017/19,Mizoram,,,,23.457971,93.263265,,,,uploaded landslide_report.pdf
21751,MZ/SER/84A15/2016/81,Mizoram,,,,23.458124,92.9053,,,,uploaded landslide_report.pdf
21752,MZ/CHA/84E07/2017/20,Mizoram,,,,20.0,93.263247,,,,uploaded landslide_report.pdf
21753,MZ/CHA/84E07/2017/21,Mizoram,,,,21.0,93.260555,,,,uploaded landslide_report.pdf
21754,MZ/SER/84A15/2016/80,Mizoram,,,,23.458593,92.905313,,,,uploaded landslide_report.pdf
21755,MZ/CHA/84E07/2017/22,Mizoram,,,,22.0,93.263222,,,,uploaded landslide_report.pdf
21756,MZ/SER/84A15/2016/53,Mizoram,,,,23.459019,92.856803,,,,uploaded landslide_report.pdf
21757,MZ/CHA/84E07/2017/23,Mizoram,,,,23.0,93.324774,,,,uploaded landslide_report.pdf
21758,MZ/CHA/84E03/2017/27,Mizoram,,,,27.0,93.044479,,,,uploaded landslide_report.pdf
21759,MZ/SER/84A15/2016/54,Mizoram,,,,23.459786,92.855821,,,,uploaded landslide_report.pdf
21760,MZ/SER/84E03/2017/6,Mizoram,,,,23.46025,93.01125,,,,uploaded landslide_report.pdf
21761,MZ/SER/84A11/2017/152,Mizoram,,,,23.460697,92.747293,,,,uploaded landslide_report.pdf
21762,MZ/SER/84A15/2016/59,Mizoram,,,,23.460792,92.855527,,,,uploaded landslide_report.pdf
21763,MZ/MAM/84A11/2017/142,Mizoram,,,,23.460968,92.597217,,,,uploaded landslide_report.pdf
21764,MZ/CHA/84E03/2017/28,Mizoram,,,,28.0,93.205278,,,,uploaded landslide_report.pdf
21765,MZ/CHA/84E07/2017/25,Mizoram,,,,25.0,93.320472,,,,uploaded landslide_report.pdf
21766,MZ/SER/84E03/2017/7,Mizoram,,,,23.461248,93.012863,,,,uploaded landslide_report.pdf
21767,MZ/SER/84E03/2017/8,Mizoram,,,,23.462173,93.014317,,,,uploaded landslide_report.pdf
21768,MZ/CHA/84E07/2017/26,Mizoram,,,,26.0,93.262259,,,,uploaded landslide_report.pdf
21769,MZ/CHA/84E07/2017/47,Mizoram,,,,23.462667,93.317472,,,,uploaded landslide_report.pdf
21770,MZ/CHA/84E07/2017/48,Mizoram,,,,23.462667,93.317472,,,,uploaded landslide_report.pdf
21771,MZ/SER/84A15/2016/60,Mizoram,,,,23.462805,92.856093,,,,uploaded landslide_report.pdf
21772,MZ/CHA/84E03/2017/30,Mizoram,,,,30.0,93.04575,,,,uploaded landslide_report.pdf
21773,MZ/SER/84E03/2017/9,Mizoram,,,,23.463222,93.015694,,,,uploaded landslide_report.pdf
21774,MZ/SER/84E03/2017/10,Mizoram,,,,23.463765,93.018316,,,,uploaded landslide_report.pdf
21775,MZ/SER/84A11/2017/147,Mizoram,,,,23.463981,92.736875,,,,uploaded landslide_report.pdf
21776,MZ/SER/84A11/2017/148,Mizoram,,,,23.464206,92.737583,,,,uploaded landslide_report.pdf
21777,MZ/SER/84A15/2016/61,Mizoram,,,,23.464394,92.855608,,,,uploaded landslide_report.pdf
21778,MZ/CHA/84E07/2017/27,Mizoram,,,,27.0,93.312778,,,,uploaded landslide_report.pdf
21779,MZ/CHA/84E07/2017/30,Mizoram,,,,30.0,93.311834,,,,uploaded landslide_report.pdf
21780,MZ/CHA/84E07/2017/28,Mizoram,,,,28.0,93.315107,,,,uploaded landslide_report.pdf
21781,MZ/CHA/84E07/2017/31,Mizoram,,,,23.46718,93.311778,,,,uploaded landslide_report.pdf
21782,MZ/SER/84A11/2017/149,Mizoram,,,,23.467262,92.740634,,,,uploaded landslide_report.pdf
21783,MZ/CHA/84E07/2017/32,Mizoram,,,,23.467623,93.250867,,,,uploaded landslide_report.pdf
21784,MZ/CHA/84E07/2017/33,Mizoram,,,,23.467679,93.250636,,,,uploaded landslide_report.pdf
21785,MZ/CHA/84E07/2017/34,Mizoram,,,,23.467715,93.313017,,,,uploaded landslide_report.pdf
21786,MZ/MAM/84A11/2017/141,Mizoram,,,,23.468357,92.591717,,,,uploaded landslide_report.pdf
21787,MZ/CHA/84E07/2017/36,Mizoram,,,,23.468361,93.304222,,,,uploaded landslide_report.pdf
21788,MZ/CHA/84E07/2017/35,Mizoram,,,,23.468389,93.27075,,,,uploaded landslide_report.pdf
21789,MZ/CHA/84E07/2017/37,Mizoram,,,,23.468508,93.270788,,,,uploaded landslide_report.pdf
21790,MZ/CHA/84E07/2017/39,Mizoram,,,,23.46925,93.273139,,,,uploaded landslide_report.pdf
21791,MZ/CHA/84E07/2017/40,Mizoram,,,,23.469712,93.248874,,,,uploaded landslide_report.pdf
21792,MZ/CHA/84E07/2017/41,Mizoram,,,,23.469833,93.314889,,,,uploaded landslide_report.pdf
21793,MZ/SER/84A11/2017/150,Mizoram,,,,23.470109,92.740615,,,,uploaded landslide_report.pdf
21794,MZ/SER/84E03/2017/12,Mizoram,,,,23.470139,93.025944,,,,uploaded landslide_report.pdf
21795,MZ/AIZ/84A11/2016/103,Mizoram,,,,23.470198,92.693264,,,,uploaded landslide_report.pdf
21796,MZ/SER/84E03/2017/11,Mizoram,,,,23.470244,93.025409,,,,uploaded landslide_report.pdf
21797,MZ/CHA/84E07/2017/42,Mizoram,,,,23.470329,93.26728,,,,uploaded landslide_report.pdf
21798,MZ/CHA/84E03/2017/32,Mizoram,,,,23.470722,93.246639,,,,uploaded landslide_report.pdf
21799,MZ/SER/84A11/2017/151,Mizoram,,,,23.470794,92.741413,,,,uploaded landslide_report.pdf
21800,MZ/CHA/84E07/2017/43,Mizoram,,,,23.470917,93.296417,,,,uploaded landslide_report.pdf
21801,MZ/AIZ/84A11/2016/104,Mizoram,,,,23.470964,92.692902,,,,uploaded landslide_report.pdf
21802,MZ/CHA/84E03/2017/33,Mizoram,,,,23.471889,93.246333,,,,uploaded landslide_report.pdf
21803,MZ/CHA/84E03/2017/34,Mizoram,,,,23.473258,93.241869,,,,uploaded landslide_report.pdf
21804,MZ/CHA/84E03/2017/36,Mizoram,,,,23.473361,93.222167,,,,uploaded landslide_report.pdf
21805,MZ/CHA/84E03/2017/37,Mizoram,,,,23.473611,93.243069,,,,uploaded landslide_report.pdf
21806,MZ/CHA/84E07/2017/44,Mizoram,,,,23.473662,93.312845,,,,uploaded landslide_report.pdf
21807,MZ/CHA/84E03/2017/38,Mizoram,,,,23.473778,93.239194,,,,uploaded landslide_report.pdf
21808,MZ/CHA/84E03/2017/39,Mizoram,,,,23.474056,93.225889,,,,uploaded landslide_report.pdf
21809,MZ/CHA/84E03/2017/40,Mizoram,,,,23.474194,93.229667,,,,uploaded landslide_report.pdf
21810,MZ/CHA/84E07/2017/45,Mizoram,,,,23.474472,93.322667,,,,uploaded landslide_report.pdf
21811,MZ/CHA/84E03/2017/41,Mizoram,,,,23.474528,93.241611,,,,uploaded landslide_report.pdf
21812,MZ/CHA/84E03/2017/42,Mizoram,,,,23.474611,93.241556,,,,uploaded landslide_report.pdf
21813,MZ/CHA/84E07/2017/46,Mizoram,,,,23.474639,93.314167,,,,uploaded landslide_report.pdf
21814,MZ/CHA/84E03/2017/45,Mizoram,,,,23.474833,93.229,,,,uploaded landslide_report.pdf
21815,MZ/CHA/84E03/2017/46,Mizoram,,,,23.475139,93.241028,,,,uploaded landslide_report.pdf
21816,MZ/MAM/84A11/2017/139,Mizoram,,,,23.475392,92.605749,,,,uploaded landslide_report.pdf
21817,MZ/CHA/84E07/2017/49,Mizoram,,,,23.475522,93.313978,,,,uploaded landslide_report.pdf
21818,MZ/SER/84A15/2016/128,Mizoram,,,,23.476232,92.913652,,,,uploaded landslide_report.pdf
21819,MZ/CHA/84E03/2017/47,Mizoram,,,,23.476694,93.238556,,,,uploaded landslide_report.pdf
21820,MZ/SER/84A11/2017/146,Mizoram,,,,23.476702,92.705854,,,,uploaded landslide_report.pdf
21821,MZ/CHA/84E07/2017/50,Mizoram,,,,23.476989,93.377213,,,,uploaded landslide_report.pdf
21822,MZ/SER/84A15/2016/84,Mizoram,,,,23.477108,92.857281,,,,uploaded landslide_report.pdf
21823,MZ/SER/84A15/2016/113,Mizoram,,,,23.477601,92.818801,,,,uploaded landslide_report.pdf
21824,MZ/CHA/84E03/2017/49,Mizoram,,,,23.477778,93.236333,,,,uploaded landslide_report.pdf
21825,MZ/CHA/84E03/2017/48,Mizoram,,,,23.477806,93.236611,,,,uploaded landslide_report.pdf
21826,MZ/CHA/84E07/2017/51,Mizoram,,,,23.477806,93.310111,,,,uploaded landslide_report.pdf
21827,MZ/SER/84A15/2016/58,Mizoram,,,,23.47803,92.861256,,,,uploaded landslide_report.pdf
21828,MZ/SER/84A15/2016/57,Mizoram,,,,23.47831,92.865466,,,,uploaded landslide_report.pdf
21829,MZ/CHA/84E07/2017/52,Mizoram,,,,23.478556,93.311722,,,,uploaded landslide_report.pdf
21830,MZ/SER/84A15/2016/85,Mizoram,,,,23.478601,92.858505,,,,uploaded landslide_report.pdf
21831,MZ/CHA/84E03/2017/50,Mizoram,,,,23.479667,93.225722,,,,uploaded landslide_report.pdf
21832,MZ/SER/84A15/2016/56,Mizoram,,,,23.479766,92.870601,,,,uploaded landslide_report.pdf
21833,MZ/CHA/84E03/2017/52,Mizoram,,,,23.480549,93.040585,,,,uploaded landslide_report.pdf
21834,MZ/CHA/84E03/2017/53,Mizoram,,,,23.481881,93.214835,,,,uploaded landslide_report.pdf
21835,MZ/CHA/84E07/2017/54,Mizoram,,,,23.482322,93.310052,,,,uploaded landslide_report.pdf
21836,MZ/CHA/84E03/2017/54,Mizoram,,,,23.48375,93.212611,,,,uploaded landslide_report.pdf
21837,MZ/CHA/84E07/2017/55,Mizoram,,,,23.484639,93.278222,,,,uploaded landslide_report.pdf
21838,MZ/CHA/84E07/2017/56,Mizoram,,,,23.485194,93.274236,,,,uploaded landslide_report.pdf
21839,MZ/SER/84A15/2016/86,Mizoram,,,,23.486909,92.856282,,,,uploaded landslide_report.pdf
21840,MZ/MAM/84A11/2017/140,Mizoram,,,,23.487102,92.606156,,,,uploaded landslide_report.pdf
21841,MZ/CHA/84E03/2017/55,Mizoram,,,,23.487306,93.192778,,,,uploaded landslide_report.pdf
21842,MZ/CHA/84E03/2017/56,Mizoram,,,,23.487813,93.20758,,,,uploaded landslide_report.pdf
21843,MZ/CHA/84E07/2017/57,Mizoram,,,,23.490702,93.33685,,,,uploaded landslide_report.pdf
21844,MZ/AIZ/84A11/2016/105,Mizoram,,,,23.491004,92.696873,,,,uploaded landslide_report.pdf
21845,MZ/SER/84A11/2017/145,Mizoram,,,,23.491497,92.705503,,,,uploaded landslide_report.pdf
21846,MZ/SER/84A15/2016/87,Mizoram,,,,23.493913,92.854305,,,,uploaded landslide_report.pdf
21847,MZ/CHA/84E07/2017/58,Mizoram,,,,23.496347,93.310454,,,,uploaded landslide_report.pdf
21848,MZ/SER/84A15/2016/88,Mizoram,,,,23.497388,92.855013,,,,uploaded landslide_report.pdf
21849,MZ/SER/84A15/2016/89,Mizoram,,,,23.497919,92.854946,,,,uploaded landslide_report.pdf
21850,MZ/SER/84A15/2016/90,Mizoram,,,,23.498802,92.8546,,,,uploaded landslide_report.pdf
21851,MZ/SER/84A11/2017/143,Mizoram,,,,23.498881,92.703251,,,,uploaded landslide_report.pdf
21852,MZ/CHA/84E07/2017/60,Mizoram,,,,23.498889,93.311889,,,,uploaded landslide_report.pdf
21853,MZ/SER/84A11/2017/144,Mizoram,,,,23.49901,92.702759,,,,uploaded landslide_report.pdf
21854,MZ/AIZ/84A15/2016/55,Mizoram,,,,23.499418,92.905021,,,,uploaded landslide_report.pdf
21855,MZ/MAM/84A10/2015/140,Mizoram,,,,23.500083,92.585889,,,,uploaded landslide_report.pdf
21856,MZ/CHA/84E02/2017/15,Mizoram,,,,23.500803,93.201572,,,,uploaded landslide_report.pdf
21857,MZ/MAM/84A10/2015/138,Mizoram,,,,23.501778,92.58575,,,,uploaded landslide_report.pdf
21858,MZ/AIZ/84A10/2015/71,Mizoram,,,,23.503611,92.615556,,,,uploaded landslide_report.pdf
21859,MZ/CHA/84E06/2017/33,Mizoram,,,,23.5087,93.360825,,,,uploaded landslide_report.pdf
21860,MZ/AIZ/84A10/2014/08,Mizoram,,,,23.50994,92.76861,,,,uploaded landslide_report.pdf
21861,MZ/CHA/84E06/2017/34,Mizoram,,,,23.510275,93.360333,,,,uploaded landslide_report.pdf
21862,MZ/CHA/84E06/2017/23,Mizoram,,,,23.0,93.359164,,,,uploaded landslide_report.pdf
21863,MZ/CHA/84E02/2017/0001,Mizoram,,,,23.513436,93.074047,,,,uploaded landslide_report.pdf
21864,MZ/CHA/84E06/2017/25,Mizoram,,,,25.0,93.369982,,,,uploaded landslide_report.pdf
21865,MZ/CHA/84E02/2017/22,Mizoram,,,,22.0,93.075702,,,,uploaded landslide_report.pdf
21866,MZ/CHA/84E06/2017/11,Mizoram,,,,23.518162,93.366956,,,,uploaded landslide_report.pdf
21867,MZ/MAM/84A10/2015/144,Mizoram,,,,23.519139,92.5795,,,,uploaded landslide_report.pdf
21868,MZ/MAM/84A10/2015/141,Mizoram,,,,23.51975,92.579556,,,,uploaded landslide_report.pdf
21869,MZ/MAM/84A10/2015/143,Mizoram,,,,23.531417,92.573056,,,,uploaded landslide_report.pdf
21870,MZ/MAM/84A10/2015/142,Mizoram,,,,23.533361,92.572139,,,,uploaded landslide_report.pdf
21871,MZ/CHA/84E02/2017/0016,Mizoram,,,,23.534307,93.168479,,,,uploaded landslide_report.pdf
21872,MZ/AIZ/84A14/2015/61,Mizoram,,,,23.535189,92.846042,,,,uploaded landslide_report.pdf
21873,MZ/CHA/84E02/2017/0017,Mizoram,,,,23.537082,93.161682,,,,uploaded landslide_report.pdf
21874,MZ/CHA/84E02/2017/3,Mizoram,,,,23.537491,93.159176,,,,uploaded landslide_report.pdf
21875,MZ/CHA/84E02/2017/0019,Mizoram,,,,23.538538,93.158251,,,,uploaded landslide_report.pdf
21876,MZ/CHA/84E06/2017/31,Mizoram,,,,23.540457,93.379051,,,,uploaded landslide_report.pdf
21877,MZ/CHA/84E06/2017/19,Mizoram,,,,23.541929,93.382376,,,,uploaded landslide_report.pdf
21878,MZ/CHA/84E02/2017/0011,Mizoram,,,,23.542899,93.156212,,,,uploaded landslide_report.pdf
21879,MZ/CHA/84E06/2017/32,Mizoram,,,,23.54294,93.384772,,,,uploaded landslide_report.pdf
21880,MZ/CHA/84E02/2017/19,Mizoram,,,,23.543891,93.232644,,,,uploaded landslide_report.pdf
21881,MZ/CHA/84E02/2017/0013,Mizoram,,,,23.545796,93.136912,,,,uploaded landslide_report.pdf
21882,MZ/MAM/84A10/2015/139,Mizoram,,,,23.546,92.574556,,,,uploaded landslide_report.pdf
21883,MZ/CHA/84E02/2017/0012,Mizoram,,,,23.546048,93.147734,,,,uploaded landslide_report.pdf
21884,MZ/CHA/84E06/2017/7,Mizoram,,,,23.546627,93.381058,,,,uploaded landslide_report.pdf
21885,MZ/CHA/84E02/2017/0003,Mizoram,,,,23.548132,93.077509,,,,uploaded landslide_report.pdf
21886,MZ/CHA/84E02/2017/0014,Mizoram,,,,23.548173,93.131588,,,,uploaded landslide_report.pdf
21887,MZ/CHA/84E02/2017/18,Mizoram,,,,23.55097,93.215688,,,,uploaded landslide_report.pdf
21888,MZ/CHA/84E02/2017/0004,Mizoram,,,,23.555561,93.072462,,,,uploaded landslide_report.pdf
21889,MZ/CHA/84E06/2017/26,Mizoram,,,,26.0,93.295668,,,,uploaded landslide_report.pdf
21890,MZ/MAM/84A10/2015/145,Mizoram,,,,23.562444,92.577806,,,,uploaded landslide_report.pdf
21891,MZ/CHA/84E02/2017/0015,Mizoram,,,,23.563275,93.120567,,,,uploaded landslide_report.pdf
21892,MZ/AIZ/84A14/2015/60,Mizoram,,,,23.566631,92.876781,,,,uploaded landslide_report.pdf
21893,MZ/CHA/84E02/2017/0067,Mizoram,,,,23.56952,93.100523,,,,uploaded landslide_report.pdf
21894,MZ/MAM/84A06/2020/1,Mizoram,,,,23.57,92.47,,,,uploaded landslide_report.pdf
21895,MZ/MAM/84A06/2020/2,Mizoram,,,,23.57,92.47,,,,uploaded landslide_report.pdf
21896,MZ/CHA/84E02/2017/0126,Mizoram,,,,23.570595,93.07382,,,,uploaded landslide_report.pdf
21897,MZ/CHA/84E02/2017/28,Mizoram,,,,28.0,93.102716,,,,uploaded landslide_report.pdf
21898,MZ/CHA/84E02/2017/0069,Mizoram,,,,23.57348,93.102938,,,,uploaded landslide_report.pdf
21899,MZ/CHA/84E02/2017/0065,Mizoram,,,,23.573731,93.075313,,,,uploaded landslide_report.pdf
21900,MZ/CHA/84E02/2017/0070,Mizoram,,,,23.577354,93.102871,,,,uploaded landslide_report.pdf
21901,MZ/MAM/84A10/2015/146,Mizoram,,,,23.580139,92.591139,,,,uploaded landslide_report.pdf
21902,MZ/CHA/84E02/2017/20,Mizoram,,,,20.0,93.09659,,,,uploaded landslide_report.pdf
21903,MZ/MAM/84A10/2015/159,Mizoram,,,,23.584417,92.622917,,,,uploaded landslide_report.pdf
21904,MZ/CHA/84E02/2017/25,Mizoram,,,,25.0,93.102493,,,,uploaded landslide_report.pdf
21905,MZ/MAM/84A10/2015/160,Mizoram,,,,23.587,92.622389,,,,uploaded landslide_report.pdf
21906,MZ/MAM/84A10/2015/137,Mizoram,,,,23.587111,92.601667,,,,uploaded landslide_report.pdf
21907,MZ/MAM/84A10/2015/152,Mizoram,,,,23.587361,92.601278,,,,uploaded landslide_report.pdf
21908,MZ/MAM/84A10/2015/149,Mizoram,,,,23.587917,92.598056,,,,uploaded landslide_report.pdf
21909,MZ/MAM/84A10/2015/151,Mizoram,,,,23.588417,92.600889,,,,uploaded landslide_report.pdf
21910,MZ/MAM/84A10/2015/148,Mizoram,,,,23.588444,92.597417,,,,uploaded landslide_report.pdf
21911,MZ/MAM/84A10/2015/150,Mizoram,,,,23.588472,92.599,,,,uploaded landslide_report.pdf
21912,MZ/MAM/84A10/2015/147,Mizoram,,,,23.589167,92.590111,,,,uploaded landslide_report.pdf
21913,MZ/MAM/84A10/2015/165,Mizoram,,,,23.590139,92.607333,,,,uploaded landslide_report.pdf
21914,MZ/MAM/84A10/2015/167,Mizoram,,,,23.590722,92.604694,,,,uploaded landslide_report.pdf
21915,MZ/CHA/84E02/2017/0072,Mizoram,,,,23.597403,93.094131,,,,uploaded landslide_report.pdf
21916,MZ/CHA/84E02/2017/0005,Mizoram,,,,23.597919,93.207362,,,,uploaded landslide_report.pdf
21917,MZ/MAM/84A10/2015/166,Mizoram,,,,23.598139,92.599111,,,,uploaded landslide_report.pdf
21918,MZ/CHA/84E02/2017/2,Mizoram,,,,23.602028,93.083824,,,,uploaded landslide_report.pdf
21919,MZ/CHA/84E02/2017/0124,Mizoram,,,,23.602395,93.084222,,,,uploaded landslide_report.pdf
21920,MZ/CHA/84E06/2017/1,Mizoram,,,,23.603629,93.355925,,,,uploaded landslide_report.pdf
21921,MZ/CHA/84E02/2017/24,Mizoram,,,,24.0,93.092328,,,,uploaded landslide_report.pdf
21922,MZ/CHA/84E02/2017/27,Mizoram,,,,27.0,93.204311,,,,uploaded landslide_report.pdf
21923,MZ/CHA/84E02/2017/0007,Mizoram,,,,23.604431,93.204251,,,,uploaded landslide_report.pdf
21924,MZ/AIZ/84A10/2015/72,Mizoram,,,,23.604611,92.726417,,,,uploaded landslide_report.pdf
21925,MZ/CHA/84E02/2017/8,Mizoram,,,,23.605611,93.08682,,,,uploaded landslide_report.pdf
21926,MZ/CHA/84E02/2017/0008,Mizoram,,,,23.605864,93.20387,,,,uploaded landslide_report.pdf
21927,MZ/CHA/84E02/2017/0076,Mizoram,,,,23.606539,93.087476,,,,uploaded landslide_report.pdf
21928,MZ/CHA/84E02/2017/26,Mizoram,,,,26.0,93.088782,,,,uploaded landslide_report.pdf
21929,MZ/AIZ/84A14/2015/78,Mizoram,,,,23.607347,92.879114,,,,uploaded landslide_report.pdf
21930,MZ/CHA/84E02/2017/0074,Mizoram,,,,23.60753,93.092644,,,,uploaded landslide_report.pdf
21931,MZ/CHA/84E06/2017/15,Mizoram,,,,23.607873,93.351351,,,,uploaded landslide_report.pdf
21932,MZ/CHA/84E02/2017/0009,Mizoram,,,,23.608133,93.201022,,,,uploaded landslide_report.pdf
21933,MZ/AZL/84A10/2016/01,Mizoram,,,,23.608306,92.850583,,,,uploaded landslide_report.pdf
21934,MZ/MAM/84A10/2015/163,Mizoram,,,,23.608389,92.596889,,,,uploaded landslide_report.pdf
21935,MZ/MAM/84A10/2015/164,Mizoram,,,,23.609111,92.596306,,,,uploaded landslide_report.pdf
21936,MZ/AIZ/84A14/2015/103,Mizoram,,,,23.610611,92.977722,,,,uploaded landslide_report.pdf
21937,MZ/CHA/84E02/2017/0010,Mizoram,,,,23.612312,93.198942,,,,uploaded landslide_report.pdf
21938,MZ/AZL/84A10/2016/02,Mizoram,,,,23.613722,92.851889,,,,uploaded landslide_report.pdf
21939,MZ/MAM/84A10/2015/162,Mizoram,,,,23.615139,92.594944,,,,uploaded landslide_report.pdf
21940,MZ/CHA/84E02/2017/0112,Mizoram,,,,23.617227,93.042191,,,,uploaded landslide_report.pdf
21941,MZ/MAM/84A10/2015/158,Mizoram,,,,23.618083,92.645028,,,,uploaded landslide_report.pdf
21942,MZ/CHA/84E06/2017/5,Mizoram,,,,23.618316,93.342403,,,,uploaded landslide_report.pdf
21943,MZ/MAM/84A10/2015/154,Mizoram,,,,23.618722,92.627389,,,,uploaded landslide_report.pdf
21944,MZ/MAM/84A10/2015/157,Mizoram,,,,23.618917,92.642611,,,,uploaded landslide_report.pdf
21945,MZ/MAM/84A10/2015/156,Mizoram,,,,23.619583,92.634417,,,,uploaded landslide_report.pdf
21946,MZ/CHA/84E06/2017/30,Mizoram,,,,30.0,93.33801,,,,uploaded landslide_report.pdf
21947,MZ/MAM/84A10/2015/155,Mizoram,,,,23.621722,92.623583,,,,uploaded landslide_report.pdf
21948,MZ/MAM/84A10/2015/153,Mizoram,,,,23.625444,92.614889,,,,uploaded landslide_report.pdf
21949,MZ/AIZ/84A14/2015/100,Mizoram,,,,23.626194,92.962111,,,,uploaded landslide_report.pdf
21950,MZ/CHA/84E02/2017/0111,Mizoram,,,,23.626738,93.033627,,,,uploaded landslide_report.pdf
21951,MZ/CHA/84E02/2017/9,Mizoram,,,,23.629553,93.077474,,,,uploaded landslide_report.pdf
21952,MZ/CHA/84E02/2017/0114,Mizoram,,,,23.630914,93.079723,,,,uploaded landslide_report.pdf
21953,MZ/CHA/84E02/2017/0110,Mizoram,,,,23.631956,93.033971,,,,uploaded landslide_report.pdf
21954,MZ/CHA/84E02/2017/0109,Mizoram,,,,23.63341,93.033595,,,,uploaded landslide_report.pdf
21955,MZ/CHA/84E02/2017/0113,Mizoram,,,,23.633591,93.048668,,,,uploaded landslide_report.pdf
21956,MZ/CHA/84E02/2017/0089,Mizoram,,,,23.635122,93.065289,,,,uploaded landslide_report.pdf
21957,MZ/CHA/84E02/2017/1,Mizoram,,,,23.635733,93.07666,,,,uploaded landslide_report.pdf
21958,MZ/CHA/84E02/2017/11,Mizoram,,,,23.636647,93.082939,,,,uploaded landslide_report.pdf
21959,MZ/CHA/84E02/2017/23,Mizoram,,,,23.0,93.083183,,,,uploaded landslide_report.pdf
21960,MZ/MAM/84A10/2015/161,Mizoram,,,,23.637472,92.595278,,,,uploaded landslide_report.pdf
21961,MZ/CHA/84E02/2017/0088,Mizoram,,,,23.6377,93.066302,,,,uploaded landslide_report.pdf
21962,MZ/CHA/84E02/2017/0117,Mizoram,,,,23.63797,93.078826,,,,uploaded landslide_report.pdf
21963,MZ/CHA/84E02/2017/0087,Mizoram,,,,23.638822,93.066182,,,,uploaded landslide_report.pdf
21964,MZ/CHA/84E02/2017/0086,Mizoram,,,,23.639272,93.066239,,,,uploaded landslide_report.pdf
21965,MZ/AIZ/84E02/2017/30,Mizoram,,,,30.0,93.032189,,,,uploaded landslide_report.pdf
21966,MZ/CHA/84E06/2017/14,Mizoram,,,,23.640073,93.315306,,,,uploaded landslide_report.pdf
21967,MZ/CHA/84E06/2017/8,Mizoram,,,,23.640448,93.343559,,,,uploaded landslide_report.pdf
21968,MZ/CHA/84E02/2017/0081,Mizoram,,,,23.640693,93.084944,,,,uploaded landslide_report.pdf
21969,MZ/CHA/84E02/2017/0080,Mizoram,,,,23.64119,93.085929,,,,uploaded landslide_report.pdf
21970,MZ/CHA/84E02/2017/0085,Mizoram,,,,23.644469,93.068299,,,,uploaded landslide_report.pdf
21971,MZ/AIZ/84A14/2015/109,Mizoram,,,,23.6445,92.990194,,,,uploaded landslide_report.pdf
21972,MZ/CHA/84E02/2017/12,Mizoram,,,,23.644962,93.076363,,,,uploaded landslide_report.pdf
21973,MZ/CHA/84E02/2017/0119,Mizoram,,,,23.646848,93.068776,,,,uploaded landslide_report.pdf
21974,MZ/CHA/84E06/2017/21,Mizoram,,,,21.0,93.303877,,,,uploaded landslide_report.pdf
21975,MZ/CHA/84E06/2017/2,Mizoram,,,,23.647375,93.303415,,,,uploaded landslide_report.pdf
21976,MZ/CHA/84E02/2017/0120,Mizoram,,,,23.647593,93.068219,,,,uploaded landslide_report.pdf
21977,MZ/CHA/84E06/2017/13,Mizoram,,,,23.647667,93.299727,,,,uploaded landslide_report.pdf
21978,MZ/CHA/84E06/2017/9,Mizoram,,,,23.648967,93.291988,,,,uploaded landslide_report.pdf
21979,MZ/AIZ/84E02/2017/32,Mizoram,,,,23.650925,93.030704,,,,uploaded landslide_report.pdf
21980,MZ/AIZ/84A10/2015/193,Mizoram,,,,23.652972,92.6985,,,,uploaded landslide_report.pdf
21981,MZ/AIZ/84E02/2017/37,Mizoram,,,,20.5,93.029927,,,,uploaded landslide_report.pdf
21982,MZ/CHA/84E06/2017/24,Mizoram,,,,24.0,93.287022,,,,uploaded landslide_report.pdf
21983,MZ/AIZ/84A14/2015/113,Mizoram,,,,23.654361,92.932389,,,,uploaded landslide_report.pdf
21984,MZ/AIZ/84A14/2015/101,Mizoram,,,,23.654556,92.965056,,,,uploaded landslide_report.pdf
21985,MZ/AIZ/84A10/2015/190,Mizoram,,,,23.65475,92.690083,,,,uploaded landslide_report.pdf
21986,MZ/AIZ/84A14/2015/102,Mizoram,,,,23.655417,92.957167,,,,uploaded landslide_report.pdf
21987,MZ/AIZ/84A14/2015/104,Mizoram,,,,23.656556,92.964611,,,,uploaded landslide_report.pdf
21988,MZ/AIZ/84E02/2017/29,Mizoram,,,,29.0,93.028012,,,,uploaded landslide_report.pdf
21989,MZ/CHA/84E06/2017/16,Mizoram,,,,23.657018,93.286924,,,,uploaded landslide_report.pdf
21990,MZ/CHA/84E02/2017/0082,Mizoram,,,,23.657186,93.087169,,,,uploaded landslide_report.pdf
21991,MZ/MAM/84A10/2015/176,Mizoram,,,,23.657194,92.5905,,,,uploaded landslide_report.pdf
21992,MZ/AIZ/84A10/2015/192,Mizoram,,,,23.657278,92.704583,,,,uploaded landslide_report.pdf
21993,MZ/AIZ/84A14/2015/105,Mizoram,,,,23.657444,92.963889,,,,uploaded landslide_report.pdf
21994,MZ/CHA/84E06/2017/3,Mizoram,,,,23.657642,93.349683,,,,uploaded landslide_report.pdf
21995,MZ/AIZ/84A14/2015/107,Mizoram,,,,23.658861,92.963722,,,,uploaded landslide_report.pdf
21996,MZ/AIZ/84A14/2015/106,Mizoram,,,,23.658944,92.964056,,,,uploaded landslide_report.pdf
21997,MZ/CHA/84E06/2017/28,Mizoram,,,,28.0,93.349052,,,,uploaded landslide_report.pdf
21998,MZ/CHA/84E06/2017/17,Mizoram,,,,23.660361,93.285548,,,,uploaded landslide_report.pdf
21999,MZ/AIZ/84E02/2017/31,Mizoram,,,,20.0,93.023297,,,,uploaded landslide_report.pdf
22000,MZ/MAM/84A10/2015/177,Mizoram,,,,23.664583,92.590111,,,,uploaded landslide_report.pdf
22001,MZ/AIZ/84A14/2015/96,Mizoram,,,,23.665806,92.969556,,,,uploaded landslide_report.pdf
22002,MZ/AIZ/84A14/2015/114,Mizoram,,,,23.665806,92.892639,,,,uploaded landslide_report.pdf
22003,MZ/AIZ/84A14/2015/95,Mizoram,,,,23.666361,92.975972,,,,uploaded landslide_report.pdf
22004,MZ/CHA/84E06/2017/10,Mizoram,,,,23.666608,93.350691,,,,uploaded landslide_report.pdf
22005,MZ/AIZ/84A14/2015/115,Mizoram,,,,23.666722,92.890889,,,,uploaded landslide_report.pdf
22006,MZ/AIZ/84A14/2015/93,Mizoram,,,,23.667306,92.978028,,,,uploaded landslide_report.pdf
22007,MZ/AIZ/84A14/2015/91,Mizoram,,,,23.667361,92.978,,,,uploaded landslide_report.pdf
22008,MZ/AIZ/84A14/2015/92,Mizoram,,,,23.667361,92.978,,,,uploaded landslide_report.pdf
22009,MZ/AIZ/84A14/2015/112,Mizoram,,,,23.669056,92.888889,,,,uploaded landslide_report.pdf
22010,MZ/MAM/84A10/2015/174,Mizoram,,,,23.669278,92.592278,,,,uploaded landslide_report.pdf
22011,MZ/AIZ/84E02/2017/38,Mizoram,,,,23.66958,93.02425,,,,uploaded landslide_report.pdf
22012,MZ/MAM/84A10/2015/178,Mizoram,,,,23.669694,92.592667,,,,uploaded landslide_report.pdf
22013,MZ/AIZ/84A14/2015/94,Mizoram,,,,23.670389,92.964417,,,,uploaded landslide_report.pdf
22014,MZ/AIZ/84A10/2015/73,Mizoram,,,,23.670556,92.728528,,,,uploaded landslide_report.pdf
22015,MZ/AIZ/84A14/2015/111,Mizoram,,,,23.671,92.888333,,,,uploaded landslide_report.pdf
22016,MZ/CHA/84E06/2017/18,Mizoram,,,,23.672022,93.349595,,,,uploaded landslide_report.pdf
22017,MZ/CHA/84E06/2017/4,Mizoram,,,,23.673104,93.349412,,,,uploaded landslide_report.pdf
22018,MZ/MAM/84A10/2015/173,Mizoram,,,,23.674167,92.596889,,,,uploaded landslide_report.pdf
22019,MZ/MAM/84A10/2015/122,Mizoram,,,,23.67425,92.587278,,,,uploaded landslide_report.pdf
22020,MZ/MAM/84A10/2015/172,Mizoram,,,,23.674694,92.597361,,,,uploaded landslide_report.pdf
22021,MZ/AIZ/84E02/2017/33,Mizoram,,,,23.675142,93.023551,,,,uploaded landslide_report.pdf
22022,MZ/MAM/84A10/2015/171,Mizoram,,,,23.675722,92.598639,,,,uploaded landslide_report.pdf
22023,MZ/CHA/84E02/2017/0083,Mizoram,,,,23.677967,93.087973,,,,uploaded landslide_report.pdf
22024,MZ/MAM/84A10/2015/120,Mizoram,,,,23.678583,92.571583,,,,uploaded landslide_report.pdf
22025,MZ/AIZ/84E02/2017/34,Mizoram,,,,23.68054,93.020091,,,,uploaded landslide_report.pdf
22026,MZ/MAM/84A10/2015/121,Mizoram,,,,23.68075,92.571917,,,,uploaded landslide_report.pdf
22027,MZ/AIZ/84A14/2015/89,Mizoram,,,,23.680931,92.859617,,,,uploaded landslide_report.pdf
22028,MZ/AIZ/84E02/2017/36,Mizoram,,,,23.681206,93.019927,,,,uploaded landslide_report.pdf
22029,MZ/AIZ/84A10/2015/191,Mizoram,,,,23.681531,92.718606,,,,uploaded landslide_report.pdf
22030,MZ/CHA/84E02/2017/4,Mizoram,,,,23.681548,93.030106,,,,uploaded landslide_report.pdf
22031,MZ/MAM/84A10/2015/170,Mizoram,,,,23.681778,92.602611,,,,uploaded landslide_report.pdf
22032,MZ/AIZ/84A14/2015/65,Mizoram,,,,23.682158,92.858383,,,,uploaded landslide_report.pdf
22033,MZ/MAM/84A10/2015/119,Mizoram,,,,23.68225,92.573694,,,,uploaded landslide_report.pdf
22034,MZ/CHA/84E06/2017/27,Mizoram,,,,27.0,93.350321,,,,uploaded landslide_report.pdf
22035,MZ/MAM/84A10/2015/169,Mizoram,,,,23.682611,92.602028,,,,uploaded landslide_report.pdf
22036,MZ/MAM/84A10/2015/179,Mizoram,,,,23.683417,92.601222,,,,uploaded landslide_report.pdf
22037,MZ/MAM/84A10/2015/168,Mizoram,,,,23.684222,92.599917,,,,uploaded landslide_report.pdf
22038,MZ/MAM/84A10/2015/134,Mizoram,,,,23.684472,92.573694,,,,uploaded landslide_report.pdf
22039,MZ/CHA/84E02/2017/0084,Mizoram,,,,23.684707,93.088283,,,,uploaded landslide_report.pdf
22040,MZ/CHA/84E02/2017/17,Mizoram,,,,23.685602,93.028404,,,,uploaded landslide_report.pdf
22041,MZ/AIZ/84E02/2017/39,Mizoram,,,,23.685795,93.019874,,,,uploaded landslide_report.pdf
22042,MZ/CHA/84E02/2017/0064,Mizoram,,,,23.687031,93.203106,,,,uploaded landslide_report.pdf
22043,MZ/AIZ/84A10/2015/232,Mizoram,,,,23.687833,92.722444,,,,uploaded landslide_report.pdf
22044,MZ/MAM/84A10/2015/175,Mizoram,,,,23.688389,92.595583,,,,uploaded landslide_report.pdf
22045,MZ/CHA/84E02/2017/0061,Mizoram,,,,23.689256,93.192172,,,,uploaded landslide_report.pdf
22046,MZ/CHA/84E02/2017/5,Mizoram,,,,23.689282,93.039041,,,,uploaded landslide_report.pdf
22047,MZ/MAM/84A06/2020/3,Mizoram,,,,23.69,92.49,,,,uploaded landslide_report.pdf
22048,MZ/MAM/84A06/2020/4,Mizoram,,,,23.69,92.35,,,,uploaded landslide_report.pdf
22049,MZ/MAM/84A06/2020/5,Mizoram,,,,23.69,92.35,,,,uploaded landslide_report.pdf
22050,MZ/MAM/84A10/2015/133,Mizoram,,,,23.690722,92.570139,,,,uploaded landslide_report.pdf
22051,MZ/CHA/84E02/2017/6,Mizoram,,,,23.69159,93.190067,,,,uploaded landslide_report.pdf
22052,MZ/MAM/84A10/2015/136,Mizoram,,,,23.691722,92.575111,,,,uploaded landslide_report.pdf
22053,MZ/MAM/84A10/2015/135,Mizoram,,,,23.6935,92.570306,,,,uploaded landslide_report.pdf
22054,MZ/AIZ/84A10/2015/231,Mizoram,,,,23.693667,92.719056,,,,uploaded landslide_report.pdf
22055,MZ/CHA/84E02/2017/0062,Mizoram,,,,23.694333,93.183335,,,,uploaded landslide_report.pdf
22056,MZ/MAM/84A10/2015/132,Mizoram,,,,23.695083,92.570639,,,,uploaded landslide_report.pdf
22057,MZ/CHA/84E02/2017/0095,Mizoram,,,,23.695088,93.041426,,,,uploaded landslide_report.pdf
22058,MZ/AIZ/84A14/2015/64,Mizoram,,,,23.695444,92.861667,,,,uploaded landslide_report.pdf
22059,MZ/AIZ/84A14/2015/85,Mizoram,,,,23.695528,92.884167,,,,uploaded landslide_report.pdf
22060,MZ/CHA/84E02/2017/0096,Mizoram,,,,23.696979,93.041829,,,,uploaded landslide_report.pdf
22061,MZ/AIZ/84A14/2015/87,Mizoram,,,,23.697056,92.877944,,,,uploaded landslide_report.pdf
22062,MZ/MAM/84A10/2015/118,Mizoram,,,,23.697889,92.568444,,,,uploaded landslide_report.pdf
22063,MZ/AIZ/84A10/2015/230,Mizoram,,,,23.699472,92.716167,,,,uploaded landslide_report.pdf
22064,MZ/AIZ/84A10/2014/04,Mizoram,,,,23.6995,92.71617,,,,uploaded landslide_report.pdf
22065,MZ/AIZ/84A14/2015/59,Mizoram,,,,23.699611,92.874917,,,,uploaded landslide_report.pdf
22066,MZ/AIZ/84A10/2015/229,Mizoram,,,,23.700556,92.715972,,,,uploaded landslide_report.pdf
22067,MZ/AIZ/84A14/2015/83,Mizoram,,,,23.700889,92.878361,,,,uploaded landslide_report.pdf
22068,MZ/CHA/84E02/2017/14,Mizoram,,,,23.701047,93.190913,,,,uploaded landslide_report.pdf
22069,MZ/CHA/84E02/2017/0063,Mizoram,,,,23.701575,93.177726,,,,uploaded landslide_report.pdf
22070,MIZ/AZL/84A/10/2021/01,Mizoram,,,,23.70166667,92.71944444,,,,uploaded landslide_report.pdf
22071,MZ/AIZ/84A14/2015/110,Mizoram,,,,23.702056,92.993222,,,,uploaded landslide_report.pdf
22072,MZ/AIZ/84A10/2014/03,Mizoram,,,,23.70272,92.71631,,,,uploaded landslide_report.pdf
22073,MZ/AIZ/84A10/2015/228,Mizoram,,,,23.704333,92.7145,,,,uploaded landslide_report.pdf
22074,MZ/AIZ/84A14/2015/108,Mizoram,,,,23.704861,92.98575,,,,uploaded landslide_report.pdf
22075,MZ/AIZ/84A14/2015/84,Mizoram,,,,23.705117,92.877669,,,,uploaded landslide_report.pdf
22076,MZ/AIZ/84E02/2017/35,Mizoram,,,,23.705262,93.008904,,,,uploaded landslide_report.pdf
22077,MZ/CHA/84E02/2017/7,Mizoram,,,,23.705705,93.19007,,,,uploaded landslide_report.pdf
22078,MZ/AIZ/84A10/2015/233,Mizoram,,,,23.706667,92.714694,,,,uploaded landslide_report.pdf
22079,MZ/CHA/84E02/2017/13,Mizoram,,,,23.707126,93.187183,,,,uploaded landslide_report.pdf
22080,MZ/AIZ/84A14/2015/68,Mizoram,,,,23.708217,92.761489,,,,uploaded landslide_report.pdf
22081,MZ/CHA/84E02/2017/0097,Mizoram,,,,23.708377,93.053261,,,,uploaded landslide_report.pdf
22082,MZ/CHA/84E02/2017/16,Mizoram,,,,23.708507,93.05583,,,,uploaded landslide_report.pdf
22083,MZ/AIZ/84A10/2015/194,Mizoram,,,,23.71,92.692528,,,,uploaded landslide_report.pdf
22084,MZ/AIZ/84A10/2015/69,Mizoram,,,,23.710194,92.741167,,,,uploaded landslide_report.pdf
22085,MZ/MAM/84A10/2015/131,Mizoram,,,,23.710278,92.558056,,,,uploaded landslide_report.pdf
22086,MZ/CHA/84E02/2017/0099,Mizoram,,,,21.0,93.058403,,,,uploaded landslide_report.pdf
22087,MZ/AIZ/84A10/2015/182,Mizoram,,,,23.71125,92.660167,,,,uploaded landslide_report.pdf
22088,MZ/AIZ/84A14/2015/63,Mizoram,,,,23.711722,92.858394,,,,uploaded landslide_report.pdf
22089,MZ/MAM/84A10/2015/181,Mizoram,,,,23.712306,92.649528,,,,uploaded landslide_report.pdf
22090,MZ/MAM/84A10/2015/180,Mizoram,,,,23.712528,92.64775,,,,uploaded landslide_report.pdf
22091,MZ/MAM/84A10/2015/128,Mizoram,,,,23.712611,92.560444,,,,uploaded landslide_report.pdf
22092,MZ/AIZ/84A10/2015/183,Mizoram,,,,23.712694,92.66025,,,,uploaded landslide_report.pdf
22093,MZ/AIZ/84A14/2015/67,Mizoram,,,,23.713131,92.798942,,,,uploaded landslide_report.pdf
22094,MZ/AIZ/84A10/2015/219,Mizoram,,,,23.714694,92.728694,,,,uploaded landslide_report.pdf
22095,MZ/AIZ/84A14/2015/79,Mizoram,,,,23.714703,92.873933,,,,uploaded landslide_report.pdf
22096,MZ/AIZ/84A10/2015/195,Mizoram,,,,23.715278,92.697611,,,,uploaded landslide_report.pdf
22097,MZ/MAM/84A10/2015/129,Mizoram,,,,23.7155,92.556028,,,,uploaded landslide_report.pdf
22098,MZ/AIZ/84A14/2015/80,Mizoram,,,,23.716025,92.854306,,,,uploaded landslide_report.pdf
22099,MZ/AIZ/84A10/2015/203,Mizoram,,,,23.716111,92.712611,,,,uploaded landslide_report.pdf
22100,MZ/AIZ/84A14/2015/81,Mizoram,,,,23.716125,92.866156,,,,uploaded landslide_report.pdf
22101,MZ/AIZ/84A10/2015/218,Mizoram,,,,23.716278,92.727694,,,,uploaded landslide_report.pdf
22102,MZ/AIZ/84A10/2015/205,Mizoram,,,,23.716333,92.688639,,,,uploaded landslide_report.pdf
22103,MZ/AIZ/84A10/2015/196,Mizoram,,,,23.716556,92.699056,,,,uploaded landslide_report.pdf
22104,MZ/AIZ/84A10/2015/209,Mizoram,,,,23.717028,92.692389,,,,uploaded landslide_report.pdf
22105,MZ/AIZ/84A10/2015/204,Mizoram,,,,23.717111,92.713972,,,,uploaded landslide_report.pdf
22106,MZ/AIZ/84A10/2015/213,Mizoram,,,,23.717222,92.694833,,,,uploaded landslide_report.pdf
22107,MZ/MAM/84A10/2015/124,Mizoram,,,,23.718194,92.556417,,,,uploaded landslide_report.pdf
22108,MZ/AIZ/84A14/2015/88,Mizoram,,,,23.719306,92.869058,,,,uploaded landslide_report.pdf
22109,MZ/AIZ/84A14/2015/62,Mizoram,,,,23.719306,92.869058,,,,uploaded landslide_report.pdf
22110,MZ/AIZ/84A10/2015/202,Mizoram,,,,23.719389,92.675083,,,,uploaded landslide_report.pdf
22111,MZ/AIZ/84A10/2015/200,Mizoram,,,,23.719472,92.676444,,,,uploaded landslide_report.pdf
22112,MZ/AIZ/84A10/2015/201,Mizoram,,,,23.7195,92.675528,,,,uploaded landslide_report.pdf
22113,MZ/AIZ/84A14/2015/86,Mizoram,,,,23.719694,92.868053,,,,uploaded landslide_report.pdf
22114,MZ/AIZ/84A10/2015/210,Mizoram,,,,23.719972,92.697694,,,,uploaded landslide_report.pdf
22115,MZ/AIZ/84A10/2015/211,Mizoram,,,,23.720417,92.695667,,,,uploaded landslide_report.pdf
22116,MZ/AIZ/84A10/2015/212,Mizoram,,,,23.720611,92.692722,,,,uploaded landslide_report.pdf
22117,MZ/AIZ/84A14/2015/97,Mizoram,,,,23.720833,92.978,,,,uploaded landslide_report.pdf
22118,MZ/AIZ/84A10/2015/199,Mizoram,,,,23.721167,92.675056,,,,uploaded landslide_report.pdf
22119,MZ/AZL/83A10/2017/01,Mizoram,,,,23.722,92.721222,,,,uploaded landslide_report.pdf
22120,MZ/AIZ/84A10/2015/197,Mizoram,,,,23.722111,92.681472,,,,uploaded landslide_report.pdf
22121,MZ/AIZ/84A10/2015/198,Mizoram,,,,23.722222,92.682278,,,,uploaded landslide_report.pdf
22122,MZ/MAM/84A10/2015/130,Mizoram,,,,23.726694,92.557778,,,,uploaded landslide_report.pdf
22123,MZ/AIZ/84A14/2015/82,Mizoram,,,,23.727472,92.85265,,,,uploaded landslide_report.pdf
22124,MZ/AIZ/84A10/2015/215,Mizoram,,,,23.727639,92.703083,,,,uploaded landslide_report.pdf
22125,MZ/AIZ/84A10/2015/74,Mizoram,,,,23.727694,92.736,,,,uploaded landslide_report.pdf
22126,MZ/MAM/84A10/2015/123,Mizoram,,,,23.728778,92.557833,,,,uploaded landslide_report.pdf
22127,MZ/AIZ/84A14/2015/75,Mizoram,,,,23.730867,92.755639,,,,uploaded landslide_report.pdf
22128,MZ/AIZ/84A14/2015/66,Mizoram,,,,23.732867,92.825842,,,,uploaded landslide_report.pdf
22129,MZ/AIZ/84A14/2015/76,Mizoram,,,,23.732894,92.753033,,,,uploaded landslide_report.pdf
22130,MZ/AIZ/84A10/2015/117,Mizoram,,,,23.733083,92.675611,,,,uploaded landslide_report.pdf
22131,MZ/MAM/84A10/2015/125,Mizoram,,,,23.733222,92.557833,,,,uploaded landslide_report.pdf
22132,MZ/AIZ/84A10/2015/189,Mizoram,,,,23.7335,92.674472,,,,uploaded landslide_report.pdf
22133,MZ/AIZ/84A10/2014/05,Mizoram,,,,23.73436,92.75194,,,,uploaded landslide_report.pdf
22134,MZ/CHA/84E02/2017/10,Mizoram,,,,23.734427,93.08625,,,,uploaded landslide_report.pdf
22135,MZ/AIZ/84A10/2015/208,Mizoram,,,,23.735,92.695111,,,,uploaded landslide_report.pdf
22136,MZ/AIZ/84A10/2015/207,Mizoram,,,,23.735028,92.696028,,,,uploaded landslide_report.pdf
22137,MZ/AIZ/84A14/2015/77,Mizoram,,,,23.735086,92.829525,,,,uploaded landslide_report.pdf
22138,MZ/MAM/84A10/2015/126,Mizoram,,,,23.735833,92.558056,,,,uploaded landslide_report.pdf
22139,MZ/AIZ/84A14/2015/70,Mizoram,,,,23.736217,92.796936,,,,uploaded landslide_report.pdf
22140,MZ/AIZ/84A10/2015/214,Mizoram,,,,23.736778,92.694528,,,,uploaded landslide_report.pdf
22141,MZ/AIZ/84A10/2015/224,Mizoram,,,,23.737083,92.703889,,,,uploaded landslide_report.pdf
22142,MZ/MAM/84A10/2015/127,Mizoram,,,,23.737167,92.557167,,,,uploaded landslide_report.pdf
22143,MZ/AIZ/84A10/2015/217,Mizoram,,,,23.739306,92.743111,,,,uploaded landslide_report.pdf
22144,MZ/AIZ/84A10/2015/206,Mizoram,,,,23.739417,92.699917,,,,uploaded landslide_report.pdf
22145,MZ/AIZ/84A10/2015/220,Mizoram,,,,23.740028,92.709861,,,,uploaded landslide_report.pdf
22146,MZ/AIZ/84A14/2015/99,Mizoram,,,,23.740306,92.965389,,,,uploaded landslide_report.pdf
22147,MZ/AIZ/84A14/2015/90,Mizoram,,,,23.740417,92.795083,,,,uploaded landslide_report.pdf
22148,MZ/AIZ/84A10/2015/216,Mizoram,,,,23.741389,92.739528,,,,uploaded landslide_report.pdf
22149,MZ/AIZ/84A10/2015/225,Mizoram,,,,23.741806,92.72525,,,,uploaded landslide_report.pdf
22150,MZ/CHA/84E06/2017/20,Mizoram,,,,20.0,93.377004,,,,uploaded landslide_report.pdf
22151,MZ/CHA/84E06/2017/6,Mizoram,,,,23.742696,93.378058,,,,uploaded landslide_report.pdf
22152,MZ/CHA/84E02/2017/21,Mizoram,,,,21.0,93.094558,,,,uploaded landslide_report.pdf
22153,MZ/AIZ/84A10/2015/226,Mizoram,,,,23.742861,92.725389,,,,uploaded landslide_report.pdf
22154,MZ/AIZ/84A10/2015/184,Mizoram,,,,23.743694,92.679028,,,,uploaded landslide_report.pdf
22155,MZ/AIZ/84A10/2014/01,Mizoram,,,,23.74372,92.72417,,,,uploaded landslide_report.pdf
22156,MZ/AIZ/84A10/2015/185,Mizoram,,,,23.744028,92.698861,,,,uploaded landslide_report.pdf
22157,MIZO/AIZ/84A10/2007/E-4,Mizoram,,,,23.744167,92.730472,,,,uploaded landslide_report.pdf
22158,MZ/AIZ/84A14/2015/98,Mizoram,,,,23.74425,92.968472,,,,uploaded landslide_report.pdf
22159,MZ/AIZ/84A10/2015/227,Mizoram,,,,23.744303,92.720114,,,,uploaded landslide_report.pdf
22160,MZ/AIZ/84A10/2015/221,Mizoram,,,,23.744972,92.702889,,,,uploaded landslide_report.pdf
22161,MZ/AIZ/84A10/2015/187,Mizoram,,,,23.745083,92.6955,,,,uploaded landslide_report.pdf
22162,MZ/AIZ/84A10/2015/188,Mizoram,,,,23.745444,92.749556,,,,uploaded landslide_report.pdf
22163,MZ/AIZ/84A10/2015/186,Mizoram,,,,23.745639,92.694361,,,,uploaded landslide_report.pdf
22164,MZ/AIZ/84A10/2015/222,Mizoram,,,,23.746722,92.695972,,,,uploaded landslide_report.pdf
22165,MZ/CHA/84E06/2017/22,Mizoram,,,,22.0,93.377656,,,,uploaded landslide_report.pdf
22166,MZ/CHA/84E06/2017/12,Mizoram,,,,23.747111,93.378258,,,,uploaded landslide_report.pdf
22167,MZ/AIZ/84A10/2015/223,Mizoram,,,,23.747444,92.696194,,,,uploaded landslide_report.pdf
22168,MZ/CHA/84E06/2017/29,Mizoram,,,,29.0,93.374597,,,,uploaded landslide_report.pdf
22169,MZ/AIZ/84A10/2015/116,Mizoram,,,,23.749722,92.693781,,,,uploaded landslide_report.pdf
22170,MZ/CHA/84E02/2017/0121,Mizoram,,,,23.749805,93.099227,,,,uploaded landslide_report.pdf
22171,MZ/CHA/84E01/2017/7,Mizoram,,,,23.750139,93.098167,,,,uploaded landslide_report.pdf
22172,MIZ/AIZ/84A09/2016/76,Mizoram,,,,23.750454,92.69524,,,,uploaded landslide_report.pdf
22173,MIZ/AIZ/84A09/2016/80,Mizoram,,,,23.750676,92.679635,,,,uploaded landslide_report.pdf
22174,MIZO/AIZ/84A10/2007/E-2,Mizoram,,,,23.750722,92.744,,,,uploaded landslide_report.pdf
22175,MIZ/MAM/84A09/2016/127,Mizoram,,,,23.751155,92.571589,,,,uploaded landslide_report.pdf
22176,MIZ/LU/84B/13/2018/001,Mizoram,,,,23.751528,91.604533,,,,uploaded landslide_report.pdf
22177,MIZO/AIZ/84A10/2007/E-3,Mizoram,,,,23.751694,92.731528,,,,uploaded landslide_report.pdf
22178,MZ/CHA/84E05/2017/5,Mizoram,,,,23.753222,93.377281,,,,uploaded landslide_report.pdf
22179,MIZ/AIZ/84A09/2016/79,Mizoram,,,,23.753417,92.687556,,,,uploaded landslide_report.pdf
22180,MIZ/AIZ/84A09/2016/78,Mizoram,,,,23.754359,92.690207,,,,uploaded landslide_report.pdf
22181,MIZ/AIZ/84A09/2016/61,Mizoram,,,,23.754475,92.722754,,,,uploaded landslide_report.pdf
22182,MIZ/AIZ/84A09/2016/77,Mizoram,,,,23.754493,92.690145,,,,uploaded landslide_report.pdf
22183,MIZ/MAM/84A09/2016/128,Mizoram,,,,23.757805,92.561473,,,,uploaded landslide_report.pdf
22184,MIZ/AIZ/84A13/2016/46,Mizoram,,,,23.760222,92.848167,,,,uploaded landslide_report.pdf
22185,MIZ/MAM/84A09/2016/124,Mizoram,,,,23.761734,92.573908,,,,uploaded landslide_report.pdf
22186,MIZ/AIZ/84A13/2016/48,Mizoram,,,,23.762482,92.742799,,,,uploaded landslide_report.pdf
22187,MIZ/AIZ/84A10/2016/102,Mizoram,,,,23.767139,92.533889,,,,uploaded landslide_report.pdf
22188,MIZ/AIZ/84A10/2016/103,Mizoram,,,,23.767139,92.533889,,,,uploaded landslide_report.pdf
22189,MIZ/AIZ/84A09/2016/100,Mizoram,,,,23.76821,92.539681,,,,uploaded landslide_report.pdf
22190,MIZ/AIZ/84A09/2016/133,Mizoram,,,,23.771587,92.732129,,,,uploaded landslide_report.pdf
22191,MZ/AIZ/84E01/2017/75,Mizoram,,,,23.777472,93.009163,,,,uploaded landslide_report.pdf
22192,MZ/CHA/84E01/2017/14,Mizoram,,,,23.777555,93.112473,,,,uploaded landslide_report.pdf
22193,MZ/AIZ/84E01/2017/55,Mizoram,,,,23.777805,93.00489,,,,uploaded landslide_report.pdf
22194,MZ/AIZ/84E01/2017/94,Mizoram,,,,23.779444,93.023918,,,,uploaded landslide_report.pdf
22195,MIZ/AIZ/84A13/2016/45,Mizoram,,,,23.78,92.84,,,,uploaded landslide_report.pdf
22196,MZ/MAM/84A05/2020/9,Mizoram,,,,23.78,92.36,,,,uploaded landslide_report.pdf
22197,MZ/CHA/84E01/2017/45,Mizoram,,,,23.780138,93.152916,,,,uploaded landslide_report.pdf
22198,MIZ/MAM/84A09/2016/126,Mizoram,,,,23.780864,92.577909,,,,uploaded landslide_report.pdf
22199,MZ/CHA/84E01/2017/18,Mizoram,,,,23.782249,93.148865,,,,uploaded landslide_report.pdf
22200,MZ/CHA/84E01/2017/5,Mizoram,,,,23.782249,93.116165,,,,uploaded landslide_report.pdf
22201,MIZ/AIZ/84A09/2016/99,Mizoram,,,,23.783846,92.553747,,,,uploaded landslide_report.pdf
22202,MIZ/AIZ/84A09/2016/98,Mizoram,,,,23.783956,92.553695,,,,uploaded landslide_report.pdf
22203,MIZ/AIZ/84A13/2016/44,Mizoram,,,,23.784222,92.841972,,,,uploaded landslide_report.pdf
22204,MIZ/AIZ/84A09/2016/93,Mizoram,,,,23.784278,92.597111,,,,uploaded landslide_report.pdf
22205,MZ/AIZ/84E01/2017/53,Mizoram,,,,23.785444,93.024612,,,,uploaded landslide_report.pdf
22206,MZ/CHA/84E01/2017/30,Mizoram,,,,30.0,93.154137,,,,uploaded landslide_report.pdf
22207,MIZ/AIZ/84A09/2016/131,Mizoram,,,,23.787414,92.725278,,,,uploaded landslide_report.pdf
22208,MZ/CHA/84E05/2017/26,Mizoram,,,,26.0,93.386887,,,,uploaded landslide_report.pdf
22209,MIZ/AIZ/84A09/2016/135,Mizoram,,,,23.788032,92.729443,,,,uploaded landslide_report.pdf
22210,MZ/AIZ/84E01/2017/112,Mizoram,,,,23.7885,93.024666,,,,uploaded landslide_report.pdf
22211,MZ/CHA/84E05/2017/16,Mizoram,,,,23.788666,93.386139,,,,uploaded landslide_report.pdf
22212,MIZ/AIZ/84A13/2016/42,Mizoram,,,,23.788722,92.837833,,,,uploaded landslide_report.pdf
22213,MIZ/AIZ/84A13/2016/43,Mizoram,,,,23.788722,92.837833,,,,uploaded landslide_report.pdf
22214,MZ/AIZ/84E01/2017/104,Mizoram,,,,23.789749,93.035667,,,,uploaded landslide_report.pdf
22215,MZ/MAM/84A05/2020/11,Mizoram,,,,23.79,92.36,,,,uploaded landslide_report.pdf
22216,MIZ/AIZ/84A09/2016/81,Mizoram,,,,23.790132,92.672097,,,,uploaded landslide_report.pdf
22217,MZ/CHA/84E05/2017/30,Mizoram,,,,30.0,93.394447,,,,uploaded landslide_report.pdf
22218,MZ/CHA/84E05/2017/29,Mizoram,,,,29.0,93.384583,,,,uploaded landslide_report.pdf
22219,MZ/CHA/84E01/2017/15,Mizoram,,,,23.791277,93.156387,,,,uploaded landslide_report.pdf
22220,MIZ/AIZ/84A09/2016/132,Mizoram,,,,23.791511,92.730515,,,,uploaded landslide_report.pdf
22221,MZ/AIZ/84E01/2017/51,Mizoram,,,,23.792555,93.029892,,,,uploaded landslide_report.pdf
22222,MZ/CHA/84E01/2017/27,Mizoram,,,,27.0,93.116943,,,,uploaded landslide_report.pdf
22223,MZ/CHA/84E05/2017/27,Mizoram,,,,27.0,93.387474,,,,uploaded landslide_report.pdf
22224,MZ/AIZ/84E01/2017/84,Mizoram,,,,23.794195,93.025055,,,,uploaded landslide_report.pdf
22225,MZ/AIZ/84E01/2017/74,Mizoram,,,,23.795444,93.04039,,,,uploaded landslide_report.pdf
22226,MZ/CHA/84E05/2017/25,Mizoram,,,,25.0,93.38797,,,,uploaded landslide_report.pdf
22227,MIZ/MAM/84A09/2016/130,Mizoram,,,,23.796268,92.54654,,,,uploaded landslide_report.pdf
22228,MZ/AIZ/84E01/2017/101,Mizoram,,,,23.797361,93.040916,,,,uploaded landslide_report.pdf
22229,MZ/CHA/84E01/2017/12,Mizoram,,,,23.798611,93.16378,,,,uploaded landslide_report.pdf
22230,MIZ/AIZ/84A09/2016/90,Mizoram,,,,23.798861,92.642417,,,,uploaded landslide_report.pdf
22231,MZ/CHA/84E01/2017/37,Mizoram,,,,23.799166,93.132919,,,,uploaded landslide_report.pdf
22232,MZ/MAM/84A05/2020/4,Mizoram,,,,23.8,92.5,,,,uploaded landslide_report.pdf
22233,MZ/CHA/84E01/2017/32,Mizoram,,,,23.800556,93.15889,,,,uploaded landslide_report.pdf
22234,MZ/CHA/84E01/2017/1,Mizoram,,,,23.801001,93.166359,,,,uploaded landslide_report.pdf
22235,MZ/CHA/84E01/2017/28,Mizoram,,,,28.0,93.168762,,,,uploaded landslide_report.pdf
22236,MZ/CHA/84E01/2017/8,Mizoram,,,,23.801399,93.168648,,,,uploaded landslide_report.pdf
22237,MIZ/AIZ/84A13/2016/135,Mizoram,,,,23.801624,92.960437,,,,uploaded landslide_report.pdf
22238,MIZ/MAM/84A09/2016/129,Mizoram,,,,23.802567,92.564045,,,,uploaded landslide_report.pdf
22239,MZ/CHA/84E01/2017/31,Mizoram,,,,23.803055,93.160164,,,,uploaded landslide_report.pdf
22240,MZ/CHA/84E01/2017/25,Mizoram,,,,25.0,93.159225,,,,uploaded landslide_report.pdf
22241,MZ/CHA/84E01/2017/26,Mizoram,,,,26.0,93.159164,,,,uploaded landslide_report.pdf
22242,MZ/AIZ/84E01/2017/52,Mizoram,,,,23.804193,93.035248,,,,uploaded landslide_report.pdf
22243,MIZ/AIZ/84A09/2016/97,Mizoram,,,,23.805313,92.592663,,,,uploaded landslide_report.pdf
22244,MZ/AIZ/84E01/2017/105,Mizoram,,,,23.805779,93.027115,,,,uploaded landslide_report.pdf
22245,MZ/AIZ/84E01/2017/64,Mizoram,,,,23.808111,93.041779,,,,uploaded landslide_report.pdf
22246,MIZ/AIZ/84A09/2016/95,Mizoram,,,,23.808528,92.595222,,,,uploaded landslide_report.pdf
22247,MZ/MAM/84A05/2020/5,Mizoram,,,,23.81,92.5,,,,uploaded landslide_report.pdf
22248,MIZ/AIZ/84A13/2016/41,Mizoram,,,,23.810083,92.833861,,,,uploaded landslide_report.pdf
22249,MZ/CHA/84E05/2017/1,Mizoram,,,,23.810806,93.379028,,,,uploaded landslide_report.pdf
22250,MIZ/AIZ/84A13/2016/134,Mizoram,,,,23.811722,92.959917,,,,uploaded landslide_report.pdf
22251,MIZ/MAM/84A09/2016/123,Mizoram,,,,23.811938,92.570804,,,,uploaded landslide_report.pdf
22252,MIZ/AIZ/84A13/2016/133,Mizoram,,,,23.812139,92.954167,,,,uploaded landslide_report.pdf
22253,MIZ/AIZ/84A13/2016/40,Mizoram,,,,23.812167,92.835194,,,,uploaded landslide_report.pdf
22254,MIZ/AIZ/84A13/2016/27,Mizoram,,,,27.0,92.84,,,,uploaded landslide_report.pdf
22255,MIZ/AIZ/84A09/2016/84,Mizoram,,,,23.816611,92.662306,,,,uploaded landslide_report.pdf
22256,MIZ/AIZ/84A09/2016/83,Mizoram,,,,23.817333,92.661222,,,,uploaded landslide_report.pdf
22257,MIZ/AIZ/84A13/2016/36,Mizoram,,,,23.819269,92.826983,,,,uploaded landslide_report.pdf
22258,MIZ/AIZ/84A13/2016/35,Mizoram,,,,27.0,92.826983,,,,uploaded landslide_report.pdf
22259,MIZ/MAM/84A09/2016/125,Mizoram,,,,23.821894,92.569325,,,,uploaded landslide_report.pdf
22260,MIZ/AIZ/84A13/2016/37,Mizoram,,,,27.3,92.826453,,,,uploaded landslide_report.pdf
22261,MIZ/AIZ/84A13/2016/38,Mizoram,,,,23.822086,92.826497,,,,uploaded landslide_report.pdf
22262,MIZ/AIZ/84A09/2016/124,Mizoram,,,,23.823222,92.674861,,,,uploaded landslide_report.pdf
22263,MIZ/AIZ/84A13/2016/131,Mizoram,,,,23.82325,92.925222,,,,uploaded landslide_report.pdf
22264,MIZ/AIZ/84A13/2016/39,Mizoram,,,,23.824586,92.825019,,,,uploaded landslide_report.pdf
22265,MIZ/AIZ/84A13/2016/34,Mizoram,,,,25.8,92.830469,,,,uploaded landslide_report.pdf
22266,MIZ/AIZ/84A09/2016/94,Mizoram,,,,23.826694,92.603833,,,,uploaded landslide_report.pdf
22267,MZ/CHA/84E05/2017/20,Mizoram,,,,20.0,93.301888,,,,uploaded landslide_report.pdf
22268,MZ/CHA/84E05/2017/4,Mizoram,,,,23.832916,93.301888,,,,uploaded landslide_report.pdf
22269,MZ/CHA/84E05/2017/15,Mizoram,,,,23.833166,93.305275,,,,uploaded landslide_report.pdf
22270,MIZ/MAM/84A09/2016/134,Mizoram,,,,23.833698,92.650724,,,,uploaded landslide_report.pdf
22271,MZ/AIZ/84E01/2017/89,Mizoram,,,,23.835361,93.052414,,,,uploaded landslide_report.pdf
22272,MZ/CHA/84E05/2017/6,Mizoram,,,,23.836056,93.37664,,,,uploaded landslide_report.pdf
22273,MIZ/AIZ/84A13/2016/130,Mizoram,,,,23.83675,92.916556,,,,uploaded landslide_report.pdf
22274,MIZ/AIZ/84A13/2016/129,Mizoram,,,,23.839417,92.910972,,,,uploaded landslide_report.pdf
22275,MZ/MAM/84A05/2020/12,Mizoram,,,,23.84,92.37,,,,uploaded landslide_report.pdf
22276,MZ/AIZ/84E01/2017/54,Mizoram,,,,23.840334,93.071945,,,,uploaded landslide_report.pdf
22277,MIZ/AIZ/84A13/2016/128,Mizoram,,,,23.841713,92.911476,,,,uploaded landslide_report.pdf
22278,MZ/CHA/84E05/2017/8,Mizoram,,,,23.842167,93.373917,,,,uploaded landslide_report.pdf
22279,MIZ/AIZ/84A13/2016/4,Mizoram,,,,23.844109,92.928779,,,,uploaded landslide_report.pdf
22280,MIZ/AIZ/84A13/2016/6,Mizoram,,,,23.844139,92.933,,,,uploaded landslide_report.pdf
22281,MIZ/AIZ/84A13/2016/5,Mizoram,,,,23.844165,92.930006,,,,uploaded landslide_report.pdf
22282,MZ/AIZ/84E01/2017/100,Mizoram,,,,23.844444,93.051361,,,,uploaded landslide_report.pdf
22283,MZ/CHA/84E01/2017/21,Mizoram,,,,21.0,93.190277,,,,uploaded landslide_report.pdf
22284,MZ/CHA/84E05/2017/7,Mizoram,,,,23.846056,93.371971,,,,uploaded landslide_report.pdf
22285,MIZ/AIZ/84A09/2016/85,Mizoram,,,,23.846786,92.655892,,,,uploaded landslide_report.pdf
22286,MIZ/AIZ/84A13/2016/2,Mizoram,,,,23.847224,92.927508,,,,uploaded landslide_report.pdf
22287,MIZ/AIZ/84A13/2016/3,Mizoram,,,,23.847246,92.927341,,,,uploaded landslide_report.pdf
22288,MZ/AIZ/84E01/2017/60,Mizoram,,,,23.848,93.041885,,,,uploaded landslide_report.pdf
22289,MZ/AIZ/84E01/2017/82,Mizoram,,,,23.848083,93.076691,,,,uploaded landslide_report.pdf
22290,MZ/AIZ/84E01/2017/79,Mizoram,,,,23.848917,93.135307,,,,uploaded landslide_report.pdf
22291,MIZ/AIZ/84A13/2016/1,Mizoram,,,,23.849497,92.928202,,,,uploaded landslide_report.pdf
22292,MZ/AIZ/84E01/2017/81,Mizoram,,,,23.85,93.048164,,,,uploaded landslide_report.pdf
22293,MZ/MAM/84A05/2020/13,Mizoram,,,,23.85,92.33,,,,uploaded landslide_report.pdf
22294,MZ/AIZ/84E01/2017/85,Mizoram,,,,23.85075,93.115608,,,,uploaded landslide_report.pdf
22295,MIZ/AIZ/84A09/2016/51,Mizoram,,,,23.850861,92.743083,,,,uploaded landslide_report.pdf
22296,MIZ/AIZ/84A09/2016/49,Mizoram,,,,23.851361,92.742222,,,,uploaded landslide_report.pdf
22297,MZ/CHA/84E01/2017/16,Mizoram,,,,23.851723,93.186775,,,,uploaded landslide_report.pdf
22298,MIZ/AIZ/84A09/2016/52,Mizoram,,,,23.852722,92.743306,,,,uploaded landslide_report.pdf
22299,MZ/AIZ/84E01/2017/61,Mizoram,,,,23.852861,93.059998,,,,uploaded landslide_report.pdf
22300,MZ/AIZ/84E01/2017/67,Mizoram,,,,23.0,93.12458,,,,uploaded landslide_report.pdf
22301,MZ/AIZ/84E01/2017/99,Mizoram,,,,23.855028,93.041695,,,,uploaded landslide_report.pdf
22302,MIZ/AIZ/84A09/2016/125,Mizoram,,,,23.855092,92.666553,,,,uploaded landslide_report.pdf
22303,MIZ/AIZ/84A09/2016/86,Mizoram,,,,23.855535,92.648953,,,,uploaded landslide_report.pdf
22304,MIZ/AIZ/84A13/2016/33,Mizoram,,,,23.856821,92.833784,,,,uploaded landslide_report.pdf
22305,MIZ/AIZ/84A09/2016/50,Mizoram,,,,23.856861,92.743028,,,,uploaded landslide_report.pdf
22306,MZ/AIZ/84E01/2017/70,Mizoram,,,,23.856972,93.046112,,,,uploaded landslide_report.pdf
22307,MIZ/AIZ/84A09/2016/91,Mizoram,,,,23.857278,92.646222,,,,uploaded landslide_report.pdf
22308,MIZ/AIZ/84A13/2016/126,Mizoram,,,,23.859417,92.917333,,,,uploaded landslide_report.pdf
22309,MZ/MAM/84A05/2020/14,Mizoram,,,,23.86,92.35,,,,uploaded landslide_report.pdf
22310,MZ/MAM/84A05/2020/15,Mizoram,,,,23.86,92.37,,,,uploaded landslide_report.pdf
22311,MIZ/AIZ/84A13/2016/32,Mizoram,,,,23.860102,92.834056,,,,uploaded landslide_report.pdf
22312,MZ/CHA/84E01/2017/47,Mizoram,,,,23.860167,93.194778,,,,uploaded landslide_report.pdf
22313,MZ/CHA/84E01/2017/2,Mizoram,,,,23.860361,93.203804,,,,uploaded landslide_report.pdf
22314,MZ/CHA/84E01/2017/3,Mizoram,,,,23.860361,93.203804,,,,uploaded landslide_report.pdf
22315,MZ/CHA/84E05/2017/14,Mizoram,,,,23.861805,93.364944,,,,uploaded landslide_report.pdf
22316,MZ/CHA/84E01/2017/29,Mizoram,,,,29.0,93.204025,,,,uploaded landslide_report.pdf
22317,MZ/CHA/84E01/2017/20,Mizoram,,,,20.0,93.201279,,,,uploaded landslide_report.pdf
22318,MIZ/AIZ/84A13/2016/127,Mizoram,,,,23.865694,92.932639,,,,uploaded landslide_report.pdf
22319,MZ/CHA/84E01/2017/41,Mizoram,,,,23.866138,93.222809,,,,uploaded landslide_report.pdf
22320,MZ/CHA/84E01/2017/13,Mizoram,,,,23.867277,93.205643,,,,uploaded landslide_report.pdf
22321,MZ/CHA/84E01/2017/42,Mizoram,,,,23.868279,93.222557,,,,uploaded landslide_report.pdf
22322,MIZ/AIZ/84A09/2016/53,Mizoram,,,,23.868917,92.735472,,,,uploaded landslide_report.pdf
22323,MIZ/AIZ/84A13/2016/15,Mizoram,,,,23.869861,92.877444,,,,uploaded landslide_report.pdf
22324,MZ/MAM/84A05/2020/6,Mizoram,,,,23.87,92.5,,,,uploaded landslide_report.pdf
22325,MZ/CHA/84E01/2017/17,Mizoram,,,,23.870445,93.208611,,,,uploaded landslide_report.pdf
22326,MZ/CHA/84E05/2017/9,Mizoram,,,,23.870445,93.353859,,,,uploaded landslide_report.pdf
22327,MZ/CHA/84E01/2017/49,Mizoram,,,,23.870567,93.215149,,,,uploaded landslide_report.pdf
22328,MZ/AIZ/84E01/2017/90,Mizoram,,,,23.870583,93.095444,,,,uploaded landslide_report.pdf
22329,MZ/AIZ/84E01/2017/65,Mizoram,,,,23.87075,93.078529,,,,uploaded landslide_report.pdf
22330,MIZ/AIZ/84A13/2016/7,Mizoram,,,,23.871694,92.919955,,,,uploaded landslide_report.pdf
22331,MZ/AIZ/84E01/2017/96,Mizoram,,,,23.872055,93.094276,,,,uploaded landslide_report.pdf
22332,MZ/CHA/84E05/2017/17,Mizoram,,,,23.87211,93.335999,,,,uploaded landslide_report.pdf
22333,MIZ/AIZ/84A13/2016/16,Mizoram,,,,23.872722,92.874083,,,,uploaded landslide_report.pdf
22334,MZ/CHA/84E01/2017/11,Mizoram,,,,23.874056,93.244469,,,,uploaded landslide_report.pdf
22335,MZ/CHA/84E01/2017/44,Mizoram,,,,23.875174,93.21302,,,,uploaded landslide_report.pdf
22336,MZ/CHA/84E05/2017/2,Mizoram,,,,23.876139,93.260445,,,,uploaded landslide_report.pdf
22337,MZ/CHA/84E05/2017/11,Mizoram,,,,23.877806,93.267609,,,,uploaded landslide_report.pdf
22338,MIZ/AIZ/84A09/2016/92,Mizoram,,,,23.88,92.69,,,,uploaded landslide_report.pdf
22339,MZ/MAM/84A05/2020/7,Mizoram,,,,23.88,92.5,,,,uploaded landslide_report.pdf
22340,MZ/CHA/84E01/2017/39,Mizoram,,,,23.881056,93.245804,,,,uploaded landslide_report.pdf
22341,MZ/CHA/84E05/2017/23,Mizoram,,,,23.0,93.257027,,,,uploaded landslide_report.pdf
22342,MZ/CHA/84E01/2017/40,Mizoram,,,,23.88139,93.243027,,,,uploaded landslide_report.pdf
22343,MZ/CHA/84E01/2017/4,Mizoram,,,,23.881639,93.234642,,,,uploaded landslide_report.pdf
22344,MZ/CHA/84E05/2017/24,Mizoram,,,,24.0,93.250969,,,,uploaded landslide_report.pdf
22345,MZ/AIZ/84E01/2017/57,Mizoram,,,,23.882055,93.041222,,,,uploaded landslide_report.pdf
22346,MZ/CHA/84E01/2017/23,Mizoram,,,,23.0,93.248947,,,,uploaded landslide_report.pdf
22347,MIZ/AIZ/84A13/2016/22,Mizoram,,,,22.0,92.877639,,,,uploaded landslide_report.pdf
22348,MIZ/AIZ/84A13/2016/23,Mizoram,,,,23.0,92.869,,,,uploaded landslide_report.pdf
22349,MIZ/AIZ/84A13/2016/25,Mizoram,,,,25.0,92.861917,,,,uploaded landslide_report.pdf
22350,MIZ/AIZ/84A13/2016/24,Mizoram,,,,24.0,92.866778,,,,uploaded landslide_report.pdf
22351,MIZ/AIZ/84A13/2016/21,Mizoram,,,,21.0,92.880528,,,,uploaded landslide_report.pdf
22352,MZ/CHA/84E01/2017/38,Mizoram,,,,23.883944,93.247528,,,,uploaded landslide_report.pdf
22353,MZ/CHA/84E01/2017/36,Mizoram,,,,23.884083,93.209908,,,,uploaded landslide_report.pdf
22354,MZ/CHA/84E01/2017/6,Mizoram,,,,23.885195,93.202332,,,,uploaded landslide_report.pdf
22355,MZ/CHA/84E01/2017/48,Mizoram,,,,23.885279,93.207726,,,,uploaded landslide_report.pdf
22356,MIZ/AIZ/84A13/2016/26,Mizoram,,,,26.0,92.857861,,,,uploaded landslide_report.pdf
22357,MZ/CHA/84E01/2017/33,Mizoram,,,,23.886723,93.200279,,,,uploaded landslide_report.pdf
22358,MZ/AIZ/84E01/2017/93,Mizoram,,,,23.887251,93.095612,,,,uploaded landslide_report.pdf
22359,MIZ/AIZ/84A13/2016/30,Mizoram,,,,30.0,92.851111,,,,uploaded landslide_report.pdf
22360,MZ/AIZ/84E01/2017/66,Mizoram,,,,23.888081,93.026642,,,,uploaded landslide_report.pdf
22361,MZ/AIZ/84E01/2017/83,Mizoram,,,,23.888945,93.033974,,,,uploaded landslide_report.pdf
22362,MIZ/AIZ/84A09/2016/55,Mizoram,,,,23.889306,92.736528,,,,uploaded landslide_report.pdf
22363,MZ/CHA/84E05/2017/13,Mizoram,,,,23.890694,93.275024,,,,uploaded landslide_report.pdf
22364,MIZ/AIZ/84A13/2016/28,Mizoram,,,,28.0,92.84925,,,,uploaded landslide_report.pdf
22365,MIZ/AIZ/84A13/2016/29,Mizoram,,,,29.0,92.84925,,,,uploaded landslide_report.pdf
22366,MZ/AIZ/84E01/2017/69,Mizoram,,,,23.894444,93.019279,,,,uploaded landslide_report.pdf
22367,MZ/AIZ/84A09/2014/06,Mizoram,,,,23.8985,92.64739,,,,uploaded landslide_report.pdf
22368,MZ/AIZ/84E01/2017/107,Mizoram,,,,23.899305,93.015587,,,,uploaded landslide_report.pdf
22369,MZ/MAM/84A05/2020/3,Mizoram,,,,23.9,92.39,,,,uploaded landslide_report.pdf
22370,MZ/AIZ/84E01/2017/62,Mizoram,,,,23.900694,93.015587,,,,uploaded landslide_report.pdf
22371,MZ/CHA/84E05/2017/12,Mizoram,,,,23.901638,93.278641,,,,uploaded landslide_report.pdf
22372,MIZ/AIZ/84A13/2016/8,Mizoram,,,,23.902111,92.922556,,,,uploaded landslide_report.pdf
22373,MZ/CHA/84E01/2017/46,Mizoram,,,,23.905027,93.185776,,,,uploaded landslide_report.pdf
22374,MZ/AIZ/84E01/2017/91,Mizoram,,,,23.907555,93.015114,,,,uploaded landslide_report.pdf
22375,MZ/CHA/84E01/2017/35,Mizoram,,,,23.908806,93.177391,,,,uploaded landslide_report.pdf
22376,MZ/CHA/84E01/2017/9,Mizoram,,,,23.908806,93.180832,,,,uploaded landslide_report.pdf
22377,MZ/AIZ/84E01/2017/80,Mizoram,,,,23.909111,93.02375,,,,uploaded landslide_report.pdf
22378,MZ/MAM/84A05/2020/1,Mizoram,,,,23.91,92.45,,,,uploaded landslide_report.pdf
22379,MZ/CHA/84E01/2017/34,Mizoram,,,,23.91011,93.177193,,,,uploaded landslide_report.pdf
22380,MZ/AIZ/84E01/2017/88,Mizoram,,,,23.913445,93.023941,,,,uploaded landslide_report.pdf
22381,MZ/CHA/84E01/2017/24,Mizoram,,,,24.0,93.178864,,,,uploaded landslide_report.pdf
22382,MIZ/AIZ/84A09/2016/120,Mizoram,,,,23.915778,92.742417,,,,uploaded landslide_report.pdf
22383,MIZ/AIZ/84A13/2016/14,Mizoram,,,,23.918389,92.923472,,,,uploaded landslide_report.pdf
22384,MIZ/AIZ/84A09/2016/121,Mizoram,,,,23.918461,92.741531,,,,uploaded landslide_report.pdf
22385,MIZ/AIZ/84A09/2016/54,Mizoram,,,,23.918694,92.740389,,,,uploaded landslide_report.pdf
22386,MIZ/AIZ/84A09/2016/105,Mizoram,,,,23.918917,92.650833,,,,uploaded landslide_report.pdf
22387,MIZ/AIZ/84A09/2016/56,Mizoram,,,,23.922639,92.736528,,,,uploaded landslide_report.pdf
22388,MZ/AIZ/84A09/2014/07,Mizoram,,,,23.92294,92.65703,,,,uploaded landslide_report.pdf
22389,MIZ/AIZ/84A09/2016/87,Mizoram,,,,23.923047,92.656696,,,,uploaded landslide_report.pdf
22390,MIZ/AIZ/84A13/2016/9,Mizoram,,,,23.92425,92.925222,,,,uploaded landslide_report.pdf
22391,MIZ/AIZ/84A09/2016/122,Mizoram,,,,23.924278,92.744806,,,,uploaded landslide_report.pdf
22392,MZ/AIZ/84E01/2017/77,Mizoram,,,,23.927389,93.02803,,,,uploaded landslide_report.pdf
22393,MZ/AIZ/84E01/2017/78,Mizoram,,,,23.927389,93.02803,,,,uploaded landslide_report.pdf
22394,MIZ/AIZ/84A13/2016/10,Mizoram,,,,23.929083,92.922778,,,,uploaded landslide_report.pdf
22395,MZ/MAM/84A05/2020/2,Mizoram,,,,23.93,92.37,,,,uploaded landslide_report.pdf
22396,MIZ/AIZ/84A09/2016/88,Mizoram,,,,23.933904,92.673871,,,,uploaded landslide_report.pdf
22397,MIZ/AIZ/84A09/2016/57,Mizoram,,,,23.934222,92.730611,,,,uploaded landslide_report.pdf
22398,MIZ/AIZ/84A09/2016/106,Mizoram,,,,23.934417,92.667222,,,,uploaded landslide_report.pdf
22399,MZ/CHA/84E05/2017/21,Mizoram,,,,21.0,93.345642,,,,uploaded landslide_report.pdf
22400,MZ/CHA/84E05/2017/22,Mizoram,,,,22.0,93.345642,,,,uploaded landslide_report.pdf
22401,MZ/AIZ/84E01/2017/72,Mizoram,,,,23.936333,93.118858,,,,uploaded landslide_report.pdf
22402,MZ/CHA/84E05/2017/10,Mizoram,,,,23.936806,93.340668,,,,uploaded landslide_report.pdf
22403,MZ/AIZ/84E01/2017/73,Mizoram,,,,23.938028,93.121277,,,,uploaded landslide_report.pdf
22404,MZ/CHA/84E01/2017/43,Mizoram,,,,23.938583,93.213997,,,,uploaded landslide_report.pdf
22405,MZ/CHA/84E01/2017/22,Mizoram,,,,22.0,93.214195,,,,uploaded landslide_report.pdf
22406,MIZ/AIZ/84A13/2016/11,Mizoram,,,,23.9395,92.927889,,,,uploaded landslide_report.pdf
22407,MZ/MAM/84A05/2020/8,Mizoram,,,,23.94,92.37,,,,uploaded landslide_report.pdf
22408,MIZ/AIZ/84A09/2016/89,Mizoram,,,,23.940106,92.680592,,,,uploaded landslide_report.pdf
22409,MIZ/AIZ/84A09/2016/107,Mizoram,,,,23.940333,92.680833,,,,uploaded landslide_report.pdf
22410,MZ/CHA/84E01/2017/10,Mizoram,,,,23.942722,93.213531,,,,uploaded landslide_report.pdf
22411,MIZ/AIZ/84A13/2016/12,Mizoram,,,,23.943241,92.933604,,,,uploaded landslide_report.pdf
22412,MZ/AZL/84A13/2016/03,Mizoram,,,,23.94325,92.933611,,,,uploaded landslide_report.pdf
22413,MZ/CHA/84E05/2017/28,Mizoram,,,,28.0,93.313698,,,,uploaded landslide_report.pdf
22414,MZ/AIZ/84E01/2017/95,Mizoram,,,,23.948917,93.038719,,,,uploaded landslide_report.pdf
22415,MZ/MAM/84A05/2020/10,Mizoram,,,,23.95,92.37,,,,uploaded landslide_report.pdf
22416,MZ/AIZ/84E01/2017/108,Mizoram,,,,23.950195,93.125061,,,,uploaded landslide_report.pdf
22417,MZ/CHA/84E01/2017/19,Mizoram,,,,23.950277,93.217056,,,,uploaded landslide_report.pdf
22418,MZ/AIZ/84E01/2017/86,Mizoram,,,,23.950417,93.037109,,,,uploaded landslide_report.pdf
22419,MZ/AIZ/84E01/2017/68,Mizoram,,,,23.956528,93.041084,,,,uploaded landslide_report.pdf
22420,MZ/AIZ/84E01/2017/98,Mizoram,,,,23.957556,93.026558,,,,uploaded landslide_report.pdf
22421,MZ/AIZ/84E01/2017/87,Mizoram,,,,23.958944,93.022781,,,,uploaded landslide_report.pdf
22422,MZ/AIZ/84E01/2017/102,Mizoram,,,,23.958944,93.022781,,,,uploaded landslide_report.pdf
22423,MZ/AIZ/84E01/2017/63,Mizoram,,,,23.959278,93.020859,,,,uploaded landslide_report.pdf
22424,MZ/AIZ/84E01/2017/109,Mizoram,,,,23.959278,93.123558,,,,uploaded landslide_report.pdf
22425,MIZ/AIZ/84A13/2016/132,Mizoram,,,,23.95942,92.943345,,,,uploaded landslide_report.pdf
22426,MZ/AIZ/84E01/2017/103,Mizoram,,,,23.961,93.028969,,,,uploaded landslide_report.pdf
22427,MZ/AIZ/84E01/2017/110,Mizoram,,,,23.962278,93.035309,,,,uploaded landslide_report.pdf
22428,MIZ/AIZ/84A09/2016/108,Mizoram,,,,23.965889,92.682278,,,,uploaded landslide_report.pdf
22429,MZ/AIZ/84E01/2017/76,Mizoram,,,,23.966249,93.041115,,,,uploaded landslide_report.pdf
22430,MZ/AIZ/84E01/2017/97,Mizoram,,,,23.966249,93.041115,,,,uploaded landslide_report.pdf
22431,MZ/AIZ/84E01/2017/50,Mizoram,,,,23.966917,93.041473,,,,uploaded landslide_report.pdf
22432,MZ/AIZ/84E01/2017/58,Mizoram,,,,23.969223,93.016335,,,,uploaded landslide_report.pdf
22433,MIZ/AIZ/84A13/2016/13,Mizoram,,,,23.970444,92.927167,,,,uploaded landslide_report.pdf
22434,MIZ/AIZ/84A09/2016/109,Mizoram,,,,23.971078,92.682781,,,,uploaded landslide_report.pdf
22435,MZ/AIZ/84E01/2017/92,Mizoram,,,,23.972027,93.014893,,,,uploaded landslide_report.pdf
22436,MIZ/AIZ/84A09/2016/110,Mizoram,,,,23.972222,92.68325,,,,uploaded landslide_report.pdf
22437,MIZ/AIZ/84A09/2016/112,Mizoram,,,,23.973513,92.6839,,,,uploaded landslide_report.pdf
22438,MIZ/AIZ/84A09/2016/111,Mizoram,,,,23.973684,92.683868,,,,uploaded landslide_report.pdf
22439,MIZ/AIZ/84A09/2016/113,Mizoram,,,,23.976412,92.683312,,,,uploaded landslide_report.pdf
22440,MIZ/AIZ/84A09/2016/114,Mizoram,,,,23.979472,92.684139,,,,uploaded landslide_report.pdf
22441,MZ/CHA/84E05/2017/3,Mizoram,,,,23.980749,93.28653,,,,uploaded landslide_report.pdf
22442,MZ/CHA/84E05/2017/19,Mizoram,,,,23.981083,93.287392,,,,uploaded landslide_report.pdf
22443,MIZ/AIZ/84A09/2016/59,Mizoram,,,,23.982,92.718028,,,,uploaded landslide_report.pdf
22444,MZ/AIZ/84E01/2017/59,Mizoram,,,,23.982639,93.011055,,,,uploaded landslide_report.pdf
22445,MIZ/AIZ/84A09/2016/115,Mizoram,,,,23.983667,92.683333,,,,uploaded landslide_report.pdf
22446,MZ/AIZ/84E01/2017/106,Mizoram,,,,23.983694,93.044418,,,,uploaded landslide_report.pdf
22447,MIZ/AIZ/84A09/2016/123,Mizoram,,,,23.984972,92.772028,,,,uploaded landslide_report.pdf
22448,MIZ/AIZ/84A09/2016/116,Mizoram,,,,23.986109,92.681581,,,,uploaded landslide_report.pdf
22449,MIZ/AIZ/84A09/2016/60,Mizoram,,,,23.9865,92.709806,,,,uploaded landslide_report.pdf
22450,MZ/AIZ/84E01/2017/71,Mizoram,,,,23.990028,93.010582,,,,uploaded landslide_report.pdf
22451,MIZ/AIZ/84A09/2016/117,Mizoram,,,,23.99016,92.68075,,,,uploaded landslide_report.pdf
22452,MZ/AIZ/84E01/2017/111,Mizoram,,,,23.992805,93.043251,,,,uploaded landslide_report.pdf
22453,MZ/AIZ/84E01/2017/56,Mizoram,,,,23.993778,93.004524,,,,uploaded landslide_report.pdf
22454,MIZ/AIZ/84A09/2016/118,Mizoram,,,,23.997222,92.681722,,,,uploaded landslide_report.pdf
22455,MZ/CHA/84E05/2017/18,Mizoram,,,,23.999111,93.285309,,,,uploaded landslide_report.pdf
22456,MZ/CHA/83H08/2017/1,Mizoram,,,,24.000334,93.300278,,,,uploaded landslide_report.pdf
22457,MZ/AIZ/83H04/2017/4,Mizoram,,,,24.001167,93.037613,,,,uploaded landslide_report.pdf
22458,MZ/CHA/83H08/2017/2,Mizoram,,,,24.003889,93.323502,,,,uploaded landslide_report.pdf
22459,MZ/AIZ/83D16/2016/102,Mizoram,,,,24.004186,92.904111,,,,uploaded landslide_report.pdf
22460,MZ/AIZ/83D16/2016/101,Mizoram,,,,24.004313,92.904068,,,,uploaded landslide_report.pdf
22461,MZ/KOL/83D12/2016/8,Mizoram,,,,24.004867,92.677265,,,,uploaded landslide_report.pdf
22462,MIZ/AIZ/84A09/2016/119,Mizoram,,,,24.005278,92.677083,,,,uploaded landslide_report.pdf
22463,MZ/AIZ/83D16/2016/36,Mizoram,,,,24.00977,92.767346,,,,uploaded landslide_report.pdf
22464,MZ/AIZ/83D16/2016/35,Mizoram,,,,24.010279,92.767056,,,,uploaded landslide_report.pdf
22465,MZ/AIZ/83H04/2017/15,Mizoram,,,,24.012472,93.047249,,,,uploaded landslide_report.pdf
22466,MZ/AIZ/83D16/2016/100,Mizoram,,,,24.013044,92.920237,,,,uploaded landslide_report.pdf
22467,MZ/AIZ/83D16/2016/99,Mizoram,,,,24.014332,92.924018,,,,uploaded landslide_report.pdf
22468,MZ/AIZ/83D16/2016/72,Mizoram,,,,24.015858,92.797666,,,,uploaded landslide_report.pdf
22469,MZ/AIZ/83H04/2017/8,Mizoram,,,,24.019306,93.181274,,,,uploaded landslide_report.pdf
22470,MZ/CHA/83H04/2017/7,Mizoram,,,,24.02025,93.243973,,,,uploaded landslide_report.pdf
22471,MZ/KOL/83D12/2016/10,Mizoram,,,,24.021514,92.673778,,,,uploaded landslide_report.pdf
22472,MZ/AIZ/83D16/2016/37,Mizoram,,,,24.022079,92.771729,,,,uploaded landslide_report.pdf
22473,MZ/AIZ/83D16/2016/38,Mizoram,,,,24.022188,92.771891,,,,uploaded landslide_report.pdf
22474,MZ/AIZ/83D16/2016/39,Mizoram,,,,24.022347,92.772075,,,,uploaded landslide_report.pdf
22475,MZ/AIZ/83D16/2016/40,Mizoram,,,,24.022376,92.77308,,,,uploaded landslide_report.pdf
22476,MZ/CHA/83H04/2017/5,Mizoram,,,,24.023861,93.248192,,,,uploaded landslide_report.pdf
22477,MZ/CHA/83H04/2017/1,Mizoram,,,,24.023916,93.194336,,,,uploaded landslide_report.pdf
22478,MZ/CHA/83H04/2017/12,Mizoram,,,,24.023945,93.195663,,,,uploaded landslide_report.pdf
22479,MZ/AIZ/83D16/2016/41,Mizoram,,,,24.024289,92.771361,,,,uploaded landslide_report.pdf
22480,MZ/AIZ/83D16/2016/98,Mizoram,,,,24.024826,92.888859,,,,uploaded landslide_report.pdf
22481,MZ/AIZ/83D16/2016/69,Mizoram,,,,24.025094,92.769158,,,,uploaded landslide_report.pdf
22482,MZ/AIZ/83D16/2016/93,Mizoram,,,,24.025487,92.907485,,,,uploaded landslide_report.pdf
22483,MZ/AIZ/83D16/2016/76,Mizoram,,,,24.025506,92.915628,,,,uploaded landslide_report.pdf
22484,MZ/KOL/83D12/2016/15,Mizoram,,,,24.025542,92.91546,,,,uploaded landslide_report.pdf
22485,MZ/AIZ/83D16/2016/75,Mizoram,,,,24.025676,92.914807,,,,uploaded landslide_report.pdf
22486,MZ/CHA/83H04/2017/6,Mizoram,,,,24.026138,93.240166,,,,uploaded landslide_report.pdf
22487,MZ/AIZ/83D16/2016/74,Mizoram,,,,24.026556,92.911915,,,,uploaded landslide_report.pdf
22488,MZ/AIZ/83D16/2016/73,Mizoram,,,,24.028721,92.909301,,,,uploaded landslide_report.pdf
22489,MZ/KOL/83D12/2016/13,Mizoram,,,,24.030186,92.673377,,,,uploaded landslide_report.pdf
22490,MZ/AIZ/83D16/2016/97,Mizoram,,,,24.030416,92.901491,,,,uploaded landslide_report.pdf
22491,MZ/KOL/83D12/2016/9,Mizoram,,,,24.030588,92.668422,,,,uploaded landslide_report.pdf
22492,MZ/AIZ/83D16/2016/71,Mizoram,,,,24.030793,92.793313,,,,uploaded landslide_report.pdf
22493,MZ/KOL/83D12/2016/12,Mizoram,,,,24.033563,92.674267,,,,uploaded landslide_report.pdf
22494,MZ/AIZ/83D16/2016/42,Mizoram,,,,24.036336,92.770846,,,,uploaded landslide_report.pdf
22495,MZ/AIZ/83D16/2016/43,Mizoram,,,,24.036893,92.771278,,,,uploaded landslide_report.pdf
22496,MZ/AIZ/83D16/2016/77,Mizoram,,,,24.037336,92.922455,,,,uploaded landslide_report.pdf
22497,MZ/KOL/83D12/2016/14,Mizoram,,,,24.037395,92.922461,,,,uploaded landslide_report.pdf
22498,MZ/AIZ/83D16/2016/78,Mizoram,,,,24.037574,92.922489,,,,uploaded landslide_report.pdf
22499,MZ/AIZ/83H04/2017/10,Mizoram,,,,24.038279,93.140945,,,,uploaded landslide_report.pdf
22500,MZ/AIZ/83D16/2016/70,Mizoram,,,,24.039744,92.780045,,,,uploaded landslide_report.pdf
22501,MZ/CHA/83H04/2017/2,Mizoram,,,,24.039833,93.232864,,,,uploaded landslide_report.pdf
22502,MZ/AIZ/83D16/2016/45,Mizoram,,,,24.040703,92.774277,,,,uploaded landslide_report.pdf
22503,MZ/AIZ/83D16/2016/44,Mizoram,,,,24.040967,92.774357,,,,uploaded landslide_report.pdf
22504,MZ/AIZ/83H04/2017/9,Mizoram,,,,24.040972,93.078697,,,,uploaded landslide_report.pdf
22505,MZ/AIZ/83D16/2016/67,Mizoram,,,,24.043187,92.77542,,,,uploaded landslide_report.pdf
22506,MZ/AIZ/83H04/2017/13,Mizoram,,,,24.043417,93.066307,,,,uploaded landslide_report.pdf
22507,MZ/AIZ/83D16/2016/68,Mizoram,,,,24.043492,92.775423,,,,uploaded landslide_report.pdf
22508,MZ/AIZ/83D16/2016/66,Mizoram,,,,24.045278,92.775169,,,,uploaded landslide_report.pdf
22509,MZ/AIZ/83H04/2017/14,Mizoram,,,,24.046499,93.04422,,,,uploaded landslide_report.pdf
22510,MZ/AIZ/83H04/2017/11,Mizoram,,,,24.047916,93.056946,,,,uploaded landslide_report.pdf
22511,MZ/AIZ/83H04/2017/3,Mizoram,,,,24.048695,93.061638,,,,uploaded landslide_report.pdf
22512,MZ/MAM/83D08/2020/2,Mizoram,,,,24.05,92.38,,,,uploaded landslide_report.pdf
22513,MZ/MAM/83D08/2020/3,Mizoram,,,,24.05,92.38,,,,uploaded landslide_report.pdf
22514,MZ/AIZ/83D16/2016/65,Mizoram,,,,24.050391,92.775525,,,,uploaded landslide_report.pdf
22515,MZ/AIZ/83D16/2016/64,Mizoram,,,,24.053275,92.77647,,,,uploaded landslide_report.pdf
22516,MZ/AIZ/83D16/2016/79,Mizoram,,,,24.056205,92.916817,,,,uploaded landslide_report.pdf
22517,MZ/MAM/83D08/2020/4,Mizoram,,,,24.06,92.39,,,,uploaded landslide_report.pdf
22518,MZ/AIZ/83D16/2016/80,Mizoram,,,,24.061004,92.925342,,,,uploaded landslide_report.pdf
22519,MZ/AIZ/83D16/2016/81,Mizoram,,,,24.062429,92.922576,,,,uploaded landslide_report.pdf
22520,MZ/AIZ/83D16/2016/96,Mizoram,,,,24.066822,92.893593,,,,uploaded landslide_report.pdf
22521,MZ/AIZ/83D16/2016/95,Mizoram,,,,24.067478,92.893471,,,,uploaded landslide_report.pdf
22522,MZ/AIZ/83D16/2016/94,Mizoram,,,,24.067576,92.893076,,,,uploaded landslide_report.pdf
22523,MZ/AIZ/83D16/2016/83,Mizoram,,,,24.069401,92.91857,,,,uploaded landslide_report.pdf
22524,MZ/AIZ/83D16/2016/84,Mizoram,,,,24.069728,92.918457,,,,uploaded landslide_report.pdf
22525,MZ/AIZ/83D16/2016/85,Mizoram,,,,24.069857,92.918457,,,,uploaded landslide_report.pdf
22526,MZ/AIZ/83D16/2016/63,Mizoram,,,,24.070285,92.787738,,,,uploaded landslide_report.pdf
22527,MZ/AIZ/83D16/2016/86,Mizoram,,,,24.07462,92.91518,,,,uploaded landslide_report.pdf
22528,MZ/AIZ/83D16/2016/62,Mizoram,,,,24.076035,92.790672,,,,uploaded landslide_report.pdf
22529,MZ/AIZ/83D16/2016/61,Mizoram,,,,24.077014,92.790809,,,,uploaded landslide_report.pdf
22530,MZ/AIZ/83D16/2016/87,Mizoram,,,,24.078041,92.914114,,,,uploaded landslide_report.pdf
22531,MZ/AIZ/83D16/2016/60,Mizoram,,,,24.07814,92.790905,,,,uploaded landslide_report.pdf
22532,MZ/AIZ/83D16/2016/59,Mizoram,,,,24.078422,92.792189,,,,uploaded landslide_report.pdf
22533,MZ/MAM/83D08/2020/9,Mizoram,,,,24.08,92.39,,,,uploaded landslide_report.pdf
22534,MZ/KOL/83D12/2020/6,Mizoram,,,,24.08,92.51,,,,uploaded landslide_report.pdf
22535,MZ/AIZ/83D16/2016/88,Mizoram,,,,24.080938,92.914167,,,,uploaded landslide_report.pdf
22536,MZ/AIZ/83D16/2016/58,Mizoram,,,,24.081381,92.793089,,,,uploaded landslide_report.pdf
22537,MZ/MAM/83D08/2020/5,Mizoram,,,,24.09,92.37,,,,uploaded landslide_report.pdf
22538,MZ/MAM/83D08/2020/6,Mizoram,,,,24.09,92.37,,,,uploaded landslide_report.pdf
22539,MZ/MAM/83D08/2020/7,Mizoram,,,,24.09,92.37,,,,uploaded landslide_report.pdf
22540,MZ/MAM/83D08/2020/10,Mizoram,,,,24.09,92.4,,,,uploaded landslide_report.pdf
22541,MZ/AIZ/83D16/2016/46,Mizoram,,,,24.091081,92.795582,,,,uploaded landslide_report.pdf
22542,MZ/AIZ/83D16/2016/47,Mizoram,,,,24.09109,92.795724,,,,uploaded landslide_report.pdf
22543,MZ/AIZ/83D16/2016/48,Mizoram,,,,24.09123,92.795928,,,,uploaded landslide_report.pdf
22544,MZ/AIZ/83D16/2016/49,Mizoram,,,,24.091359,92.796008,,,,uploaded landslide_report.pdf
22545,MZ/AIZ/83D16/2016/50,Mizoram,,,,24.091664,92.796134,,,,uploaded landslide_report.pdf
22546,MZ/AIZ/83D16/2016/52,Mizoram,,,,24.09176,92.803968,,,,uploaded landslide_report.pdf
22547,MZ/AIZ/83D16/2016/89,Mizoram,,,,24.094248,92.917745,,,,uploaded landslide_report.pdf
22548,MZ/AIZ/83D16/2016/92,Mizoram,,,,24.097858,92.918738,,,,uploaded landslide_report.pdf
22549,MZ/AIZ/83D16/2016/90,Mizoram,,,,24.099117,92.916676,,,,uploaded landslide_report.pdf
22550,MZ/MAM/83D08/2020/8,Mizoram,,,,24.1,92.37,,,,uploaded landslide_report.pdf
22551,MZ/MAM/83D08/2020/20,Mizoram,,,,20.0,92.42,,,,uploaded landslide_report.pdf
22552,MZ/KOL/83D12/2020/5,Mizoram,,,,24.1,92.51,,,,uploaded landslide_report.pdf
22553,MZ/AIZ/83D16/2016/91,Mizoram,,,,24.100401,92.915441,,,,uploaded landslide_report.pdf
22554,MZ/AIZ/83D16/2016/51,Mizoram,,,,24.102008,92.791628,,,,uploaded landslide_report.pdf
22555,MZ/AIZ/83D16/2016/29,Mizoram,,,,29.0,92.811355,,,,uploaded landslide_report.pdf
22556,MZ/MAM/83D08/2020/11,Mizoram,,,,24.11,92.39,,,,uploaded landslide_report.pdf
22557,MZ/MAM/83D08/2020/12,Mizoram,,,,24.12,92.38,,,,uploaded landslide_report.pdf
22558,MZ/MAM/83D08/2020/13,Mizoram,,,,24.12,92.36,,,,uploaded landslide_report.pdf
22559,MZ/MAM/83D08/2020/19,Mizoram,,,,24.12,92.46,,,,uploaded landslide_report.pdf
22560,MZ/AIZ/83D16/2016/53,Mizoram,,,,24.125294,92.805847,,,,uploaded landslide_report.pdf
22561,MZ/AIZ/83D16/2016/54,Mizoram,,,,24.125631,92.805948,,,,uploaded landslide_report.pdf
22562,MZ/AIZ/83D16/2016/55,Mizoram,,,,24.125996,92.805874,,,,uploaded landslide_report.pdf
22563,MZ/KOL/83D12/2020/2,Mizoram,,,,24.13,92.52,,,,uploaded landslide_report.pdf
22564,MZ/MAM/83D08/2020/18,Mizoram,,,,24.14,92.41,,,,uploaded landslide_report.pdf
22565,MZ/AIZ/83D16/2016/57,Mizoram,,,,24.146606,92.796528,,,,uploaded landslide_report.pdf
22566,MZ/MAM/83D08/2020/17,Mizoram,,,,24.15,92.41,,,,uploaded landslide_report.pdf
22567,MZ/AIZ/83D16/2016/56,Mizoram,,,,24.162021,92.797605,,,,uploaded landslide_report.pdf
22568,MZ/MAM/83D08/2020/15,Mizoram,,,,24.17,92.33,,,,uploaded landslide_report.pdf
22569,MZ/KOL/83D12/2020/3,Mizoram,,,,24.17,92.53,,,,uploaded landslide_report.pdf
22570,MZ/KOL/83D12/2020/4,Mizoram,,,,24.17,92.52,,,,uploaded landslide_report.pdf
22571,MZ/KOL/83D12/2016/19,Mizoram,,,,24.170329,92.641325,,,,uploaded landslide_report.pdf
22572,MZ/KOL/83D12/2016/18,Mizoram,,,,24.171459,92.641035,,,,uploaded landslide_report.pdf
22573,MZ/AIZ/83D16/2016/127,Mizoram,,,,24.175865,92.945618,,,,uploaded landslide_report.pdf
22574,MZ/KOL/83D12/2020/1,Mizoram,,,,24.18,92.54,,,,uploaded landslide_report.pdf
22575,MZ/KOL/83D12/2016/2,Mizoram,,,,24.180261,92.690737,,,,uploaded landslide_report.pdf
22576,MZ/AIZ/83D16/2016/117,Mizoram,,,,24.182669,92.950748,,,,uploaded landslide_report.pdf
22577,MZ/AIZ/83D16/2016/116,Mizoram,,,,24.182783,92.949911,,,,uploaded landslide_report.pdf
22578,MZ/AIZ/83D16/2016/115,Mizoram,,,,24.183115,92.949989,,,,uploaded landslide_report.pdf
22579,MZ/AIZ/83D16/2016/34,Mizoram,,,,24.183717,92.798909,,,,uploaded landslide_report.pdf
22580,MZ/AIZ/83D16/2016/118,Mizoram,,,,24.184022,92.951257,,,,uploaded landslide_report.pdf
22581,MZ/KOL/83D12/2016/17,Mizoram,,,,24.187212,92.633859,,,,uploaded landslide_report.pdf
22582,MZ/KOL/83D12/2016/11,Mizoram,,,,24.188117,92.595278,,,,uploaded landslide_report.pdf
22583,MZ/AIZ/83D16/2016/103,Mizoram,,,,24.188702,92.943036,,,,uploaded landslide_report.pdf
22584,MZ/MAM/83D08/2020/14,Mizoram,,,,24.19,92.33,,,,uploaded landslide_report.pdf
22585,MZ/AIZ/83D16/2016/104,Mizoram,,,,24.190369,92.94432,,,,uploaded landslide_report.pdf
22586,MZ/AIZ/83D16/2016/105,Mizoram,,,,24.190711,92.943593,,,,uploaded landslide_report.pdf
22587,MZ/AIZ/83D16/2016/106,Mizoram,,,,24.191114,92.943311,,,,uploaded landslide_report.pdf
22588,MZ/AIZ/83D16/2016/107,Mizoram,,,,24.192522,92.944635,,,,uploaded landslide_report.pdf
22589,MZ/AIZ/83D16/2016/108,Mizoram,,,,24.19265,92.944583,,,,uploaded landslide_report.pdf
22590,MZ/AIZ/83D16/2016/125,Mizoram,,,,24.193061,92.992877,,,,uploaded landslide_report.pdf
22591,MZ/AIZ/83D16/2016/110,Mizoram,,,,24.193682,92.946417,,,,uploaded landslide_report.pdf
22592,MZ/AIZ/83D16/2016/109,Mizoram,,,,24.194015,92.944562,,,,uploaded landslide_report.pdf
22593,MZ/AIZ/83D16/2016/119,Mizoram,,,,24.194252,92.963806,,,,uploaded landslide_report.pdf
22594,MZ/AIZ/83D16/2016/111,Mizoram,,,,24.197474,92.947295,,,,uploaded landslide_report.pdf
22595,MZ/AIZ/83D16/2016/126,Mizoram,,,,24.197817,92.993923,,,,uploaded landslide_report.pdf
22596,MZ/AIZ/83D16/2016/112,Mizoram,,,,24.198831,92.946348,,,,uploaded landslide_report.pdf
22597,MZ/AIZ/83D16/2016/122,Mizoram,,,,24.199114,92.992916,,,,uploaded landslide_report.pdf
22598,MZ/AIZ/83D16/2016/123,Mizoram,,,,24.199185,92.992094,,,,uploaded landslide_report.pdf
22599,MZ/AIZ/83D16/2016/124,Mizoram,,,,24.199201,92.993156,,,,uploaded landslide_report.pdf
22600,MZ/MAM/83D08/2020/16,Mizoram,,,,24.2,92.42,,,,uploaded landslide_report.pdf
22601,MZ/AIZ/83D16/2016/120,Mizoram,,,,24.200487,92.985172,,,,uploaded landslide_report.pdf
22602,MZ/AIZ/83D16/2016/121,Mizoram,,,,24.200746,92.98517,,,,uploaded landslide_report.pdf
22603,MZ/AIZ/83D16/2016/114,Mizoram,,,,24.201154,92.944079,,,,uploaded landslide_report.pdf
22604,MZ/KOL/83D12/2016/3,Mizoram,,,,24.211504,92.679258,,,,uploaded landslide_report.pdf
22605,MZ/KOL/83D12/2016/4,Mizoram,,,,24.214366,92.680404,,,,uploaded landslide_report.pdf
22606,MZ/AIZ/83D16/2016/25,Mizoram,,,,25.0,92.802452,,,,uploaded landslide_report.pdf
22607,MZ/AIZ/83D16/2016/26,Mizoram,,,,26.0,92.802591,,,,uploaded landslide_report.pdf
22608,MZ/KOL/83D12/2016/20,Mizoram,,,,20.0,92.632545,,,,uploaded landslide_report.pdf
22609,MZ/AIZ/83D16/2016/113,Mizoram,,,,24.218066,92.951214,,,,uploaded landslide_report.pdf
22610,MZ/AIZ/83D16/2016/27,Mizoram,,,,27.0,92.802961,,,,uploaded landslide_report.pdf
22611,MZ/AIZ/83D16/2016/128,Mizoram,,,,24.222837,92.952639,,,,uploaded landslide_report.pdf
22612,MZ/AIZ/83D16/2016/24,Mizoram,,,,24.0,92.805884,,,,uploaded landslide_report.pdf
22613,MZ/AIZ/83D16/2016/28,Mizoram,,,,28.0,92.805445,,,,uploaded landslide_report.pdf
22614,MZ/AIZ/83D16/2016/23,Mizoram,,,,23.0,92.805611,,,,uploaded landslide_report.pdf
22615,MZ/AIZ/83D16/2016/30,Mizoram,,,,30.0,92.819002,,,,uploaded landslide_report.pdf
22616,MZ/AIZ/83D16/2016/31,Mizoram,,,,24.232551,92.81525,,,,uploaded landslide_report.pdf
22617,MZ/AIZ/83D16/2016/129,Mizoram,,,,24.233808,92.978777,,,,uploaded landslide_report.pdf
22618,MZ/AIZ/83D16/2016/33,Mizoram,,,,24.237794,92.805727,,,,uploaded landslide_report.pdf
22619,MZ/KOL/83D12/2016/16,Mizoram,,,,24.23782,92.612062,,,,uploaded landslide_report.pdf
22620,MZ/AIZ/83D16/2016/32,Mizoram,,,,24.237872,92.798117,,,,uploaded landslide_report.pdf
22621,MZ/KOL/83D12/2016/5,Mizoram,,,,24.238745,92.681538,,,,uploaded landslide_report.pdf
22622,MZ/KOL/83D12/2016/21,Mizoram,,,,21.0,92.639369,,,,uploaded landslide_report.pdf
22623,MZ/MAM/83D08/2020/1,Mizoram,,,,24.24,92.36,,,,uploaded landslide_report.pdf
22624,MZ/KOL/83D12/2016/1,Mizoram,,,,24.240244,92.694292,,,,uploaded landslide_report.pdf
22625,MZ/AIZ/83D16/2016/133,Mizoram,,,,24.240415,92.941421,,,,uploaded landslide_report.pdf
22626,MZ/AIZ/83D16/2016/130,Mizoram,,,,24.242764,92.955406,,,,uploaded landslide_report.pdf
22627,MZ/KOL/83D12/2016/22,Mizoram,,,,22.0,92.645801,,,,uploaded landslide_report.pdf
22628,MZ/KOL/83D12/2016/6,Mizoram,,,,24.24496,92.683014,,,,uploaded landslide_report.pdf
22629,MZ/KOL/83D12/2016/7,Mizoram,,,,24.245649,92.681551,,,,uploaded landslide_report.pdf
22630,MZ/AIZ/83D16/2016/132,Mizoram,,,,24.246076,92.948994,,,,uploaded landslide_report.pdf
22631,MZ/AIZ/83D16/2016/131,Mizoram,,,,24.248558,92.954177,,,,uploaded landslide_report.pdf
22632,MZ/KLS/83D11/2020/17,Mizoram,,,,24.25,92.68,,,,uploaded landslide_report.pdf
22633,MZ/KLS/83D11/2020/16,Mizoram,,,,24.26,92.69,,,,uploaded landslide_report.pdf
22634,MZ/KLS/83D11/2020/18,Mizoram,,,,24.26,92.67,,,,uploaded landslide_report.pdf
22635,MZ/KLS/83D11/2020/19,Mizoram,,,,24.26,92.65,,,,uploaded landslide_report.pdf
22636,MZ/KLS/83D11/2020/20,Mizoram,,,,20.0,92.65,,,,uploaded landslide_report.pdf
22637,MZ/KLS/83D11/2020/11,Mizoram,,,,24.26,92.65,,,,uploaded landslide_report.pdf
22638,MZ/AIZ/83D15/2020/7,Mizoram,,,,24.26,92.96,,,,uploaded landslide_report.pdf
22639,MZ/KOL/83D15/2020/16,Mizoram,,,,24.26,92.81,,,,uploaded landslide_report.pdf
22640,MZ/KOL/83D15/2020/17,Mizoram,,,,24.26,92.81,,,,uploaded landslide_report.pdf
22641,MZ/KLS/83D11/2020/10,Mizoram,,,,24.27,92.65,,,,uploaded landslide_report.pdf
22642,MZ/KLS/83D11/2020/12,Mizoram,,,,24.27,92.65,,,,uploaded landslide_report.pdf
22643,MZ/KLS/83D11/2020/13,Mizoram,,,,24.27,92.65,,,,uploaded landslide_report.pdf
22644,MZ/KOL/83D15/2020/18,Mizoram,,,,24.27,92.81,,,,uploaded landslide_report.pdf
22645,MZ/KLS/83D11/2020/8,Mizoram,,,,24.28,92.64,,,,uploaded landslide_report.pdf
22646,MZ/KLS/83D11/2020/9,Mizoram,,,,24.28,92.65,,,,uploaded landslide_report.pdf
22647,MZ/KOL/83D15/2020/19,Mizoram,,,,24.28,92.81,,,,uploaded landslide_report.pdf
22648,MZ/KLS/83D11/2020/6,Mizoram,,,,24.29,92.65,,,,uploaded landslide_report.pdf
22649,MZ/AIZ/83D15/2020/8,Mizoram,,,,24.29,92.95,,,,uploaded landslide_report.pdf
22650,MZ/AIZ/83D15/2020/9,Mizoram,,,,24.29,92.96,,,,uploaded landslide_report.pdf
22651,MZ/KOL/83D15/2020/20,Mizoram,,,,20.0,92.82,,,,uploaded landslide_report.pdf
22652,MZ/KLS/83D11/2020/7,Mizoram,,,,24.3,92.7,,,,uploaded landslide_report.pdf
22653,MZ/KLS/83D11/2020/15,Mizoram,,,,24.31,92.71,,,,uploaded landslide_report.pdf
22654,MZ/KOL/83D15/2020/21,Mizoram,,,,21.0,92.84,,,,uploaded landslide_report.pdf
22655,MZ/KLS/83D11/2020/14,Mizoram,,,,24.33,92.72,,,,uploaded landslide_report.pdf
22656,MZ/KOL/83D15/2020/22,Mizoram,,,,22.0,92.84,,,,uploaded landslide_report.pdf
22657,MZ/KLS/83D11/2020/21,Mizoram,,,,21.0,92.66,,,,uploaded landslide_report.pdf
22658,MZ/KLS/83D11/2020/24,Mizoram,,,,24.0,92.71,,,,uploaded landslide_report.pdf
22659,MZ/KOL/83D11/2020/1,Mizoram,,,,24.34,92.74,,,,uploaded landslide_report.pdf
22660,MZ/KOL/83D15/2020/13,Mizoram,,,,24.34,92.77,,,,uploaded landslide_report.pdf
22661,MZ/KOL/83D15/2020/23,Mizoram,,,,23.0,92.84,,,,uploaded landslide_report.pdf
22662,MZ/KOL/83D15/2020/24,Mizoram,,,,24.0,92.84,,,,uploaded landslide_report.pdf
22663,MZ/KOL/83D15/2020/25,Mizoram,,,,25.0,92.84,,,,uploaded landslide_report.pdf
22664,MZ/KOL/83D15/2020/26,Mizoram,,,,26.0,92.84,,,,uploaded landslide_report.pdf
22665,MZ/KOL/83D15/2020/27,Mizoram,,,,27.0,92.84,,,,uploaded landslide_report.pdf
22666,MZ/KOL/83D15/2020/28,Mizoram,,,,28.0,92.84,,,,uploaded landslide_report.pdf
22667,MZ/KOL/83D15/2020/29,Mizoram,,,,29.0,92.84,,,,uploaded landslide_report.pdf
22668,MZ/KOL/83D15/2020/30,Mizoram,,,,30.0,92.84,,,,uploaded landslide_report.pdf
22669,MZ/KLS/83D11/2020/22,Mizoram,,,,22.0,92.67,,,,uploaded landslide_report.pdf
22670,MZ/KLS/83D11/2020/23,Mizoram,,,,23.0,92.67,,,,uploaded landslide_report.pdf
22671,MZ/KLS/83D11/2020/25,Mizoram,,,,25.0,92.72,,,,uploaded landslide_report.pdf
22672,MZ/KOL/83D15/2020/31,Mizoram,,,,24.35,92.84,,,,uploaded landslide_report.pdf
22673,MZ/KOL/83D15/2020/32,Mizoram,,,,24.35,92.85,,,,uploaded landslide_report.pdf
22674,MZ/KOL/83D15/2020/40,Mizoram,,,,24.35,92.82,,,,uploaded landslide_report.pdf
22675,MZ/KOL/83D15/2020/33,Mizoram,,,,24.36,92.89,,,,uploaded landslide_report.pdf
22676,MZ/KOL/83D15/2020/34,Mizoram,,,,24.36,92.89,,,,uploaded landslide_report.pdf
22677,MZ/KOL/83D15/2020/35,Mizoram,,,,24.36,92.88,,,,uploaded landslide_report.pdf
22678,MZ/KOL/83D15/2020/39,Mizoram,,,,24.36,92.83,,,,uploaded landslide_report.pdf
22679,MZ/KOL/83D15/2020/41,Mizoram,,,,24.36,92.82,,,,uploaded landslide_report.pdf
22680,MZ/AIZ/83D15/2020/1,Mizoram,,,,24.37,92.9,,,,uploaded landslide_report.pdf
22681,MZ/AIZ/83D15/2020/2,Mizoram,,,,24.37,92.9,,,,uploaded landslide_report.pdf
22682,MZ/AIZ/83D15/2020/3,Mizoram,,,,24.37,92.89,,,,uploaded landslide_report.pdf
22683,MZ/AIZ/83D15/2020/4,Mizoram,,,,24.37,92.89,,,,uploaded landslide_report.pdf
22684,MZ/AIZ/83D15/2020/5,Mizoram,,,,24.37,92.89,,,,uploaded landslide_report.pdf
22685,MZ/AIZ/83D15/2020/6,Mizoram,,,,24.37,92.89,,,,uploaded landslide_report.pdf
22686,MZ/KOL/83D15/2020/14,Mizoram,,,,24.37,92.78,,,,uploaded landslide_report.pdf
22687,MZ/KOL/83D15/2020/36,Mizoram,,,,24.37,92.87,,,,uploaded landslide_report.pdf
22688,MZ/KOL/83D15/2020/37,Mizoram,,,,24.37,92.86,,,,uploaded landslide_report.pdf
22689,MZ/KOL/83D15/2020/38,Mizoram,,,,24.37,92.85,,,,uploaded landslide_report.pdf
22690,MZ/KOL/83D15/2020/42,Mizoram,,,,24.37,92.81,,,,uploaded landslide_report.pdf
22691,MZ/KLS/83D11/2020/5,Mizoram,,,,24.38,92.68,,,,uploaded landslide_report.pdf
22692,MZ/KOL/83D15/2020/43,Mizoram,,,,24.38,92.82,,,,uploaded landslide_report.pdf
22693,MZ/KOL/83D15/2020/15,Mizoram,,,,24.39,92.79,,,,uploaded landslide_report.pdf
22694,MZ/KOL/83D15/2020/44,Mizoram,,,,24.4,92.8,,,,uploaded landslide_report.pdf
22695,MZ/KOL/83D15/2020/45,Mizoram,,,,24.41,92.8,,,,uploaded landslide_report.pdf
22696,MZ/KOL/83D15/2020/10,Mizoram,,,,24.45,92.78,,,,uploaded landslide_report.pdf
22697,MZ/KOL/83D15/2020/11,Mizoram,,,,24.47,92.76,,,,uploaded landslide_report.pdf
22698,MZ/KOL/83D15/2020/12,Mizoram,,,,24.48,92.76,,,,uploaded landslide_report.pdf
22699,MZ/KLS/83D14/2020/8,Mizoram,,,,24.5,92.77,,,,uploaded landslide_report.pdf
22700,MZ/KLS/83D14/2020/9,Mizoram,,,,24.51,92.77,,,,uploaded landslide_report.pdf
22701,MZ/AZL/84A10/2024/001,Mizoram,,,,23.73888889,92.69638889,,,,uploaded landslide_report.pdf
22702,MZ/AZL/84A10/2024/002,Mizoram,,,,23.73947222,92.69666667,,,,uploaded landslide_report.pdf
22703,MZ/AZL/84A10/2024/003,Mizoram,,,,23.74027778,92.69722222,,,,uploaded landslide_report.pdf
22704,MZ/AZL/84A10/2024/004,Mizoram,,,,23.74066667,92.69336111,,,,uploaded landslide_report.pdf
22705,MZ/AZL/84A10/2024/005,Mizoram,,,,23.7385748,92.6941941,,,,uploaded landslide_report.pdf
22706,MZ/AZL/84A10/2024/006,Mizoram,,,,23.74472222,92.69277778,,,,uploaded landslide_report.pdf
22707,MZ/AZL/84A10/2024/007,Mizoram,,,,23.74116667,92.69455556,,,,uploaded landslide_report.pdf
22708,MZ/AZL/84A10/2024/008,Mizoram,,,,23.7375,92.69444444,,,,uploaded landslide_report.pdf
22709,MZ/AZL/84A10/2024/009,Mizoram,,,,23.73386111,92.69491667,,,,uploaded landslide_report.pdf
22710,MZ/AZL/84A10/2024/010,Mizoram,,,,23.72669444,92.69519444,,,,uploaded landslide_report.pdf
22711,MZ/AZL/84A10/2024/011,Mizoram,,,,23.73361111,92.69388889,,,,uploaded landslide_report.pdf
22712,MZ/AZL/84A10/2024/012,Mizoram,,,,23.73472222,92.695,,,,uploaded landslide_report.pdf
22713,MZ/AZL/84A10/2024/013,Mizoram,,,,23.73416667,92.69805556,,,,uploaded landslide_report.pdf
22714,MZ/AZL/84A10/2024/014,Mizoram,,,,23.73305556,92.69944444,,,,uploaded landslide_report.pdf
22715,MZ/AZL/84A10/2024/015,Mizoram,,,,23.74972222,92.69833333,,,,uploaded landslide_report.pdf
22716,MZ/AZL/84A10/2024/016,Mizoram,,,,23.73111111,92.70222222,,,,uploaded landslide_report.pdf
22717,MZ/AZL/84A10/2024/017,Mizoram,,,,23.73111111,92.70388889,,,,uploaded landslide_report.pdf
22718,MZ/AZL/84A10/2024/018,Mizoram,,,,23.73333333,92.70527778,,,,uploaded landslide_report.pdf
22719,MZ/AZL/84A10/2024/019,Mizoram,,,,23.731,92.70644444,,,,uploaded landslide_report.pdf
22720,MZ/AZL/84A10/2024/020,Mizoram,,,,20.0,92.69777778,,,,uploaded landslide_report.pdf
22721,MZ/AZL/84A10/2024/021,Mizoram,,,,21.0,92.70821944,,,,uploaded landslide_report.pdf
22722,MZ/AZL/84A10/2024/022,Mizoram,,,,22.0,92.70737778,,,,uploaded landslide_report.pdf
22723,MZ/AZL/84A10/2024/023,Mizoram,,,,23.0,92.70665,,,,uploaded landslide_report.pdf
22724,MZ/AZL/84A10/2024/024,Mizoram,,,,24.0,92.71146389,,,,uploaded landslide_report.pdf
22725,MZ/AZL/84A10/2024/025,Mizoram,,,,25.0,92.70935,,,,uploaded landslide_report.pdf
22726,MZ/AZL/84A10/2024/026,Mizoram,,,,26.0,92.70879444,,,,uploaded landslide_report.pdf
22727,MZ/AZL/84A10/2024/027,Mizoram,,,,27.0,92.70666667,,,,uploaded landslide_report.pdf
22728,MZ/AZL/84A10/2024/0028,Mizoram,,,,28.0,92.70644167,,,,uploaded landslide_report.pdf
22729,MZ/AZL/84A10/2024/029,Mizoram,,,,29.0,92.70753333,,,,uploaded landslide_report.pdf
22730,MZ/AZL/84A10/2024/030,Mizoram,,,,30.0,92.70777778,,,,uploaded landslide_report.pdf
22731,MZ/AZL/84A10/2024/031,Mizoram,,,,23.71697222,92.70817222,,,,uploaded landslide_report.pdf
22732,MZ/AZL/84A10/2024/032,Mizoram,,,,23.71305556,92.70895833,,,,uploaded landslide_report.pdf
22733,MZ/AZL/84A10/2024/033,Mizoram,,,,23.71523056,92.71529167,,,,uploaded landslide_report.pdf
22734,MZ/AZL/84A10/2024/034,Mizoram,,,,23.74,92.715,,,,uploaded landslide_report.pdf
22735,MZ/AZL/84A10/2024/035,Mizoram,,,,23.73944444,92.71472222,,,,uploaded landslide_report.pdf
22736,MZ/AZL/84A10/2024/036,Mizoram,,,,23.71138889,92.72444444,,,,uploaded landslide_report.pdf
22737,MZ/AZL/84A10/2024/037,Mizoram,,,,23.71638889,92.72111111,,,,uploaded landslide_report.pdf
22738,MZ/AZL/84A10/2024/038,Mizoram,,,,23.71444444,92.72861111,,,,uploaded landslide_report.pdf
22739,MZ/AZL/84A10/2024/039,Mizoram,,,,23.71996389,92.73328889,,,,uploaded landslide_report.pdf
22740,MZ/AZL/84A10/2024/040,Mizoram,,,,23.71583333,92.72444444,,,,uploaded landslide_report.pdf
22741,MZ/AZL/84A10/2024/041,Mizoram,,,,23.71571389,92.72659722,,,,uploaded landslide_report.pdf
22742,MZ/AZL/84A10/2024/042,Mizoram,,,,23.7104,92.72237778,,,,uploaded landslide_report.pdf
22743,MZ/AZL/84A10/2024/043,Mizoram,,,,23.71865833,92.72335278,,,,uploaded landslide_report.pdf
22744,MZ/AZL/84A10/2024/044,Mizoram,,,,23.7175,92.71972222,,,,uploaded landslide_report.pdf
22745,MZ/AZL/84A10/2024/045,Mizoram,,,,23.71,92.71611111,,,,uploaded landslide_report.pdf
22746,MZ/AZL/84A10/2024/046,Mizoram,,,,23.70777778,92.71611111,,,,uploaded landslide_report.pdf
22747,MZ/AZL/84A10/2024/047,Mizoram,,,,23.70666667,92.71444444,,,,uploaded landslide_report.pdf
22748,MZ/AZL/84A10/2024/048,Mizoram,,,,23.70527778,92.71138889,,,,uploaded landslide_report.pdf
22749,MZ/AZL/84A10/2024/049,Mizoram,,,,23.70416667,92.71222222,,,,uploaded landslide_report.pdf
22750,MZ/AZL/84A10/2024/050,Mizoram,,,,23.70027778,92.71611111,,,,uploaded landslide_report.pdf
22751,MZ/AZL/84A10/2024/051,Mizoram,,,,23.69972222,92.71694444,,,,uploaded landslide_report.pdf
22752,MZ/AZL/84A10/2024/052,Mizoram,,,,23.68027778,92.72472222,,,,uploaded landslide_report.pdf
22753,MZ/AZL/84A10/2024/053,Mizoram,,,,23.67805556,92.72,,,,uploaded landslide_report.pdf
22754,MZ/AZL/84A10/2024/054,Mizoram,,,,23.64333333,92.73444444,,,,uploaded landslide_report.pdf
22755,MZ/AZL/84A10/2024/055,Mizoram,,,,23.64638889,92.72638889,,,,uploaded landslide_report.pdf
22756,MZ/AZL/84A10/2024/056,Mizoram,,,,23.64638889,92.72527778,,,,uploaded landslide_report.pdf
22757,MZ/AZL/84A10/2024/057,Mizoram,,,,23.63111111,92.72388889,,,,uploaded landslide_report.pdf
22758,MZ/AZL/84A10/2024/058,Mizoram,,,,23.63055556,92.72305556,,,,uploaded landslide_report.pdf
22759,MZ/AZL/84A10/2024/059,Mizoram,,,,23.62833333,92.72333333,,,,uploaded landslide_report.pdf
22760,MZ/AZL/84A10/2024/060,Mizoram,,,,23.62277778,92.72444444,,,,uploaded landslide_report.pdf
22761,MZ/AZL/84A10/2024/061,Mizoram,,,,23.62194444,92.72305556,,,,uploaded landslide_report.pdf
22762,MZ/AZL/84A10/2024/062,Mizoram,,,,23.62083333,92.7225,,,,uploaded landslide_report.pdf
22763,MZ/AZL/84A10/2024/063,Mizoram,,,,23.61916667,92.7225,,,,uploaded landslide_report.pdf
22764,MZ/AZL/84A10/2024/004,Mizoram,,,,23.62,92.72472222,,,,uploaded landslide_report.pdf
22765,MZ/AZL/84A10/2024/065,Mizoram,,,,23.61972222,92.72527778,,,,uploaded landslide_report.pdf
22766,MZ/AZL/84A10/2024/066,Mizoram,,,,23.62027778,92.72555556,,,,uploaded landslide_report.pdf
22767,MZ/AZL/84A10/2024/067,Mizoram,,,,23.62027778,92.72611111,,,,uploaded landslide_report.pdf
22768,MZ/AZL/84A10/2024/068,Mizoram,,,,23.62111111,92.72444444,,,,uploaded landslide_report.pdf
22769,MZ/AZL/84A10/2024/069,Mizoram,,,,23.68743333,92.72129167,,,,uploaded landslide_report.pdf
22770,MZ/AZL/84A10/2024/070,Mizoram,,,,23.67694444,92.71722222,,,,uploaded landslide_report.pdf
22771,MZ/AZL/84A10/2024/071,Mizoram,,,,23.67583333,92.715,,,,uploaded landslide_report.pdf
22772,MZ/AZL/84A10/2024/072,Mizoram,,,,23.67472222,92.71722222,,,,uploaded landslide_report.pdf
22773,MZ/AZL/84A10/2024/073,Mizoram,,,,23.67444444,92.71472222,,,,uploaded landslide_report.pdf
22774,MZ/AZL/84A10/2024/074,Mizoram,,,,23.67388889,92.71472222,,,,uploaded landslide_report.pdf
22775,MZ/AZL/84A10/2024/075,Mizoram,,,,23.672069,92.7099293,,,,uploaded landslide_report.pdf
22776,MZ/AZL/84A10/2024/076,Mizoram,,,,23.684301,92.715511,,,,uploaded landslide_report.pdf
22777,MZ/AZL/84A10/2024/077,Mizoram,,,,23.70638889,92.72055556,,,,uploaded landslide_report.pdf
22778,MZ/AZL/84A10/2024/078,Mizoram,,,,23.70416667,92.72,,,,uploaded landslide_report.pdf
22779,MZ/AZL/84A10/2024/079,Mizoram,,,,23.70305556,92.72055556,,,,uploaded landslide_report.pdf
22780,MZ/AZL/84A10/2024/080,Mizoram,,,,23.69333333,92.72055556,,,,uploaded landslide_report.pdf
22781,MZ/AZL/84A10/2024/081,Mizoram,,,,23.69138889,92.72138889,,,,uploaded landslide_report.pdf
22782,MZ/AZL/84A10/2024/082,Mizoram,,,,23.69,92.72361111,,,,uploaded landslide_report.pdf
22783,MZ/AZL/84A10/2024/083,Mizoram,,,,23.68361111,92.72277778,,,,uploaded landslide_report.pdf
22784,MZ/AZL/84A10/2024/084,Mizoram,,,,23.67611111,92.71972222,,,,uploaded landslide_report.pdf
22785,MZ/AZL/84A10/2024/085,Mizoram,,,,23.67138889,92.72361111,,,,uploaded landslide_report.pdf
22786,MZ/AZL/84A10/2024/086,Mizoram,,,,23.66694444,92.72194444,,,,uploaded landslide_report.pdf
22787,MZ/AZL/84A10/2024/087,Mizoram,,,,23.66666667,92.72388889,,,,uploaded landslide_report.pdf
22788,MZ/AZL/84A10/2024/088,Mizoram,,,,23.66027778,92.72694444,,,,uploaded landslide_report.pdf
22789,MZ/AZL/84A10/2024/089,Mizoram,,,,23.65666667,92.72694444,,,,uploaded landslide_report.pdf
22790,MZ/AZL/84A10/2024/090,Mizoram,,,,23.64388889,92.72583333,,,,uploaded landslide_report.pdf
22791,MZ/AZL/84A10/2024/091,Mizoram,,,,23.635,92.72361111,,,,uploaded landslide_report.pdf
22792,MZ/AZL/84A15/2024/092,Mizoram,,,,23.43277778,92.76111111,,,,uploaded landslide_report.pdf
22793,MZ/AZL/84A10/2024/093,Mizoram,,,,23.46777778,92.74111111,,,,uploaded landslide_report.pdf
22794,MZ/AZL/84A11/2024/094,Mizoram,,,,23.46805556,92.71638889,,,,uploaded landslide_report.pdf
22795,MZ/AZL/84A11/2024/095,Mizoram,,,,23.4725,92.71444444,,,,uploaded landslide_report.pdf
22796,MZ/AZL/84A11/2024/096,Mizoram,,,,23.47388889,92.70972222,,,,uploaded landslide_report.pdf
22797,MZ/AZL/84A11/2024/097,Mizoram,,,,23.49,92.70555556,,,,uploaded landslide_report.pdf
22798,MZ/AZL/84A11/2024/098,Mizoram,,,,23.49722222,92.70333333,,,,uploaded landslide_report.pdf
22799,MZ/AZL/84A10/2024/099,Mizoram,,,,23.51361111,92.69833333,,,,uploaded landslide_report.pdf
22800,MZ/AZL/84A10/2024/100,Mizoram,,,,23.53666667,92.6975,,,,uploaded landslide_report.pdf
22801,MZ/AZL/84A10/2024/101,Mizoram,,,,23.54166667,92.70194444,,,,uploaded landslide_report.pdf
22802,MZ/AZL/84A10/2024/102,Mizoram,,,,23.54277778,92.70333333,,,,uploaded landslide_report.pdf
22803,MZ/AZL/84A10/2024/103,Mizoram,,,,23.52944444,92.72944444,,,,uploaded landslide_report.pdf
22804,MZ/AZL/84A10/2024/104,Mizoram,,,,23.53083333,92.73055556,,,,uploaded landslide_report.pdf
22805,MZ/AZL/84A10/2024/105,Mizoram,,,,23.53111111,92.73361111,,,,uploaded landslide_report.pdf
22806,MZ/AZL/84A10/2024/106,Mizoram,,,,23.53083333,92.73333333,,,,uploaded landslide_report.pdf
22807,MZ/AZL/84A10/2024/107,Mizoram,,,,23.56388889,92.70805556,,,,uploaded landslide_report.pdf
22808,MZ/AZL/84A10/2024/108,Mizoram,,,,23.56416667,92.70805556,,,,uploaded landslide_report.pdf
22809,MZ/AZL/84A10/2024/109,Mizoram,,,,23.565,92.70777778,,,,uploaded landslide_report.pdf
22810,MZ/AZL/84A10/2024/110,Mizoram,,,,23.56666667,92.70888889,,,,uploaded landslide_report.pdf
22811,MZ/AZL/84A09/2024/111,Mizoram,,,,23.77305556,92.74361111,,,,uploaded landslide_report.pdf
22812,MZ/AZL/84A13/2024/112,Mizoram,,,,23.77472222,92.76194444,,,,uploaded landslide_report.pdf
22813,MZ/AZL/84A13/2024/113,Mizoram,,,,23.77361111,92.76111111,,,,uploaded landslide_report.pdf
22814,MZ/AZL/84A10/2024/114,Mizoram,,,,23.74861111,92.73861111,,,,uploaded landslide_report.pdf
22815,MZ/AZL/84A10/2024/115,Mizoram,,,,23.61,92.72083333,,,,uploaded landslide_report.pdf
22816,MZ/AZL/84A10/2024/116,Mizoram,,,,23.60666667,92.72305556,,,,uploaded landslide_report.pdf
22817,MZ/AZL/84A10/2024/117,Mizoram,,,,23.5925,92.71666667,,,,uploaded landslide_report.pdf
22818,MZ/AZL/84A10/2024/118,Mizoram,,,,23.58722222,92.71361111,,,,uploaded landslide_report.pdf
22819,MZ/AZL/84A10/2024/119,Mizoram,,,,23.57694444,92.71305556,,,,uploaded landslide_report.pdf
22820,MZ/AZL/84A10/2024/121,Mizoram,,,,23.58027778,92.715,,,,uploaded landslide_report.pdf
22821,MZ/AZL/84A10/2024/122,Mizoram,,,,23.58138889,92.71416667,,,,uploaded landslide_report.pdf
22822,MZ/AZL/84A10/2024/123,Mizoram,,,,23.58694444,92.7175,,,,uploaded landslide_report.pdf
22823,MZ/AZL/84A10/2024/124,Mizoram,,,,23.58555556,92.71583333,,,,uploaded landslide_report.pdf
22824,MZ/AZL/84A10/2024/125,Mizoram,,,,23.58583333,92.71638889,,,,uploaded landslide_report.pdf
22825,MZ/AZL/84A10/2024/126,Mizoram,,,,23.58638889,92.71583333,,,,uploaded landslide_report.pdf
22826,MZ/AZL/84A10/2024/127,Mizoram,,,,23.65388889,92.72444444,,,,uploaded landslide_report.pdf
22827,MZ/AZL/84A10/2024/128,Mizoram,,,,23.65416667,92.71777778,,,,uploaded landslide_report.pdf
22828,MZ/AZL/84A10/2024/129,Mizoram,,,,23.655,92.71444444,,,,uploaded landslide_report.pdf
22829,MZ/AZL/84A10/2024/130,Mizoram,,,,23.65416667,92.69,,,,uploaded landslide_report.pdf
22830,MZ/AZL/84A10/2024/131,Mizoram,,,,23.66055556,92.67277778,,,,uploaded landslide_report.pdf
22831,MZ/AZL/84A10/2024/132,Mizoram,,,,23.66083333,92.67277778,,,,uploaded landslide_report.pdf
22832,MZ/AZL/84A10/2024/133,Mizoram,,,,23.65777778,92.67444444,,,,uploaded landslide_report.pdf
22833,MZ/AZL/84A10/2024/134,Mizoram,,,,23.65861111,92.70583333,,,,uploaded landslide_report.pdf
22834,MZ/AZL/84A10/2024/135,Mizoram,,,,23.68143611,92.72144167,,,,uploaded landslide_report.pdf
22835,MZ/AZL/84A14/2024/136,Mizoram,,,,23.73555556,92.78833333,,,,uploaded landslide_report.pdf
22836,MZ/AZL/84A14/2024/137,Mizoram,,,,23.72694444,92.79527778,,,,uploaded landslide_report.pdf
22837,MZ/AZL/84A14/2024/138,Mizoram,,,,23.73277778,92.79722222,,,,uploaded landslide_report.pdf
22838,MZ/AZL/84A14/2024/139,Mizoram,,,,23.73416667,92.79861111,,,,uploaded landslide_report.pdf
22839,MZ/AZL/84A14/2024/140,Mizoram,,,,23.74555556,92.79444444,,,,uploaded landslide_report.pdf
22840,MZ/AZL/84A14/2024/141,Mizoram,,,,23.73666667,92.79722222,,,,uploaded landslide_report.pdf
22841,MZ/AZL/84A14/2024/142,Mizoram,,,,23.73638889,92.79805556,,,,uploaded landslide_report.pdf
22842,MZ/AZL/84A14/2024/143,Mizoram,,,,23.73583333,92.79888889,,,,uploaded landslide_report.pdf
22843,MZ/AZL/84A14/2024/144,Mizoram,,,,23.73638889,92.8,,,,uploaded landslide_report.pdf
22844,MZ/AZL/84A14/2024/145,Mizoram,,,,23.73555556,92.80027778,,,,uploaded landslide_report.pdf
22845,MZ/AZL/84A14/2024/146,Mizoram,,,,23.71972222,92.79777778,,,,uploaded landslide_report.pdf
22846,MZ/AZL/84A14/2024/0147,Mizoram,,,,23.72222222,92.80138889,,,,uploaded landslide_report.pdf
22847,MZ/AZL/84A14/2024/148,Mizoram,,,,23.73111111,92.84944444,,,,uploaded landslide_report.pdf
22848,MZ/AZL/84A14/2024/149,Mizoram,,,,23.73305556,92.84777778,,,,uploaded landslide_report.pdf
22849,MZ/AZL/84A13/2024/150,Mizoram,,,,23.76083333,92.8475,,,,uploaded landslide_report.pdf
22850,MZ/AZL/84A13/2024/151,Mizoram,,,,23.86972222,92.87611111,,,,uploaded landslide_report.pdf
22851,MZ/AZL/84A13/2024/152,Mizoram,,,,23.80750556,92.83417222,,,,uploaded landslide_report.pdf
22852,MZ/SER/84A15/2024/153,Mizoram,,,,23.47694444,92.857846,,,,uploaded landslide_report.pdf
22853,MZ/SER/84A15/2024/154,Mizoram,,,,23.471041,92.85503,,,,uploaded landslide_report.pdf
22854,MZ/SER/84A15/2024/155,Mizoram,,,,23.465558,92.855991,,,,uploaded landslide_report.pdf
22855,MZ/SER/84A15/2024/156,Mizoram,,,,23.463164,92.854672,,,,uploaded landslide_report.pdf
22856,MZ/SER/84A15/2024/157,Mizoram,,,,23.31259,92.856415,,,,uploaded landslide_report.pdf
22857,MZ/SER/84A15/2024/158,Mizoram,,,,23.288812,92.864763,,,,uploaded landslide_report.pdf
22858,MZ/SER/84A15/2024/159,Mizoram,,,,23.281264,92.869279,,,,uploaded landslide_report.pdf
22859,MZ/SER/84A15/2024/160,Mizoram,,,,23.379441,92.844081,,,,uploaded landslide_report.pdf
22860,MZ/SER/84A15/2024/161,Mizoram,,,,23.38151,92.844938,,,,uploaded landslide_report.pdf
22861,MZ/SER/84A15/2024/162,Mizoram,,,,23.382175,92.843876,,,,uploaded landslide_report.pdf
22862,MZ/SER/84A15/2024/163,Mizoram,,,,23.382772,92.845187,,,,uploaded landslide_report.pdf
22863,MZ/SER/84A15/2024/164,Mizoram,,,,23.381533,92.854115,,,,uploaded landslide_report.pdf
22864,MZ/SER/84A15/2024/165,Mizoram,,,,23.387941,92.842291,,,,uploaded landslide_report.pdf
22865,MZ/SER/84A16/2024/166,Mizoram,,,,23.237077,92.910043,,,,uploaded landslide_report.pdf
22866,MZ/SER/84E04/2024/167,Mizoram,,,,23.126631,93.064946,,,,uploaded landslide_report.pdf
22867,MZ/SAI/84A14/2024/168,Mizoram,,,,23.665375,92.96162,,,,uploaded landslide_report.pdf
22868,MZ/SAI/84A14/2024/169,Mizoram,,,,23.683824,92.963188,,,,uploaded landslide_report.pdf
22869,MZ/SAI/84A14/2024/170,Mizoram,,,,23.696577,92.967198,,,,uploaded landslide_report.pdf
22870,MIZ/AZL/2022/1,Mizoram,,,,23.73044444,92.75108333,,,,uploaded landslide_report.pdf
22871,MIZ/AZL/2022/2,Mizoram,,,,23.73019444,92.75141667,,,,uploaded landslide_report.pdf
22872,MIZ/AZL/2022/3,Mizoram,,,,23.74111111,92.71083333,,,,uploaded landslide_report.pdf
22873,MIZ/AZL/2022/4,Mizoram,,,,23.74194444,92.71027778,,,,uploaded landslide_report.pdf
22874,MIZ/AZL/2022/5,Mizoram,,,,23.73041667,92.75552778,,,,uploaded landslide_report.pdf
22875,MIZ/AZL/2022/6,Mizoram,,,,23.73041667,92.75552778,,,,uploaded landslide_report.pdf
22876,MIZ/AZL/2022/7,Mizoram,,,,23.70825,92.71769444,,,,uploaded landslide_report.pdf
22877,MIZ/AZL/2022/8,Mizoram,,,,23.68352778,92.71338889,,,,uploaded landslide_report.pdf
22878,MIZ/AZL/2022/9,Mizoram,,,,23.4745,93.28916667,,,,uploaded landslide_report.pdf
22879,MIZ/KOL/2022/10,Mizoram,,,,24.34966667,92.75888889,,,,uploaded landslide_report.pdf
22880,MIZ/KOL/2022/11,Mizoram,,,,24.33805556,92.73386111,,,,uploaded landslide_report.pdf
22881,MIZ/KOL/2022/12,Mizoram,,,,24.33836111,92.73377778,,,,uploaded landslide_report.pdf
22882,MIZ/KOL/2022/13,Mizoram,,,,24.30905556,92.70394444,,,,uploaded landslide_report.pdf
22883,MIZ/KOL/2022/15,Mizoram,,,,24.24461111,92.69075,,,,uploaded landslide_report.pdf
22884,MIZ/KOL/2022/16,Mizoram,,,,24.26297222,92.69216667,,,,uploaded landslide_report.pdf
22885,MIZ/KOL/2022/17,Mizoram,,,,24.2625,92.69166667,,,,uploaded landslide_report.pdf
22886,MIZ/KOL/2022/18,Mizoram,,,,24.26411111,92.69188889,,,,uploaded landslide_report.pdf
22887,MIZ/KOL/2022/19,Mizoram,,,,24.26558333,92.69169444,,,,uploaded landslide_report.pdf
22888,MIZ/KOL/2022/20,Mizoram,,,,20.0,92.72822222,,,,uploaded landslide_report.pdf
22889,MIZ/KOL/2022/21,Mizoram,,,,21.0,92.71769444,,,,uploaded landslide_report.pdf
22890,MIZ/KOL/2022/22,Mizoram,,,,22.0,92.71846944,,,,uploaded landslide_report.pdf
22891,MIZ/KOL/2022/23,Mizoram,,,,23.0,92.77669444,,,,uploaded landslide_report.pdf
22892,MIZ/KOL/2022/24,Mizoram,,,,24.0,92.76961111,,,,uploaded landslide_report.pdf
22893,MIZ/KOL/2022/25,Mizoram,,,,25.0,92.71872222,,,,uploaded landslide_report.pdf
22894,MIZ/KOL/2022/26,Mizoram,,,,26.0,92.67888889,,,,uploaded landslide_report.pdf
22895,MIZ/KOL/2022/27,Mizoram,,,,27.0,92.69555556,,,,uploaded landslide_report.pdf
22896,MIZ/KOL/2022/28,Mizoram,,,,28.0,92.67780556,,,,uploaded landslide_report.pdf
22897,MIZ/KOL/2022/29,Mizoram,,,,29.0,92.68366667,,,,uploaded landslide_report.pdf
22898,MIZ/KOL/2022/30,Mizoram,,,,30.0,92.68061111,,,,uploaded landslide_report.pdf
22899,MIZ/KOL/2022/31,Mizoram,,,,23.99025,92.68066667,,,,uploaded landslide_report.pdf
22900,MIZ/AZL/2022/32,Mizoram,,,,23.74,92.71416667,,,,uploaded landslide_report.pdf
22901,MIZ/AZL/2022/33,Mizoram,,,,23.72322222,92.70183333,,,,uploaded landslide_report.pdf
22902,MIZ/AZL/2022/34,Mizoram,,,,23.72327778,92.70222222,,,,uploaded landslide_report.pdf
22903,MIZ/AZL/2022/35,Mizoram,,,,23.75969444,92.73241667,,,,uploaded landslide_report.pdf
22904,MIZ/AZL/2022/36,Mizoram,,,,23.75888889,92.73336111,,,,uploaded landslide_report.pdf
22905,MIZ/AZL/2022/37,Mizoram,,,,23.75861111,92.73261111,,,,uploaded landslide_report.pdf
22906,MIZ/AZL/2022/38,Mizoram,,,,23.76494444,92.73427778,,,,uploaded landslide_report.pdf
22907,MIZ/AZL/2022/39,Mizoram,,,,22.91452778,92.89333333,,,,uploaded landslide_report.pdf
22908,MIZ/AZL/2022/40,Mizoram,,,,23.40041667,92.75269444,,,,uploaded landslide_report.pdf
22909,MIZ/AZL/2022/41,Mizoram,,,,23.40169444,92.75025,,,,uploaded landslide_report.pdf
22910,MIZ/AZL/2022/42,Mizoram,,,,23.43936111,92.76144444,,,,uploaded landslide_report.pdf
22911,MIZ/AZL/2022/43,Mizoram,,,,23.65669444,92.72694444,,,,uploaded landslide_report.pdf
22912,MIZ/AZL/2022/44,Mizoram,,,,23.72786111,92.73955556,,,,uploaded landslide_report.pdf
22913,MIZ/AZL/2022/45,Mizoram,,,,23.72713889,92.7405,,,,uploaded landslide_report.pdf
22914,MIZ/AZL/2022/46,Mizoram,,,,23.77022222,92.76,,,,uploaded landslide_report.pdf
22915,MIZ/AZL/2022/47,Mizoram,,,,23.77166667,92.7605,,,,uploaded landslide_report.pdf
22916,MIZ/AZL/2022/48,Mizoram,,,,23.77161111,92.75913889,,,,uploaded landslide_report.pdf
22917,MIZ/AZL/2022/49,Mizoram,,,,23.65530556,92.7025,,,,uploaded landslide_report.pdf
22918,MIZ/AZL/2022/50,Mizoram,,,,23.65538889,92.71161111,,,,uploaded landslide_report.pdf
22919,MIZ/AZL/2022/51,Mizoram,,,,23.70827778,92.71711111,,,,uploaded landslide_report.pdf
22920,MIZ/AZL/2022/52,Mizoram,,,,23.73241667,92.71480556,,,,uploaded landslide_report.pdf
22921,MIZ/AZL/2022/53,Mizoram,,,,23.73053889,92.716019,,,,uploaded landslide_report.pdf
22922,MIZ/AZL/2022/54,Mizoram,,,,23.73055556,92.71527778,,,,uploaded landslide_report.pdf
22923,MIZ/AZL/2022/55,Mizoram,,,,23.75286,92.73307,,,,uploaded landslide_report.pdf
22924,MIZ/AZL/2022/56,Mizoram,,,,23.75005,92.7355,,,,uploaded landslide_report.pdf
22925,MIZ/AZL/2022/57,Mizoram,,,,23.93395,92.65928,,,,uploaded landslide_report.pdf
22926,MIZ/AZL/2022/58,Mizoram,,,,23.829501,92.736459,,,,uploaded landslide_report.pdf
22927,MIZ/AZL/2022/59,Mizoram,,,,23.828321,92.73701,,,,uploaded landslide_report.pdf
22928,MIZ/AZL/2022/60,Mizoram,,,,23.8665,92.74215,,,,uploaded landslide_report.pdf
22929,MIZ/AZL/2022/61,Mizoram,,,,23.84421,92.74158,,,,uploaded landslide_report.pdf
22930,MIZ/AZL/2022/62,Mizoram,,,,23.71951,92.72357,,,,uploaded landslide_report.pdf
22931,MIZ/AZL/2022/63,Mizoram,,,,23.71873,92.72298,,,,uploaded landslide_report.pdf
22932,MIZ/AZL/2022/64,Mizoram,,,,23.71824,92.72272,,,,uploaded landslide_report.pdf
22933,MIZ/AZL/2022/65,Mizoram,,,,23.74256944,92.73774444,,,,uploaded landslide_report.pdf
22934,MIZ/AZL/2022/66,Mizoram,,,,23.88147222,92.84263889,,,,uploaded landslide_report.pdf
22935,MIZ/AZL/2022/67,Mizoram,,,,23.88355556,92.84952778,,,,uploaded landslide_report.pdf
22936,MIZ/AZL/2022/68,Mizoram,,,,23.93202778,92.87436111,,,,uploaded landslide_report.pdf
22937,MIZ/AZL/2022/69,Mizoram,,,,23.89247222,92.85047222,,,,uploaded landslide_report.pdf
22938,MIZ/AZL/2022/70,Mizoram,,,,23.88386111,92.87505556,,,,uploaded landslide_report.pdf
22939,MIZ/AZL/2022/71,Mizoram,,,,23.87925,92.87127778,,,,uploaded landslide_report.pdf
22940,MIZ/AZL/2022/72,Mizoram,,,,23.88113889,92.87755556,,,,uploaded landslide_report.pdf
22941,MIZ/AZL/2022/73,Mizoram,,,,23.73541667,92.81222222,,,,uploaded landslide_report.pdf
22942,MIZ/AZL/2022/74,Mizoram,,,,23.732,92.75963889,,,,uploaded landslide_report.pdf
22943,MIZ/AZL/2022/75,Mizoram,,,,23.73488889,92.75177778,,,,uploaded landslide_report.pdf
22944,MIZ/AZL/2022/76,Mizoram,,,,23.73611111,92.75130556,,,,uploaded landslide_report.pdf
22945,MIZ/AZL/2023/77,Mizoram,,,,23.67058333,92.72530556,,,,uploaded landslide_report.pdf
22946,MIZ/AZL/2023/78,Mizoram,,,,23.66461111,92.72383333,,,,uploaded landslide_report.pdf
22947,MIZ/AZL/2023/79,Mizoram,,,,23.64702778,92.72583333,,,,uploaded landslide_report.pdf
22948,MIZ/AZL/2023/80,Mizoram,,,,23.59944444,92.72019444,,,,uploaded landslide_report.pdf
22949,MIZ/AZL/2023/81,Mizoram,,,,23.51980556,92.70066667,,,,uploaded landslide_report.pdf
22950,MIZ/AZL/2023/82,Mizoram,,,,24.02027778,92.92861111,,,,uploaded landslide_report.pdf
22951,MIZ/AZL/2023/83,Mizoram,,,,24.02833333,92.89138889,,,,uploaded landslide_report.pdf
22952,MIZ/AZL/2023/84,Mizoram,,,,24.26311111,92.96041667,,,,uploaded landslide_report.pdf
22953,MIZ/AZL/2023/85,Mizoram,,,,24.27138889,92.96,,,,uploaded landslide_report.pdf
22954,MIZ/AZL/2023/86,Mizoram,,,,24.52611111,92.93694444,,,,uploaded landslide_report.pdf
22955,MIZ/AZL/2023/87,Mizoram,,,,24.36527778,92.93,,,,uploaded landslide_report.pdf
22956,MIZ/AZL/2023/88,Mizoram,,,,24.36555556,92.93,,,,uploaded landslide_report.pdf
22957,MIZ/AZL/2023/89,Mizoram,,,,24.28361111,92.9125,,,,uploaded landslide_report.pdf
22958,MIZ/AZL/2023/90,Mizoram,,,,24.22416667,92.97638889,,,,uploaded landslide_report.pdf
22959,MIZ/AZL/2023/91,Mizoram,,,,24.22472222,92.9775,,,,uploaded landslide_report.pdf
22960,MIZ/AZL/2023/92,Mizoram,,,,24.22527778,92.97777778,,,,uploaded landslide_report.pdf
22961,MIZ/AZL/2023/93,Mizoram,,,,24.22972222,92.99333333,,,,uploaded landslide_report.pdf
22962,MIZ/AZL/2023/94,Mizoram,,,,24.31925,92.99080556,,,,uploaded landslide_report.pdf
22963,MIZ/AZL/2023/95,Mizoram,,,,24.31991667,92.99033333,,,,uploaded landslide_report.pdf
22964,MIZ/AZL/2023/96,Mizoram,,,,24.2005,92.94105556,,,,uploaded landslide_report.pdf
22965,MIZ/AZL/2023/97,Mizoram,,,,24.19963889,92.94088889,,,,uploaded landslide_report.pdf
22966,MIZ/AZL/2023/98,Mizoram,,,,24.19388889,92.94455556,,,,uploaded landslide_report.pdf
22967,MIZ/AZL/2023/99,Mizoram,,,,24.19116667,92.94330556,,,,uploaded landslide_report.pdf
22968,MIZ/AZL/2023/100,Mizoram,,,,24.18252778,92.94991667,,,,uploaded landslide_report.pdf
22969,MIZ/AZL/2023/101,Mizoram,,,,24.18372222,92.94961111,,,,uploaded landslide_report.pdf
22970,MIZ/AZL/2023/102,Mizoram,,,,24.18561111,92.94536111,,,,uploaded landslide_report.pdf
22971,MIZ/AZL/2023/103,Mizoram,,,,24.15402778,92.94444444,,,,uploaded landslide_report.pdf
22972,MIZ/AZL/2023/104,Mizoram,,,,24.23847222,92.95591667,,,,uploaded landslide_report.pdf
22973,MIZ/AZL/2023/105,Mizoram,,,,24.23777778,92.95583333,,,,uploaded landslide_report.pdf
22974,MIZ/AZL/2023/106,Mizoram,,,,24.23738889,92.95508333,,,,uploaded landslide_report.pdf
22975,MIZ/AZL/2023/107,Mizoram,,,,24.23775,92.95447222,,,,uploaded landslide_report.pdf
22976,MIZ/AZL/2023/108,Mizoram,,,,24.22166667,93.00305556,,,,uploaded landslide_report.pdf
22977,MIZ/AZL/2023/109,Mizoram,,,,24.20083333,92.985,,,,uploaded landslide_report.pdf
22978,MIZ/AZL/2023/110,Mizoram,,,,24.14083333,92.92527778,,,,uploaded landslide_report.pdf
22979,MIZ/AZL/2023/111,Mizoram,,,,24.19533333,92.99544444,,,,uploaded landslide_report.pdf
22980,MIZ/AZL/2023/112,Mizoram,,,,24.07805556,92.91155556,,,,uploaded landslide_report.pdf
22981,MIZ/AZL/2023/113,Mizoram,,,,24.02555556,92.91944444,,,,uploaded landslide_report.pdf
22982,MIZ/AZL/2023/114,Mizoram,,,,23.90527778,92.92083333,,,,uploaded landslide_report.pdf
22983,MIZ/AZL/2023/115,Mizoram,,,,23.90222222,92.91888889,,,,uploaded landslide_report.pdf
22984,MIZ/AZL/2023/116,Mizoram,,,,23.8975,92.92,,,,uploaded landslide_report.pdf
22985,MIZ/AZL/2023/117,Mizoram,,,,23.89027778,92.91944444,,,,uploaded landslide_report.pdf
22986,MIZ/AZL/2023/118,Mizoram,,,,23.89083333,92.92055556,,,,uploaded landslide_report.pdf
22987,MIZ/AZL/2023/119,Mizoram,,,,23.88833333,93.08638889,,,,uploaded landslide_report.pdf
22988,MIZ/AZL/2023/120,Mizoram,,,,23.88666667,92.91861111,,,,uploaded landslide_report.pdf
22989,MIZ/AZL/2023/121,Mizoram,,,,23.86694444,92.91444444,,,,uploaded landslide_report.pdf
22990,MIZ/AZL/2023/122,Mizoram,,,,23.85527778,92.90472222,,,,uploaded landslide_report.pdf
22991,MIZ/AZL/2023/123,Mizoram,,,,23.85972222,92.89694444,,,,uploaded landslide_report.pdf
22992,MIZ/AZL/2023/124,Mizoram,,,,23.86277778,92.8825,,,,uploaded landslide_report.pdf
22993,MIZ/AZL/2023/125,Mizoram,,,,23.86472222,92.88194444,,,,uploaded landslide_report.pdf
22994,MIZ/AZL/2023/126,Mizoram,,,,23.86638889,92.88138889,,,,uploaded landslide_report.pdf
22995,MIZ/AZL/2023/127,Mizoram,,,,23.87694444,92.87694444,,,,uploaded landslide_report.pdf
22996,MIZ/AZL/2023/128,Mizoram,,,,23.88194444,92.88166667,,,,uploaded landslide_report.pdf
22997,MIZ/AZL/2023/129,Mizoram,,,,23.36852778,92.76575,,,,uploaded landslide_report.pdf
22998,MIZ/AZL/2023/130,Mizoram,,,,23.36852778,92.76538889,,,,uploaded landslide_report.pdf
22999,MIZ/AZL/2023/131,Mizoram,,,,23.37533333,92.75472222,,,,uploaded landslide_report.pdf
23000,MIZ/AZL/2023/132,Mizoram,,,,23.35655556,92.76958333,,,,uploaded landslide_report.pdf
23001,MIZ/AZL/2023/133,Mizoram,,,,23.35516667,92.76991667,,,,uploaded landslide_report.pdf
23002,MIZ/AZL/2023/134,Mizoram,,,,23.33022222,92.78886111,,,,uploaded landslide_report.pdf
23003,MIZ/AZL/2023/135,Mizoram,,,,23.39813889,92.7485,,,,uploaded landslide_report.pdf
23004,MIZ/AZL/2023/136,Mizoram,,,,23.41277778,92.73077778,,,,uploaded landslide_report.pdf
23005,MIZ/AZL/2023/137,Mizoram,,,,23.38519444,92.752,,,,uploaded landslide_report.pdf
23006,MIZ/AZL/2023/138,Mizoram,,,,23.65675,92.70352778,,,,uploaded landslide_report.pdf
23007,MIZ/AZL/2023/139,Mizoram,,,,23.65416667,92.70222222,,,,uploaded landslide_report.pdf
23008,MIZ/AZL/2023/140,Mizoram,,,,23.65955556,92.67111111,,,,uploaded landslide_report.pdf
23009,MIZ/AZL/2023/141,Mizoram,,,,23.66030556,92.67244444,,,,uploaded landslide_report.pdf
23010,MIZ/AZL/2023/142,Mizoram,,,,23.57166667,92.71083333,,,,uploaded landslide_report.pdf
23011,MIZ/AZL/2023/143,Mizoram,,,,23.58388889,92.71722222,,,,uploaded landslide_report.pdf
23012,MIZ/AZL/2023/144,Mizoram,,,,23.58591667,92.71777778,,,,uploaded landslide_report.pdf
23013,MIZ/AZL/2023/145,Mizoram,,,,23.55944444,92.70833333,,,,uploaded landslide_report.pdf
23014,MIZ/AZL/2023/146,Mizoram,,,,23.54380556,92.70136111,,,,uploaded landslide_report.pdf
23015,MIZ/AZL/2023/147,Mizoram,,,,23.54027778,92.70138889,,,,uploaded landslide_report.pdf
23016,MIZ/AZL/2023/148,Mizoram,,,,23.53986111,92.70063889,,,,uploaded landslide_report.pdf
23017,MIZ/AZL/2023/149,Mizoram,,,,23.535,92.69694444,,,,uploaded landslide_report.pdf
23018,MIZ/AZL/2023/150,Mizoram,,,,23.53333333,92.69722222,,,,uploaded landslide_report.pdf
23019,MIZ/AZL/2023/151,Mizoram,,,,23.52972222,92.69611111,,,,uploaded landslide_report.pdf
23020,MIZ/AZL/2023/152,Mizoram,,,,23.49991667,92.70136111,,,,uploaded landslide_report.pdf
23021,MIZ/AZL/2023/153,Mizoram,,,,23.5,92.70111111,,,,uploaded landslide_report.pdf
23022,MIZ/AZL/2023/154,Mizoram,,,,23.47405556,92.71008333,,,,uploaded landslide_report.pdf
23023,MIZ/AZL/2023/155,Mizoram,,,,23.78138889,92.67638889,,,,uploaded landslide_report.pdf
23024,MIZ/KOL/2023/156,Mizoram,,,,23.93194444,92.65222222,,,,uploaded landslide_report.pdf
23025,MIZ/KOL/2023/157,Mizoram,,,,23.93027778,92.6525,,,,uploaded landslide_report.pdf
23026,MIZ/KOL/2023/158,Mizoram,,,,23.05805556,92.67583333,,,,uploaded landslide_report.pdf
23027,MIZ/KOL/2023/159,Mizoram,,,,23.0475,92.67166667,,,,uploaded landslide_report.pdf
23028,MIZ/KOL/2023/160,Mizoram,,,,23.05222222,92.67027778,,,,uploaded landslide_report.pdf
23029,MIZ/KOL/2023/161,Mizoram,,,,23.03833333,92.67055556,,,,uploaded landslide_report.pdf
23030,MIZ/KOL/2023/162,Mizoram,,,,23.03016667,92.67336111,,,,uploaded landslide_report.pdf
23031,MIZ/KOL/2023/163,Mizoram,,,,23.02280556,92.67255556,,,,uploaded landslide_report.pdf
23032,MIZ/KOL/2023/164,Mizoram,,,,23.00638889,92.67691667,,,,uploaded landslide_report.pdf
23033,MIZ/KOL/2023/165,Mizoram,,,,23.32522222,92.70047222,,,,uploaded landslide_report.pdf
23034,MIZ/KOL/2023/166,Mizoram,,,,23.97411111,92.71730556,,,,uploaded landslide_report.pdf
23035,MIZ/KOL/2023/167,Mizoram,,,,23.97361111,92.7225,,,,uploaded landslide_report.pdf
23036,MIZ/KOL/2023/168,Mizoram,,,,23.91916667,92.7375,,,,uploaded landslide_report.pdf
23037,MIZ/KOL/2023/169,Mizoram,,,,23.91777778,92.73805556,,,,uploaded landslide_report.pdf
23038,MIZ/KOL/2023/170,Mizoram,,,,23.89638889,92.73638889,,,,uploaded landslide_report.pdf
23039,MIZ/KOL/2023/171,Mizoram,,,,23.00461111,92.67744444,,,,uploaded landslide_report.pdf
23040,MIZ/KOL/2023/172,Mizoram,,,,23.00011111,92.67905556,,,,uploaded landslide_report.pdf
23041,MIZ/KOL/2023/173,Mizoram,,,,23.99777778,92.68166667,,,,uploaded landslide_report.pdf
23042,MIZ/KOL/2023/174,Mizoram,,,,23.99333333,92.68055556,,,,uploaded landslide_report.pdf
23043,MIZ/KOL/2023/175,Mizoram,,,,23.98472222,92.68138889,,,,uploaded landslide_report.pdf
23044,MIZ/KOL/2023/176,Mizoram,,,,23.98388889,92.68305556,,,,uploaded landslide_report.pdf
23045,MIZ/KOL/2023/177,Mizoram,,,,23.97222222,92.68333333,,,,uploaded landslide_report.pdf
23046,MIZ/KOL/2023/178,Mizoram,,,,23.97083333,92.6825,,,,uploaded landslide_report.pdf
23047,MIZ/KOL/2023/179,Mizoram,,,,23.94722222,92.68527778,,,,uploaded landslide_report.pdf
23048,MIZ/KOL/2023/180,Mizoram,,,,23.94138889,92.68305556,,,,uploaded landslide_report.pdf
23049,MIZ/KOL/2023/181,Mizoram,,,,23.94722222,92.68277778,,,,uploaded landslide_report.pdf
23050,MIZ/KOL/2023/182,Mizoram,,,,23.94,92.68277778,,,,uploaded landslide_report.pdf
23051,MIZ/KOL/2023/183,Mizoram,,,,23.93916667,92.68,,,,uploaded landslide_report.pdf
23052,MIZ/KOL/2023/184,Mizoram,,,,23.93583333,92.67805556,,,,uploaded landslide_report.pdf
23053,MIZ/KOL/2023/185,Mizoram,,,,23.935,92.67777778,,,,uploaded landslide_report.pdf
23054,MIZ/KOL/2023/186,Mizoram,,,,23.93388889,92.67555556,,,,uploaded landslide_report.pdf
23055,MIZ/KOL/2023/187,Mizoram,,,,23.93361111,92.67388889,,,,uploaded landslide_report.pdf
23056,MIZ/KOL/2023/188,Mizoram,,,,23.93333333,92.67305556,,,,uploaded landslide_report.pdf
23057,MIZ/KOL/2023/189,Mizoram,,,,23.93444444,92.66416667,,,,uploaded landslide_report.pdf
23058,MIZ/KOL/2023/190,Mizoram,,,,23.93055556,92.65638889,,,,uploaded landslide_report.pdf
23059,MIZ/KOL/2023/191,Mizoram,,,,23.95055556,92.785,,,,uploaded landslide_report.pdf
23060,MIZ/KOL/2023/192,Mizoram,,,,24.00972222,92.76555556,,,,uploaded landslide_report.pdf
23061,MIZ/KOL/2023/193,Mizoram,,,,24.06638889,92.78194444,,,,uploaded landslide_report.pdf
23062,MIZ/KOL/2023/194,Mizoram,,,,24.06916667,92.78638889,,,,uploaded landslide_report.pdf
23063,MIZ/KOL/2023/195,Mizoram,,,,24.0775,92.79055556,,,,uploaded landslide_report.pdf
23064,MIZ/KOL/2023/196,Mizoram,,,,24.08222222,92.79305556,,,,uploaded landslide_report.pdf
23065,MIZ/KOL/2023/197,Mizoram,,,,24.10027778,92.79583333,,,,uploaded landslide_report.pdf
23066,MIZ/KOL/2023/198,Mizoram,,,,24.0525,92.66833333,,,,uploaded landslide_report.pdf
23067,MIZ/KOL/2023/199,Mizoram,,,,24.05138889,92.66833333,,,,uploaded landslide_report.pdf
23068,MIZ/KOL/2023/200,Mizoram,,,,24.04777778,92.66777778,,,,uploaded landslide_report.pdf
23069,MIZ/KOL/2023/201,Mizoram,,,,24.05361111,92.66555556,,,,uploaded landslide_report.pdf
23070,MIZ/KOL/2023/202,Mizoram,,,,24.05722222,92.66583333,,,,uploaded landslide_report.pdf
23071,MIZ/KOL/2023/203,Mizoram,,,,24.06111111,92.59972222,,,,uploaded landslide_report.pdf
23072,MIZ/KOL/2023/204,Mizoram,,,,24.06194444,92.59444444,,,,uploaded landslide_report.pdf
23073,MIZ/KOL/2023/205,Mizoram,,,,24.06333333,92.59277778,,,,uploaded landslide_report.pdf
23074,MIZ/AZL/2023/206,Mizoram,,,,23.63472222,92.855,,,,uploaded landslide_report.pdf
23075,MIZ/AZL/2023/207,Mizoram,,,,23.69472222,92.85916667,,,,uploaded landslide_report.pdf
23076,MIZ/KOL/2023/208,Mizoram,,,,24.18055556,92.69555556,,,,uploaded landslide_report.pdf
23077,MIZ/KOL/2023/209,Mizoram,,,,24.24472222,92.69111111,,,,uploaded landslide_report.pdf
23078,MIZ/KOL/2023/210,Mizoram,,,,24.24722222,92.69333333,,,,uploaded landslide_report.pdf
23079,MIZ/KOL/2023/211,Mizoram,,,,24.26944444,92.69222222,,,,uploaded landslide_report.pdf
23080,MIZ/KOL/2023/212,Mizoram,,,,24.19111111,92.60222222,,,,uploaded landslide_report.pdf
23081,MIZ/KOL/2023/213,Mizoram,,,,24.17555556,92.57222222,,,,uploaded landslide_report.pdf
23082,MIZ/KOL/2023/214,Mizoram,,,,24.17638889,92.57333333,,,,uploaded landslide_report.pdf
23083,MIZ/AZL/2023/215,Mizoram,,,,23.72055556,92.80055556,,,,uploaded landslide_report.pdf
23084,MIZ/AZL/2024/216,Mizoram,,,,23.57472222,92.85277778,,,,uploaded landslide_report.pdf
23085,MIZ/AZL/2024/217,Mizoram,,,,23.59194444,92.84972222,,,,uploaded landslide_report.pdf
23086,MIZ/AZL/2024/218,Mizoram,,,,23.59833333,92.85194444,,,,uploaded landslide_report.pdf
23087,MIZ/AZL/2024/219,Mizoram,,,,23.60416667,92.85472222,,,,uploaded landslide_report.pdf
23088,MIZ/AZL/2024/220,Mizoram,,,,23.60861111,92.85055556,,,,uploaded landslide_report.pdf
23089,MIZ/AZL/2024/221,Mizoram,,,,23.62,92.85055556,,,,uploaded landslide_report.pdf
23090,MIZ/AZL/2024/222,Mizoram,,,,23.62055556,92.85083333,,,,uploaded landslide_report.pdf
23091,MIZ/AZL/2024/223,Mizoram,,,,23.63472222,92.85527778,,,,uploaded landslide_report.pdf
23092,MIZ/AZL/2024/224,Mizoram,,,,23.64222222,92.855,,,,uploaded landslide_report.pdf
23093,MIZ/AZL/2024/225,Mizoram,,,,23.65583333,92.86111111,,,,uploaded landslide_report.pdf
23094,MIZ/AZL/2024/226,Mizoram,,,,23.73722222,92.7425,,,,uploaded landslide_report.pdf
23095,MIZ/AZL/2024/227,Mizoram,,,,23.73305556,92.75,,,,uploaded landslide_report.pdf
23096,MIZ/AZL/2024/228,Mizoram,,,,23.73222222,92.75,,,,uploaded landslide_report.pdf
23097,MIZ/AZL/2024/229,Mizoram,,,,23.73194444,92.75,,,,uploaded landslide_report.pdf
23098,MIZ/AZL/2024/230,Mizoram,,,,23.74083333,92.74111111,,,,uploaded landslide_report.pdf
23099,MIZ/AZL/2024/231,Mizoram,,,,23.74916667,92.7375,,,,uploaded landslide_report.pdf
23100,MIZ/AZL/2024/232,Mizoram,,,,23.74972222,92.73888889,,,,uploaded landslide_report.pdf
23101,MIZ/AZL/2024/233,Mizoram,,,,23.75972222,92.73583333,,,,uploaded landslide_report.pdf
23102,MIZ/AZL/2024/234,Mizoram,,,,23.75972222,92.74083333,,,,uploaded landslide_report.pdf
23103,MIZ/AZL/2024/235,Mizoram,,,,23.76972222,92.74472222,,,,uploaded landslide_report.pdf
23104,MIZ/AZL/2024/236,Mizoram,,,,23.76944444,92.73583333,,,,uploaded landslide_report.pdf
23105,MIZ/AZL/2024/237,Mizoram,,,,23.76388889,92.73388889,,,,uploaded landslide_report.pdf
23106,MIZ/AZL/2024/238,Mizoram,,,,23.76055556,92.73194444,,,,uploaded landslide_report.pdf
23107,MIZ/AZL/2024/239,Mizoram,,,,23.71583333,92.72,,,,uploaded landslide_report.pdf
23108,MIZ/AZL/2024/240,Mizoram,,,,23.7413587,92.7075844,,,,uploaded landslide_report.pdf
23109,MIZ/AZL/2024/241,Mizoram,,,,23.73888889,92.71472222,,,,uploaded landslide_report.pdf
23110,MIZ/AZL/2024/242,Mizoram,,,,23.73694444,92.715,,,,uploaded landslide_report.pdf
23111,MIZ/AZL/2024/243,Mizoram,,,,23.73722222,92.71972222,,,,uploaded landslide_report.pdf
23112,MIZ/AZL/2024/244,Mizoram,,,,22.74694444,92.69583333,,,,uploaded landslide_report.pdf
23113,MIZ/AZL/2024/245,Mizoram,,,,23.75138889,92.69583333,,,,uploaded landslide_report.pdf
23114,MIZ/AZL/2024/246,Mizoram,,,,23.75083333,92.69527778,,,,uploaded landslide_report.pdf
23115,MIZ/AZL/2024/247,Mizoram,,,,23.74916667,92.69416667,,,,uploaded landslide_report.pdf
23116,MIZ/AZL/2024/248,Mizoram,,,,23.74055556,92.71222222,,,,uploaded landslide_report.pdf
23117,MIZ/AZL/2024/249,Mizoram,,,,23.74194444,92.71305556,,,,uploaded landslide_report.pdf
23118,MIZ/AZL/2024/250,Mizoram,,,,23.74388889,92.71222222,,,,uploaded landslide_report.pdf
23119,MIZ/AZL/2024/252,Mizoram,,,,23.74722222,92.71805556,,,,uploaded landslide_report.pdf
23120,MIZ/AZL/2024/253,Mizoram,,,,23.76583333,92.71527778,,,,uploaded landslide_report.pdf
23121,MIZ/AZL/2024/254,Mizoram,,,,23.69277778,92.72055556,,,,uploaded landslide_report.pdf
23122,MIZ/AZL/2024/255,Mizoram,,,,23.69305556,92.72111111,,,,uploaded landslide_report.pdf
23123,MIZ/AZL/2024/256,Mizoram,,,,23.69361111,92.72083333,,,,uploaded landslide_report.pdf
23124,MIZ/AZL/2024/257,Mizoram,,,,23.71111111,92.72861111,,,,uploaded landslide_report.pdf
23125,MIZ/AZL/2024/258,Mizoram,,,,23.6975,92.72527778,,,,uploaded landslide_report.pdf
23126,MIZ/AZL/2024/259,Mizoram,,,,23.70444444,92.76333333,,,,uploaded landslide_report.pdf
23127,MIZ/AZL/2024/260,Mizoram,,,,23.72722222,92.75944444,,,,uploaded landslide_report.pdf
23128,MIZ/AZL/2024/261,Mizoram,,,,23.7275,92.75777778,,,,uploaded landslide_report.pdf
23129,MIZ/AZL/2024/262,Mizoram,,,,23.69777778,92.71944444,,,,uploaded landslide_report.pdf
23130,MIZ/AZL/2024/263,Mizoram,,,,23.69972222,92.7175,,,,uploaded landslide_report.pdf
23131,MIZ/AZL/2024/264,Mizoram,,,,23.69333333,92.76694444,,,,uploaded landslide_report.pdf
23132,MIZ/AZL/2024/265,Mizoram,,,,23.70972222,92.72222222,,,,uploaded landslide_report.pdf
23133,MIZ/AZL/2024/266,Mizoram,,,,23.69944444,92.71972222,,,,uploaded landslide_report.pdf
23134,MIZ/AZL/2024/267,Mizoram,,,,23.70888889,92.75083333,,,,uploaded landslide_report.pdf
23135,MIZ/AZL/2024/268,Mizoram,,,,23.68916667,92.72055556,,,,uploaded landslide_report.pdf
23136,MIZ/AZL/2024/269,Mizoram,,,,23.67805556,92.76361111,,,,uploaded landslide_report.pdf
23137,MIZ/AZL/2024/270,Mizoram,,,,23.70277778,92.72083333,,,,uploaded landslide_report.pdf
23138,MIZ/AZL/2024/271,Mizoram,,,,23.7025,92.72138889,,,,uploaded landslide_report.pdf
23139,MIZ/AZL/2024/272,Mizoram,,,,23.69805556,92.72277778,,,,uploaded landslide_report.pdf
23140,MIZ/AZL/2024/273,Mizoram,,,,23.69361111,92.7225,,,,uploaded landslide_report.pdf
23141,MIZ/AZL/2024/274,Mizoram,,,,23.67972222,92.72333333,,,,uploaded landslide_report.pdf
23142,MIZ/AZL/2024/275,Mizoram,,,,23.67305556,92.72333333,,,,uploaded landslide_report.pdf
23143,MIZ/AZL/2024/276,Mizoram,,,,23.67555556,92.7225,,,,uploaded landslide_report.pdf
23144,MIZ/AZL/2024/277,Mizoram,,,,23.67666667,92.73138889,,,,uploaded landslide_report.pdf
23145,MIZ/AZL/2024/278,Mizoram,,,,23.66416667,92.72055556,,,,uploaded landslide_report.pdf
23146,MIZ/AZL/2024/279,Mizoram,,,,23.66055556,92.72527778,,,,uploaded landslide_report.pdf
23147,MIZ/AZL/2024/280,Mizoram,,,,23.66,92.72638889,,,,uploaded landslide_report.pdf
23148,MIZ/AZL/2024/281,Mizoram,,,,23.65527778,92.72694444,,,,uploaded landslide_report.pdf
23149,MIZ/AZL/2024/282,Mizoram,,,,23.65138889,92.72694444,,,,uploaded landslide_report.pdf
23150,MIZ/AZL/2024/283,Mizoram,,,,23.64555556,92.72444444,,,,uploaded landslide_report.pdf
23151,MIZ/AZL/2024/284,Mizoram,,,,23.64666667,92.71916667,,,,uploaded landslide_report.pdf
23152,MIZ/AZL/2024/285,Mizoram,,,,23.64444444,92.72527778,,,,uploaded landslide_report.pdf
23153,MIZ/AZL/2024/286,Mizoram,,,,23.64166667,92.72416667,,,,uploaded landslide_report.pdf
23154,MIZ/AZL/2024/287,Mizoram,,,,23.64083333,92.72472222,,,,uploaded landslide_report.pdf
23155,MIZ/AZL/2024/288,Mizoram,,,,23.6375,92.72277778,,,,uploaded landslide_report.pdf
23156,MIZ/AZL/2024/289,Mizoram,,,,23.64222222,92.7275,,,,uploaded landslide_report.pdf
23157,MIZ/AZL/2024/290,Mizoram,,,,23.64222222,92.72805556,,,,uploaded landslide_report.pdf
23158,MIZ/AZL/2024/291,Mizoram,,,,23.64166667,92.71833333,,,,uploaded landslide_report.pdf
23159,MIZ/AZL/2024/292,Mizoram,,,,23.63611111,92.72333333,,,,uploaded landslide_report.pdf
23160,MIZ/AZL/2024/294,Mizoram,,,,23.62611111,92.72638889,,,,uploaded landslide_report.pdf
23161,MIZ/AZL/2024/295,Mizoram,,,,23.6325,92.72388889,,,,uploaded landslide_report.pdf
23162,MIZ/AZL/2024/296,Mizoram,,,,23.62972222,92.72666667,,,,uploaded landslide_report.pdf
23163,MIZ/AZL/2024/297,Mizoram,,,,23.62972222,92.72555556,,,,uploaded landslide_report.pdf
23164,MIZ/AZL/2024/299,Mizoram,,,,23.67416667,92.72055556,,,,uploaded landslide_report.pdf
23165,MIZ/AZL/2024/300,Mizoram,,,,23.66166667,92.72416667,,,,uploaded landslide_report.pdf
23166,MIZ/AZL/2024/301,Mizoram,,,,23.66,92.72805556,,,,uploaded landslide_report.pdf
23167,MIZ/AZL/2024/302,Mizoram,,,,23.61611111,92.71722222,,,,uploaded landslide_report.pdf
23168,MIZ/AZL/2024/303,Mizoram,,,,23.61027778,92.70527778,,,,uploaded landslide_report.pdf
23169,MIZ/AZL/2024/304,Mizoram,,,,23.615,92.7175,,,,uploaded landslide_report.pdf
23170,MIZ/AZL/2024/305,Mizoram,,,,23.61861111,92.72611111,,,,uploaded landslide_report.pdf
23171,MIZ/AZL/2024/306,Mizoram,,,,23.60555556,92.725,,,,uploaded landslide_report.pdf
23172,MIZ/AZL/2024/307,Mizoram,,,,23.58694444,92.8175,,,,uploaded landslide_report.pdf
23173,MIZ/AZL/2024/308,Mizoram,,,,23.59194444,92.82833333,,,,uploaded landslide_report.pdf
23174,MIZ/AZL/2024/309,Mizoram,,,,23.59444444,92.82861111,,,,uploaded landslide_report.pdf
23175,MIZ/AZL/2024/310,Mizoram,,,,23.60083333,92.83027778,,,,uploaded landslide_report.pdf
23176,MIZ/AZL/2024/311,Mizoram,,,,23.59861111,92.8225,,,,uploaded landslide_report.pdf
23177,MIZ/AZL/2024/312,Mizoram,,,,23.59194444,92.75055556,,,,uploaded landslide_report.pdf
23178,MIZ/AZL/2024/313,Mizoram,,,,23.595,92.81611111,,,,uploaded landslide_report.pdf
23179,MIZ/AZL/2024/314,Mizoram,,,,23.59638889,92.81583333,,,,uploaded landslide_report.pdf
23180,MIZ/AZL/2024/315,Mizoram,,,,23.5975,92.81388889,,,,uploaded landslide_report.pdf
23181,MIZ/AZL/2024/316,Mizoram,,,,23.59722222,92.81194444,,,,uploaded landslide_report.pdf
23182,MIZ/AZL/2024/317,Mizoram,,,,23.60111111,92.81305556,,,,uploaded landslide_report.pdf
23183,MIZ/AZL/2024/318,Mizoram,,,,23.60277778,92.81444444,,,,uploaded landslide_report.pdf
23184,MIZ/AZL/2024/319,Mizoram,,,,23.60861111,92.80972222,,,,uploaded landslide_report.pdf
23185,MIZ/AZL/2024/320,Mizoram,,,,23.6088,92.80972222,,,,uploaded landslide_report.pdf
23186,MIZ/AZL/2024/321,Mizoram,,,,23.60861111,92.8096,,,,uploaded landslide_report.pdf
23187,MIZ/AZL/2024/322,Mizoram,,,,23.60888889,92.8075,,,,uploaded landslide_report.pdf
23188,MIZ/AZL/2024/323,Mizoram,,,,23.60972222,92.80916667,,,,uploaded landslide_report.pdf
23189,MIZ/AZL/2024/324,Mizoram,,,,23.61361111,92.80777778,,,,uploaded landslide_report.pdf
23190,MIZ/AZL/2024/325,Mizoram,,,,23.61138889,92.80722222,,,,uploaded landslide_report.pdf
23191,MIZ/AZL/2024/326,Mizoram,,,,23.61,92.80722222,,,,uploaded landslide_report.pdf
23192,MIZ/AZL/2024/327,Mizoram,,,,23.61222222,92.80527778,,,,uploaded landslide_report.pdf
23193,MIZ/AZL/2024/328,Mizoram,,,,23.61138889,92.80333333,,,,uploaded landslide_report.pdf
23194,MIZ/AZL/2024/329,Mizoram,,,,23.60944444,92.80444444,,,,uploaded landslide_report.pdf
23195,MIZ/AZL/2024/330,Mizoram,,,,23.60972222,92.80027778,,,,uploaded landslide_report.pdf
23196,MIZ/AZL/2024/331,Mizoram,,,,23.60972222,92.79972222,,,,uploaded landslide_report.pdf
23197,MIZ/AZL/2024/332,Mizoram,,,,23.61222222,92.79944444,,,,uploaded landslide_report.pdf
23198,MIZ/AZL/2024/333,Mizoram,,,,23.61222222,92.79944444,,,,uploaded landslide_report.pdf
23199,MIZ/AZL/2024/334,Mizoram,,,,23.6125,92.80027778,,,,uploaded landslide_report.pdf
23200,MIZ/AZL/2024/335,Mizoram,,,,23.61277778,92.80083333,,,,uploaded landslide_report.pdf
23201,MIZ/AZL/2024/336,Mizoram,,,,23.61361111,92.8,,,,uploaded landslide_report.pdf
23202,MIZ/AZL/2024/337,Mizoram,,,,23.61388889,92.80083333,,,,uploaded landslide_report.pdf
23203,MIZ/AZL/2024/338,Mizoram,,,,23.61472222,92.80111111,,,,uploaded landslide_report.pdf
23204,MIZ/AZL/2024/339,Mizoram,,,,23.61555556,92.79972222,,,,uploaded landslide_report.pdf
23205,MIZ/AZL/2024/340,Mizoram,,,,23.61694444,92.80027778,,,,uploaded landslide_report.pdf
23206,MIZ/AZL/2024/341,Mizoram,,,,23.61611111,92.79944444,,,,uploaded landslide_report.pdf
23207,MIZ/AZL/2024/342,Mizoram,,,,23.61611111,92.79777778,,,,uploaded landslide_report.pdf
23208,MIZ/AZL/2024/343,Mizoram,,,,23.61472222,92.79583333,,,,uploaded landslide_report.pdf
23209,MIZ/AZL/2024/344,Mizoram,,,,23.615,92.79222222,,,,uploaded landslide_report.pdf
23210,MIZ/AZL/2024/345,Mizoram,,,,23.61583333,92.79111111,,,,uploaded landslide_report.pdf
23211,MIZ/AZL/2024/346,Mizoram,,,,23.61861111,92.79,,,,uploaded landslide_report.pdf
23212,MIZ/AZL/2024/348,Mizoram,,,,23.61972222,92.78916667,,,,uploaded landslide_report.pdf
23213,MIZ/AZL/2024/349,Mizoram,,,,23.62194444,92.78972222,,,,uploaded landslide_report.pdf
23214,MIZ/AZL/2024/350,Mizoram,,,,23.62333333,92.78888889,,,,uploaded landslide_report.pdf
23215,MIZ/AZL/2024/351,Mizoram,,,,23.62361111,92.78888889,,,,uploaded landslide_report.pdf
23216,MIZ/AZL/2024/352,Mizoram,,,,23.62527778,92.78638889,,,,uploaded landslide_report.pdf
23217,MIZ/AZL/2024/353,Mizoram,,,,23.60638889,92.7775,,,,uploaded landslide_report.pdf
23218,MIZ/AZL/2024/354,Mizoram,,,,23.60666667,92.76861111,,,,uploaded landslide_report.pdf
23219,MIZ/AZL/2024/355,Mizoram,,,,23.6025,92.76527778,,,,uploaded landslide_report.pdf
23220,MIZ/AZL/2024/356,Mizoram,,,,23.60138889,92.76472222,,,,uploaded landslide_report.pdf
23221,MIZ/AZL/2024/357,Mizoram,,,,23.60027778,92.75888889,,,,uploaded landslide_report.pdf
23222,MIZ/AZL/2024/358,Mizoram,,,,23.60111111,92.75888889,,,,uploaded landslide_report.pdf
23223,MIZ/AZL/2024/359,Mizoram,,,,23.60972222,92.75611111,,,,uploaded landslide_report.pdf
23224,MIZ/AZL/2024/360,Mizoram,,,,23.61,92.75055556,,,,uploaded landslide_report.pdf
23225,MIZ/AZL/2024/361,Mizoram,,,,23.60805556,92.74083333,,,,uploaded landslide_report.pdf
23226,MIZ/AZL/2024/362,Mizoram,,,,23.60472222,92.72055556,,,,uploaded landslide_report.pdf
23227,MIZ/AZL/2024/363,Mizoram,,,,23.60138889,92.71888889,,,,uploaded landslide_report.pdf
23228,MIZ/AZL/2024/364,Mizoram,,,,23.60111111,92.7225,,,,uploaded landslide_report.pdf
23229,MIZ/AZL/2024/365,Mizoram,,,,23.59527778,92.71722222,,,,uploaded landslide_report.pdf
23230,MIZ/AZL/2024/366,Mizoram,,,,23.59055556,92.71611111,,,,uploaded landslide_report.pdf
23231,MIZ/AZL/2024/367,Mizoram,,,,23.59027778,92.71583333,,,,uploaded landslide_report.pdf
23232,MIZ/AZL/2024/368,Mizoram,,,,23.58777778,92.71277778,,,,uploaded landslide_report.pdf
23233,MIZ/AZL/2024/369,Mizoram,,,,23.58638889,92.71388889,,,,uploaded landslide_report.pdf
23234,MIZ/AZL/2024/370,Mizoram,,,,23.58388889,92.71166667,,,,uploaded landslide_report.pdf
23235,MIZ/AZL/2024/371,Mizoram,,,,23.58277778,92.71333333,,,,uploaded landslide_report.pdf
23236,MIZ/AZL/2024/372,Mizoram,,,,23.57888889,92.7125,,,,uploaded landslide_report.pdf
23237,MIZ/AZL/2024/373,Mizoram,,,,23.58166667,92.71027778,,,,uploaded landslide_report.pdf
23238,MIZ/AZL/2024/374,Mizoram,,,,23.58583333,92.7,,,,uploaded landslide_report.pdf
23239,MIZ/AZL/2024/375,Mizoram,,,,23.57638889,92.69055556,,,,uploaded landslide_report.pdf
23240,MIZ/AZL/2024/376,Mizoram,,,,23.57833333,92.71222222,,,,uploaded landslide_report.pdf
23241,MIZ/AZL/2024/377,Mizoram,,,,23.57888889,92.7125,,,,uploaded landslide_report.pdf
23242,MIZ/AZL/2024/378,Mizoram,,,,23.57361111,92.71222222,,,,uploaded landslide_report.pdf
23243,MIZ/AZL/2024/379,Mizoram,,,,23.57222222,92.71166667,,,,uploaded landslide_report.pdf
23244,MIZ/AZL/2024/380,Mizoram,,,,23.57138889,92.71111111,,,,uploaded landslide_report.pdf
23245,MIZ/AZL/2024/381,Mizoram,,,,23.57138889,92.70888889,,,,uploaded landslide_report.pdf
23246,MIZ/AZL/2024/382,Mizoram,,,,23.57138889,92.70972222,,,,uploaded landslide_report.pdf
23247,MIZ/AZL/2024/383,Mizoram,,,,23.57055556,92.70888889,,,,uploaded landslide_report.pdf
23248,MIZ/AZL/2024/384,Mizoram,,,,23.57027778,92.70722222,,,,uploaded landslide_report.pdf
23249,MIZ/AZL/2024/385,Mizoram,,,,23.55388889,92.70472222,,,,uploaded landslide_report.pdf
23250,MIZ/AZL/2024/386,Mizoram,,,,23.55444444,92.70527778,,,,uploaded landslide_report.pdf
23251,MIZ/AZL/2024/387,Mizoram,,,,23.5625,92.70777778,,,,uploaded landslide_report.pdf
23252,MIZ/AZL/2024/388,Mizoram,,,,23.56555556,92.7075,,,,uploaded landslide_report.pdf
23253,MIZ/AZL/2024/389,Mizoram,,,,23.55,92.70444444,,,,uploaded landslide_report.pdf
23254,MIZ/AZL/2024/390,Mizoram,,,,23.53222222,92.735,,,,uploaded landslide_report.pdf
23255,MIZ/AZL/2024/391,Mizoram,,,,23.58611111,92.72944444,,,,uploaded landslide_report.pdf
23256,MIZ/AZL/2024/392,Mizoram,,,,23.56583333,92.72666667,,,,uploaded landslide_report.pdf
23257,MIZ/AZL/2024/393,Mizoram,,,,23.56361111,92.73277778,,,,uploaded landslide_report.pdf
23258,MIZ/AZL/2024/394,Mizoram,,,,23.5575,92.7275,,,,uploaded landslide_report.pdf
23259,MIZ/AZL/2024/395,Mizoram,,,,23.55055556,92.74833333,,,,uploaded landslide_report.pdf
23260,MIZ/AZL/2024/396,Mizoram,,,,23.54583333,92.71861111,,,,uploaded landslide_report.pdf
23261,MIZ/AZL/2024/397,Mizoram,,,,23.54555556,92.72111111,,,,uploaded landslide_report.pdf
23262,MIZ/AZL/2024/399,Mizoram,,,,23.54388889,92.72222222,,,,uploaded landslide_report.pdf
23263,MIZ/AZL/2024/400,Mizoram,,,,23.54277778,92.72361111,,,,uploaded landslide_report.pdf
23264,MIZ/AZL/2024/401,Mizoram,,,,23.53555556,92.72333333,,,,uploaded landslide_report.pdf
23265,MIZ/AZL/2024/402,Mizoram,,,,23.53805556,92.71861111,,,,uploaded landslide_report.pdf
23266,MIZ/AZL/2024/403,Mizoram,,,,23.53861111,92.71805556,,,,uploaded landslide_report.pdf
23267,MIZ/AZL/2024/404,Mizoram,,,,23.53972222,92.71777778,,,,uploaded landslide_report.pdf
23268,MIZ/AZL/2024/405,Mizoram,,,,23.54055556,92.71666667,,,,uploaded landslide_report.pdf
23269,MIZ/AZL/2024/406,Mizoram,,,,23.54194444,92.7175,,,,uploaded landslide_report.pdf
23270,MIZ/AZL/2024/407,Mizoram,,,,23.54055556,92.71638889,,,,uploaded landslide_report.pdf
23271,MIZ/AZL/2024/408,Mizoram,,,,23.5425,92.71666667,,,,uploaded landslide_report.pdf
23272,MIZ/AZL/2024/409,Mizoram,,,,23.54833333,92.71083333,,,,uploaded landslide_report.pdf
23273,MIZ/AZL/2024/410,Mizoram,,,,23.54666667,92.70333333,,,,uploaded landslide_report.pdf
23274,MIZ/AZL/2024/411,Mizoram,,,,23.54722222,92.70361111,,,,uploaded landslide_report.pdf
23275,MIZ/AZL/2024/412,Mizoram,,,,23.54777778,92.70416667,,,,uploaded landslide_report.pdf
23276,MIZ/AZL/2024/413,Mizoram,,,,23.54833333,92.70472222,,,,uploaded landslide_report.pdf
23277,MIZ/AZL/2024/414,Mizoram,,,,23.54888889,92.70555556,,,,uploaded landslide_report.pdf
23278,MIZ/AZL/2024/415,Mizoram,,,,23.545,92.70333333,,,,uploaded landslide_report.pdf
23279,MIZ/AZL/2024/416,Mizoram,,,,23.54027778,92.70138889,,,,uploaded landslide_report.pdf
23280,MIZ/AZL/2024/417,Mizoram,,,,23.54027778,92.70111111,,,,uploaded landslide_report.pdf
23281,MIZ/AZL/2024/418,Mizoram,,,,23.53888889,92.70055556,,,,uploaded landslide_report.pdf
23282,MIZ/AZL/2024/419,Mizoram,,,,23.53805556,92.69944444,,,,uploaded landslide_report.pdf
23283,MIZ/AZL/2024/420,Mizoram,,,,23.53694444,92.6975,,,,uploaded landslide_report.pdf
23284,MIZ/AZL/2024/421,Mizoram,,,,23.53611111,92.69777778,,,,uploaded landslide_report.pdf
23285,MIZ/AZL/2024/422,Mizoram,,,,23.53555556,92.69694444,,,,uploaded landslide_report.pdf
23286,MIZ/AZL/2024/423,Mizoram,,,,23.53388889,92.69833333,,,,uploaded landslide_report.pdf
23287,MIZ/AZL/2024/424,Mizoram,,,,23.53388889,92.6975,,,,uploaded landslide_report.pdf
23288,MIZ/AZL/2024/425,Mizoram,,,,23.5325,92.69694444,,,,uploaded landslide_report.pdf
23289,MIZ/AZL/2024/426,Mizoram,,,,23.53027778,92.69666667,,,,uploaded landslide_report.pdf
23290,MIZ/AZL/2024/427,Mizoram,,,,23.52861111,92.6975,,,,uploaded landslide_report.pdf
23291,MIZ/AZL/2024/428,Mizoram,,,,23.52777778,92.69861111,,,,uploaded landslide_report.pdf
23292,MIZ/AZL/2024/429,Mizoram,,,,23.52722222,92.70055556,,,,uploaded landslide_report.pdf
23293,MIZ/AZL/2024/430,Mizoram,,,,23.52666667,92.70083333,,,,uploaded landslide_report.pdf
23294,MIZ/AZL/2024/431,Mizoram,,,,23.52277778,92.70277778,,,,uploaded landslide_report.pdf
23295,MIZ/AZL/2024/432,Mizoram,,,,23.51944444,92.70055556,,,,uploaded landslide_report.pdf
23296,MIZ/AZL/2024/433,Mizoram,,,,23.51611111,92.69833333,,,,uploaded landslide_report.pdf
23297,MIZ/AZL/2024/435,Mizoram,,,,23.51444444,92.69805556,,,,uploaded landslide_report.pdf
23298,MIZ/AZL/2024/436,Mizoram,,,,23.51361111,92.69861111,,,,uploaded landslide_report.pdf
23299,MIZ/AZL/2024/437,Mizoram,,,,23.51055556,92.69972222,,,,uploaded landslide_report.pdf
23300,MIZ/AZL/2024/438,Mizoram,,,,23.50861111,92.69805556,,,,uploaded landslide_report.pdf
23301,MIZ/AZL/2024/439,Mizoram,,,,23.50694444,92.69638889,,,,uploaded landslide_report.pdf
23302,MIZ/AZL/2024/440,Mizoram,,,,23.50611111,92.69694444,,,,uploaded landslide_report.pdf
23303,MIZ/AZL/2024/441,Mizoram,,,,23.50527778,92.6975,,,,uploaded landslide_report.pdf
23304,MIZ/AZL/2024/442,Mizoram,,,,23.66,92.72916667,,,,uploaded landslide_report.pdf
23305,MIZ/AZL/2024/443,Mizoram,,,,23.65888889,92.72861111,,,,uploaded landslide_report.pdf
23306,MIZ/AZL/2024/444,Mizoram,,,,23.55027778,92.70444444,,,,uploaded landslide_report.pdf
23307,MIZ/AZL/2024/445,Mizoram,,,,23.54972222,92.70361111,,,,uploaded landslide_report.pdf
23308,MIZ/AZL/2024/446,Mizoram,,,,23.54972222,92.70361111,,,,uploaded landslide_report.pdf
23309,MIZ/AZL/2024/447,Mizoram,,,,23.54972222,92.70305556,,,,uploaded landslide_report.pdf
23310,MIZ/AZL/2024/448,Mizoram,,,,23.54805556,92.70222222,,,,uploaded landslide_report.pdf
23311,MIZ/AZL/2024/449,Mizoram,,,,23.54777778,92.70166667,,,,uploaded landslide_report.pdf
23312,MIZ/AZL/2024/450,Mizoram,,,,23.54805556,92.70138889,,,,uploaded landslide_report.pdf
23313,MIZ/AZL/2024/451,Mizoram,,,,23.54611111,92.70222222,,,,uploaded landslide_report.pdf
23314,MIZ/AZL/2024/452,Mizoram,,,,23.545,92.7025,,,,uploaded landslide_report.pdf
23315,MIZ/AZL/2024/453,Mizoram,,,,23.54388889,92.70166667,,,,uploaded landslide_report.pdf
23316,MIZ/AZL/2024/454,Mizoram,,,,23.54305556,92.70055556,,,,uploaded landslide_report.pdf
23317,MIZ/AZL/2024/455,Mizoram,,,,23.54194444,92.7,,,,uploaded landslide_report.pdf
23318,MIZ/AZL/2024/456,Mizoram,,,,23.54138889,92.69944444,,,,uploaded landslide_report.pdf
23319,MIZ/AZL/2024/457,Mizoram,,,,23.54111111,92.69444444,,,,uploaded landslide_report.pdf
23320,MIZ/AZL/2024/458,Mizoram,,,,23.54083333,92.69944444,,,,uploaded landslide_report.pdf
23321,MIZ/AZL/2024/459,Mizoram,,,,23.53972222,92.69944444,,,,uploaded landslide_report.pdf
23322,MIZ/AZL/2024/460,Mizoram,,,,23.53777778,92.69833333,,,,uploaded landslide_report.pdf
23323,MIZ/AZL/2024/461,Mizoram,,,,23.53805556,92.69388889,,,,uploaded landslide_report.pdf
23324,MIZ/AZL/2024/462,Mizoram,,,,23.54361111,92.67722222,,,,uploaded landslide_report.pdf
23325,MIZ/AZL/2024/463,Mizoram,,,,23.53944444,92.685,,,,uploaded landslide_report.pdf
23326,MIZ/AZL/2024/464,Mizoram,,,,23.53611111,92.68444444,,,,uploaded landslide_report.pdf
23327,MIZ/AZL/2024/465,Mizoram,,,,23.54277778,92.67638889,,,,uploaded landslide_report.pdf
23328,MIZ/AZL/2024/466,Mizoram,,,,23.5425,92.67666667,,,,uploaded landslide_report.pdf
23329,MIZ/AZL/2024/467,Mizoram,,,,23.5425,92.67694444,,,,uploaded landslide_report.pdf
23330,MIZ/AZL/2024/468,Mizoram,,,,23.54194444,92.67638889,,,,uploaded landslide_report.pdf
23331,MIZ/AZL/2024/469,Mizoram,,,,23.54277778,92.67472222,,,,uploaded landslide_report.pdf
23332,MIZ/AZL/2024/470,Mizoram,,,,23.54305556,92.66638889,,,,uploaded landslide_report.pdf
23333,MIZ/AZL/2024/471,Mizoram,,,,23.54333333,92.66472222,,,,uploaded landslide_report.pdf
23334,MIZ/AZL/2024/472,Mizoram,,,,23.54166667,92.66472222,,,,uploaded landslide_report.pdf
23335,MIZ/AZL/2024/473,Mizoram,,,,23.54166667,92.66555556,,,,uploaded landslide_report.pdf
23336,MIZ/AZL/2024/474,Mizoram,,,,23.53944444,92.66527778,,,,uploaded landslide_report.pdf
23337,MIZ/AZL/2024/475,Mizoram,,,,23.53916667,92.66444444,,,,uploaded landslide_report.pdf
23338,MIZ/AZL/2024/476,Mizoram,,,,23.53888889,92.6625,,,,uploaded landslide_report.pdf
23339,MIZ/AZL/2024/477,Mizoram,,,,23.53805556,92.66305556,,,,uploaded landslide_report.pdf
23340,MIZ/AZL/2024/478,Mizoram,,,,23.53805556,92.6625,,,,uploaded landslide_report.pdf
23341,MIZ/AZL/2024/479,Mizoram,,,,23.53805556,92.66166667,,,,uploaded landslide_report.pdf
23342,MIZ/AZL/2024/480,Mizoram,,,,23.53861111,92.65916667,,,,uploaded landslide_report.pdf
23343,MIZ/AZL/2024/481,Mizoram,,,,23.53888889,92.65888889,,,,uploaded landslide_report.pdf
23344,MIZ/AZL/2024/482,Mizoram,,,,23.5325,92.65555556,,,,uploaded landslide_report.pdf
23345,MIZ/AZL/2024/483,Mizoram,,,,23.53944444,92.65888889,,,,uploaded landslide_report.pdf
23346,MIZ/AZL/2024/484,Mizoram,,,,23.53611111,92.65527778,,,,uploaded landslide_report.pdf
23347,MIZ/AZL/2024/485,Mizoram,,,,23.5275,92.65472222,,,,uploaded landslide_report.pdf
23348,MIZ/AZL/2024/486,Mizoram,,,,23.52694444,92.65444444,,,,uploaded landslide_report.pdf
23349,MIZ/AZL/2024/487,Mizoram,,,,23.52555556,92.65333333,,,,uploaded landslide_report.pdf
23350,MIZ/AZL/2024/488,Mizoram,,,,23.52583333,92.63861111,,,,uploaded landslide_report.pdf
23351,MIZ/AZL/2024/489,Mizoram,,,,23.45083333,92.6825,,,,uploaded landslide_report.pdf
23352,MIZ/AZL/2024/490,Mizoram,,,,23.45111111,92.68166667,,,,uploaded landslide_report.pdf
23353,MIZ/AZL/2024/491,Mizoram,,,,23.45027778,92.6825,,,,uploaded landslide_report.pdf
23354,MIZ/AZL/2024/492,Mizoram,,,,23.45,92.68166667,,,,uploaded landslide_report.pdf
23355,MIZ/AZL/2024/493,Mizoram,,,,23.45055556,92.68138889,,,,uploaded landslide_report.pdf
23356,MIZ/AZL/2024/494,Mizoram,,,,23.45138889,92.68083333,,,,uploaded landslide_report.pdf
23357,MIZ/AZL/2024/495,Mizoram,,,,23.45138889,92.68,,,,uploaded landslide_report.pdf
23358,MIZ/AZL/2024/496,Mizoram,,,,23.45083333,92.67944444,,,,uploaded landslide_report.pdf
23359,MIZ/AZL/2024/497,Mizoram,,,,23.45194444,92.66944444,,,,uploaded landslide_report.pdf
23360,MIZ/AZL/2024/498,Mizoram,,,,23.44805556,92.68333333,,,,uploaded landslide_report.pdf
23361,MIZ/AZL/2024/499,Mizoram,,,,23.44583333,92.68444444,,,,uploaded landslide_report.pdf
23362,MIZ/AZL/2024/500,Mizoram,,,,23.44333333,92.68527778,,,,uploaded landslide_report.pdf
23363,MIZ/AZL/2024/501,Mizoram,,,,23.43722222,92.70333333,,,,uploaded landslide_report.pdf
23364,MIZ/AZL/2024/502,Mizoram,,,,23.42722222,92.71194444,,,,uploaded landslide_report.pdf
23365,MIZ/AZL/2024/503,Mizoram,,,,23.42722222,92.71277778,,,,uploaded landslide_report.pdf
23366,MIZ/AZL/2024/504,Mizoram,,,,23.4275,92.71416667,,,,uploaded landslide_report.pdf
23367,MIZ/AZL/2024/505,Mizoram,,,,23.41694444,92.71805556,,,,uploaded landslide_report.pdf
23368,MIZ/AZL/2024/506,Mizoram,,,,23.41638889,92.72027778,,,,uploaded landslide_report.pdf
23369,MIZ/AZL/2024/507,Mizoram,,,,23.41361111,92.72361111,,,,uploaded landslide_report.pdf
23370,MIZ/AZL/2024/508,Mizoram,,,,23.415,92.7375,,,,uploaded landslide_report.pdf
23371,MIZ/AZL/2024/509,Mizoram,,,,23.43416667,92.75222222,,,,uploaded landslide_report.pdf
23372,MIZ/AZL/2024/510,Mizoram,,,,23.41333333,92.73972222,,,,uploaded landslide_report.pdf
23373,MIZ/AZL/2024/511,Mizoram,,,,23.41,92.74944444,,,,uploaded landslide_report.pdf
23374,MIZ/AZL/2024/512,Mizoram,,,,23.32361111,92.78944444,,,,uploaded landslide_report.pdf
23375,MIZ/AZL/2024/513,Mizoram,,,,23.32944444,92.78861111,,,,uploaded landslide_report.pdf
23376,MIZ/AZL/2024/514,Mizoram,,,,23.33194444,92.78916667,,,,uploaded landslide_report.pdf
23377,MIZ/AZL/2024/515,Mizoram,,,,23.33277778,92.78722222,,,,uploaded landslide_report.pdf
23378,MIZ/AZL/2024/516,Mizoram,,,,23.33611111,92.78388889,,,,uploaded landslide_report.pdf
23379,MIZ/AZL/2024/517,Mizoram,,,,23.33361111,92.78194444,,,,uploaded landslide_report.pdf
23380,MIZ/AZL/2024/518,Mizoram,,,,23.33472222,92.78083333,,,,uploaded landslide_report.pdf
23381,MIZ/AZL/2024/519,Mizoram,,,,23.34055556,92.77722222,,,,uploaded landslide_report.pdf
23382,MIZ/AZL/2024/520,Mizoram,,,,23.34111111,92.77666667,,,,uploaded landslide_report.pdf
23383,MIZ/AZL/2024/521,Mizoram,,,,23.34277778,92.77805556,,,,uploaded landslide_report.pdf
23384,MIZ/AZL/2024/522,Mizoram,,,,23.34333333,92.7775,,,,uploaded landslide_report.pdf
23385,MIZ/AZL/2024/523,Mizoram,,,,23.35333333,92.78138889,,,,uploaded landslide_report.pdf
23386,MIZ/AZL/2024/524,Mizoram,,,,23.35416667,92.77027778,,,,uploaded landslide_report.pdf
23387,MIZ/AZL/2024/525,Mizoram,,,,23.355,92.76972222,,,,uploaded landslide_report.pdf
23388,MIZ/AZL/2024/526,Mizoram,,,,23.37972222,92.75166667,,,,uploaded landslide_report.pdf
23389,MIZ/AZL/2024/527,Mizoram,,,,23.37222222,92.755,,,,uploaded landslide_report.pdf
23390,MIZ/AZL/2024/528,Mizoram,,,,23.37194444,92.75527778,,,,uploaded landslide_report.pdf
23391,MIZ/AZL/2024/529,Mizoram,,,,23.37083333,92.75861111,,,,uploaded landslide_report.pdf
23392,MIZ/AZL/2024/530,Mizoram,,,,23.37083333,92.75833333,,,,uploaded landslide_report.pdf
23393,MIZ/AZL/2024/531,Mizoram,,,,23.36805556,92.76138889,,,,uploaded landslide_report.pdf
23394,MIZ/AZL/2024/532,Mizoram,,,,23.36805556,92.76638889,,,,uploaded landslide_report.pdf
23395,MIZ/AZL/2024/533,Mizoram,,,,23.36138889,92.77083333,,,,uploaded landslide_report.pdf
23396,MIZ/AZL/2024/534,Mizoram,,,,23.35694444,92.77027778,,,,uploaded landslide_report.pdf
23397,MIZ/AZL/2024/535,Mizoram,,,,23.35638889,92.77027778,,,,uploaded landslide_report.pdf
23398,MIZ/AZL/2024/536,Mizoram,,,,23.3725,92.75861111,,,,uploaded landslide_report.pdf
23399,MIZ/AZL/2024/537,Mizoram,,,,23.37083333,92.77333333,,,,uploaded landslide_report.pdf
23400,MIZ/AZL/2024/538,Mizoram,,,,23.37361111,92.77611111,,,,uploaded landslide_report.pdf
23401,MIZ/AZL/2024/539,Mizoram,,,,23.39166667,92.75527778,,,,uploaded landslide_report.pdf
23402,MIZ/AZL/2024/540,Mizoram,,,,23.39194444,92.75611111,,,,uploaded landslide_report.pdf
23403,MIZ/AZL/2024/541,Mizoram,,,,23.39333333,92.75805556,,,,uploaded landslide_report.pdf
23404,MIZ/AZL/2024/542,Mizoram,,,,23.39722222,92.75722222,,,,uploaded landslide_report.pdf
23405,MIZ/AZL/2024/543,Mizoram,,,,23.40222222,92.75,,,,uploaded landslide_report.pdf
23406,MIZ/AZL/2024/544,Mizoram,,,,23.41888889,92.76777778,,,,uploaded landslide_report.pdf
23407,MIZ/AZL/2024/545,Mizoram,,,,23.41777778,92.76944444,,,,uploaded landslide_report.pdf
23408,MIZ/AZL/2024/546,Mizoram,,,,23.41805556,92.77111111,,,,uploaded landslide_report.pdf
23409,MIZ/AZL/2024/547,Mizoram,,,,23.41888889,92.77333333,,,,uploaded landslide_report.pdf
23410,MIZ/AZL/2024/548,Mizoram,,,,23.43194444,92.76083333,,,,uploaded landslide_report.pdf
23411,MIZ/AZL/2024/549,Mizoram,,,,23.43388889,92.76111111,,,,uploaded landslide_report.pdf
23412,MIZ/AZL/2024/550,Mizoram,,,,23.42472222,92.74472222,,,,uploaded landslide_report.pdf
23413,MIZ/AZL/2024/551,Mizoram,,,,23.43611111,92.76111111,,,,uploaded landslide_report.pdf
23414,MIZ/AZL/2024/552,Mizoram,,,,23.44138889,92.77888889,,,,uploaded landslide_report.pdf
23415,MIZ/AZL/2024/553,Mizoram,,,,23.44444444,92.79027778,,,,uploaded landslide_report.pdf
23416,MIZ/AZL/2024/555,Mizoram,,,,23.4675,92.74083333,,,,uploaded landslide_report.pdf
23417,MIZ/AZL/2024/556,Mizoram,,,,23.46722222,92.74083333,,,,uploaded landslide_report.pdf
23418,MIZ/AZL/2024/557,Mizoram,,,,23.46916667,92.72083333,,,,uploaded landslide_report.pdf
23419,MIZ/AZL/2024/558,Mizoram,,,,23.46972222,92.71861111,,,,uploaded landslide_report.pdf
23420,MIZ/AZL/2024/559,Mizoram,,,,23.48555556,92.70305556,,,,uploaded landslide_report.pdf
23421,MIZ/AZL/2024/561,Mizoram,,,,23.49083333,92.70555556,,,,uploaded landslide_report.pdf
23422,MIZ/AZL/2024/562,Mizoram,,,,23.49055556,92.70583333,,,,uploaded landslide_report.pdf
23423,MIZ/AZL/2024/563,Mizoram,,,,23.49333333,92.70666667,,,,uploaded landslide_report.pdf
23424,MIZ/AZL/2024/564,Mizoram,,,,23.49444444,92.70416667,,,,uploaded landslide_report.pdf
23425,MIZ/AZL/2024/565,Mizoram,,,,23.49527778,92.70472222,,,,uploaded landslide_report.pdf
23426,MIZ/AZL/2024/566,Mizoram,,,,23.49666667,92.70416667,,,,uploaded landslide_report.pdf
23427,MIZ/AZL/2024/567,Mizoram,,,,23.49861111,92.70388889,,,,uploaded landslide_report.pdf
23428,MIZ/AZL/2024/568,Mizoram,,,,23.49888889,92.7025,,,,uploaded landslide_report.pdf
23429,MIZ/AZL/2024/569,Mizoram,,,,23.49933333,92.70225,,,,uploaded landslide_report.pdf
23430,MIZ/AZL/2024/570,Mizoram,,,,23.66194444,92.85416667,,,,uploaded landslide_report.pdf
23431,MIZ/AZL/2024/571,Mizoram,,,,23.68277778,92.8575,,,,uploaded landslide_report.pdf
23432,MIZ/AZL/2024/572,Mizoram,,,,23.68305556,92.8575,,,,uploaded landslide_report.pdf
23433,MIZ/AZL/2024/573,Mizoram,,,,23.715,92.85472222,,,,uploaded landslide_report.pdf
23434,MIZ/AZL/2024/574,Mizoram,,,,23.685,92.85722222,,,,uploaded landslide_report.pdf
23435,MIZ/AZL/2024/575,Mizoram,,,,23.71388889,92.85722222,,,,uploaded landslide_report.pdf
23436,MIZ/AZL/2024/576,Mizoram,,,,23.68638889,92.85833333,,,,uploaded landslide_report.pdf
23437,MIZ/AZL/2024/577,Mizoram,,,,23.69305556,92.86055556,,,,uploaded landslide_report.pdf
23438,MIZ/AZL/2024/578,Mizoram,,,,23.69472222,92.85972222,,,,uploaded landslide_report.pdf
23439,MIZ/AZL/2024/579,Mizoram,,,,23.71416667,92.85805556,,,,uploaded landslide_report.pdf
23440,MIZ/AZL/2024/580,Mizoram,,,,23.71416667,92.8575,,,,uploaded landslide_report.pdf
23441,MIZ/AZL/2024/581,Mizoram,,,,23.71666667,92.85583333,,,,uploaded landslide_report.pdf
23442,MIZ/AZL/2024/582,Mizoram,,,,23.72722222,92.85472222,,,,uploaded landslide_report.pdf
23443,MIZ/AZL/2024/583,Mizoram,,,,23.72972222,92.85305556,,,,uploaded landslide_report.pdf
23444,MIZ/AZL/2024/584,Mizoram,,,,23.73027778,92.85333333,,,,uploaded landslide_report.pdf
23445,MIZ/AZL/2024/585,Mizoram,,,,23.72888889,92.85388889,,,,uploaded landslide_report.pdf
23446,MIZ/AZL/2024/586,Mizoram,,,,23.73111111,92.84638889,,,,uploaded landslide_report.pdf
23447,MIZ/AZL/2024/587,Mizoram,,,,23.73361111,92.84305556,,,,uploaded landslide_report.pdf
23448,MIZ/AZL/2024/588,Mizoram,,,,23.73555556,92.83583333,,,,uploaded landslide_report.pdf
23449,MIZ/AZL/2024/589,Mizoram,,,,23.73388889,92.76527778,,,,uploaded landslide_report.pdf
23450,MIZ/AZL/2024/590,Mizoram,,,,23.73472222,92.83055556,,,,uploaded landslide_report.pdf
23451,MIZ/AZL/2024/591,Mizoram,,,,23.73305556,92.82527778,,,,uploaded landslide_report.pdf
23452,MIZ/AZL/2024/592,Mizoram,,,,23.73361111,92.82388889,,,,uploaded landslide_report.pdf
23453,MIZ/AZL/2024/593,Mizoram,,,,23.735,92.82194444,,,,uploaded landslide_report.pdf
23454,MIZ/AZL/2024/594,Mizoram,,,,23.73777778,92.825,,,,uploaded landslide_report.pdf
23455,MIZ/AZL/2024/595,Mizoram,,,,23.73944444,92.82638889,,,,uploaded landslide_report.pdf
23456,MIZ/AZL/2024/596,Mizoram,,,,23.75527778,92.82777778,,,,uploaded landslide_report.pdf
23457,MIZ/AZL/2024/597,Mizoram,,,,23.74055556,92.81388889,,,,uploaded landslide_report.pdf
23458,MIZ/AZL/2024/598,Mizoram,,,,23.73944444,92.81333333,,,,uploaded landslide_report.pdf
23459,MIZ/AZL/2024/599,Mizoram,,,,23.73833333,92.81333333,,,,uploaded landslide_report.pdf
23460,MIZ/AZL/2024/600,Mizoram,,,,23.73694444,92.81361111,,,,uploaded landslide_report.pdf
23461,MIZ/AZL/2024/601,Mizoram,,,,23.73472222,92.81333333,,,,uploaded landslide_report.pdf
23462,MIZ/AZL/2024/602,Mizoram,,,,23.73305556,92.80972222,,,,uploaded landslide_report.pdf
23463,MIZ/AZL/2024/603,Mizoram,,,,23.73333333,92.80888889,,,,uploaded landslide_report.pdf
23464,MIZ/AZL/2024/604,Mizoram,,,,23.72916667,92.75888889,,,,uploaded landslide_report.pdf
23465,MIZ/AZL/2024/605,Mizoram,,,,23.73,92.75833333,,,,uploaded landslide_report.pdf
23466,MIZ/AZL/2024/606,Mizoram,,,,23.73055556,92.75916667,,,,uploaded landslide_report.pdf
23467,MIZ/AZL/2024/607,Mizoram,,,,23.73,92.75861111,,,,uploaded landslide_report.pdf
23468,MIZ/AZL/2024/608,Mizoram,,,,23.73055556,92.75861111,,,,uploaded landslide_report.pdf
23469,MIZ/AZL/2024/609,Mizoram,,,,23.73361111,92.76444444,,,,uploaded landslide_report.pdf
23470,MIZ/AZL/2024/610,Mizoram,,,,23.72916667,92.76583333,,,,uploaded landslide_report.pdf
23471,MIZ/AZL/2024/611,Mizoram,,,,23.72805556,92.76583333,,,,uploaded landslide_report.pdf
23472,MIZ/AZL/2024/612,Mizoram,,,,23.73027778,92.76861111,,,,uploaded landslide_report.pdf
23473,MIZ/AZL/2024/613,Mizoram,,,,23.73222222,92.76555556,,,,uploaded landslide_report.pdf
23474,MIZ/AZL/2024/614,Mizoram,,,,23.7275,92.77,,,,uploaded landslide_report.pdf
23475,MIZ/AZL/2024/615,Mizoram,,,,23.73055556,92.77888889,,,,uploaded landslide_report.pdf
23476,MIZ/AZL/2024/616,Mizoram,,,,23.73794444,92.78613889,,,,uploaded landslide_report.pdf
23477,MIZ/AZL/2024/617,Mizoram,,,,23.7375,92.78805556,,,,uploaded landslide_report.pdf
23478,MIZ/AZL/2024/618,Mizoram,,,,23.73416667,92.78861111,,,,uploaded landslide_report.pdf
23479,MIZ/AZL/2024/619,Mizoram,,,,23.7375,92.79277778,,,,uploaded landslide_report.pdf
23480,MIZ/AZL/2024/620,Mizoram,,,,23.73388889,92.79388889,,,,uploaded landslide_report.pdf
23481,MIZ/AZL/2024/621,Mizoram,,,,23.72222222,92.79861111,,,,uploaded landslide_report.pdf
23482,MIZ/AZL/2024/622,Mizoram,,,,23.72138889,92.79944444,,,,uploaded landslide_report.pdf
23483,MIZ/AZL/2024/623,Mizoram,,,,23.72138889,92.85777778,,,,uploaded landslide_report.pdf
23484,MIZ/AZL/2024/624,Mizoram,,,,23.72083333,92.86472222,,,,uploaded landslide_report.pdf
23485,MIZ/AZL/2024/625,Mizoram,,,,23.71194444,92.86888889,,,,uploaded landslide_report.pdf
23486,MIZ/AZL/2024/626,Mizoram,,,,23.71805556,92.86638889,,,,uploaded landslide_report.pdf
23487,MIZ/AZL/2024/627,Mizoram,,,,23.71166667,92.87833333,,,,uploaded landslide_report.pdf
23488,MIZ/AZL/2024/628,Mizoram,,,,23.71111111,92.87861111,,,,uploaded landslide_report.pdf
23489,MIZ/AZL/2024/629,Mizoram,,,,23.70333333,92.87638889,,,,uploaded landslide_report.pdf
23490,MIZ/AZL/2024/630,Mizoram,,,,23.70277778,92.8775,,,,uploaded landslide_report.pdf
23491,MIZ/AZL/2024/631,Mizoram,,,,23.70055556,92.87555556,,,,uploaded landslide_report.pdf
23492,MIZ/AZL/2024/632,Mizoram,,,,23.69916667,92.87277778,,,,uploaded landslide_report.pdf
23493,MIZ/AZL/2024/633,Mizoram,,,,23.69916667,92.87416667,,,,uploaded landslide_report.pdf
23494,MIZ/AZL/2024/634,Mizoram,,,,23.73361111,92.84833333,,,,uploaded landslide_report.pdf
23495,MIZ/AZL/2024/635,Mizoram,,,,23.73361111,92.85305556,,,,uploaded landslide_report.pdf
23496,MIZ/AZL/2024/636,Mizoram,,,,23.735,92.85666667,,,,uploaded landslide_report.pdf
23497,MIZ/AZL/2024/637,Mizoram,,,,23.73666667,92.85611111,,,,uploaded landslide_report.pdf
23498,MIZ/AZL/2024/638,Mizoram,,,,23.73583333,92.85194444,,,,uploaded landslide_report.pdf
23499,MIZ/AZL/2024/639,Mizoram,,,,23.74416667,92.85555556,,,,uploaded landslide_report.pdf
23500,MIZ/AZL/2024/640,Mizoram,,,,23.74361111,92.85416667,,,,uploaded landslide_report.pdf
23501,MIZ/AZL/2024/641,Mizoram,,,,23.76111111,92.84777778,,,,uploaded landslide_report.pdf
23502,MIZ/AZL/2024/642,Mizoram,,,,23.76166667,92.85083333,,,,uploaded landslide_report.pdf
23503,MIZ/AZL/2024/643,Mizoram,,,,23.76527778,92.85,,,,uploaded landslide_report.pdf
23504,MIZ/AZL/2024/644,Mizoram,,,,23.76861111,92.85138889,,,,uploaded landslide_report.pdf
23505,MIZ/AZL/2024/645,Mizoram,,,,23.77777778,92.8479,,,,uploaded landslide_report.pdf
23506,MIZ/AZL/2024/646,Mizoram,,,,23.774,92.848,,,,uploaded landslide_report.pdf
23507,MIZ/AZL/2024/647,Mizoram,,,,23.7775,92.84833333,,,,uploaded landslide_report.pdf
23508,MIZ/AZL/2024/648,Mizoram,,,,23.77833333,92.84666667,,,,uploaded landslide_report.pdf
23509,MIZ/AZL/2024/649,Mizoram,,,,23.77166667,92.84805556,,,,uploaded landslide_report.pdf
23510,MIZ/AZL/2024/650,Mizoram,,,,23.70555556,92.84805556,,,,uploaded landslide_report.pdf
23511,MIZ/AZL/2024/651,Mizoram,,,,24.24463611,93.423125,,,,uploaded landslide_report.pdf
23512,MIZ/AZL/2024/652,Mizoram,,,,23.77361111,92.84944444,,,,uploaded landslide_report.pdf
23513,MIZ/AZL/2024/653,Mizoram,,,,23.815,92.8275,,,,uploaded landslide_report.pdf
23514,MIZ/AZL/2024/654,Mizoram,,,,23.81722222,92.82805556,,,,uploaded landslide_report.pdf
23515,MIZ/AZL/2024/655,Mizoram,,,,23.82166667,92.83055556,,,,uploaded landslide_report.pdf
23516,MIZ/AZL/2024/656,Mizoram,,,,23.82527778,92.8325,,,,uploaded landslide_report.pdf
23517,MIZ/AZL/2024/657,Mizoram,,,,23.82638889,92.8325,,,,uploaded landslide_report.pdf
23518,MIZ/AZL/2024/658,Mizoram,,,,23.83111111,92.83138889,,,,uploaded landslide_report.pdf
23519,MIZ/AZL/2024/659,Mizoram,,,,23.83277778,92.8325,,,,uploaded landslide_report.pdf
23520,MIZ/AZL/2024/660,Mizoram,,,,23.83888889,92.83194444,,,,uploaded landslide_report.pdf
23521,MIZ/AZL/2024/661,Mizoram,,,,23.84777778,92.83694444,,,,uploaded landslide_report.pdf
23522,MIZ/AZL/2024/662,Mizoram,,,,23.85194444,92.83305556,,,,uploaded landslide_report.pdf
23523,MIZ/AZL/2024/663,Mizoram,,,,23.86222222,92.83666667,,,,uploaded landslide_report.pdf
23524,MIZ/AZL/2024/664,Mizoram,,,,23.87694444,92.84,,,,uploaded landslide_report.pdf
23525,MIZ/AZL/2024/665,Mizoram,,,,23.87777778,92.84083333,,,,uploaded landslide_report.pdf
23526,MIZ/AZL/2024/666,Mizoram,,,,23.88583333,92.85055556,,,,uploaded landslide_report.pdf
23527,MIZ/AZL/2024/667,Mizoram,,,,23.89277778,92.85083333,,,,uploaded landslide_report.pdf
23528,MIZ/AZL/2024/668,Mizoram,,,,23.89138889,92.84888889,,,,uploaded landslide_report.pdf
23529,MIZ/AZL/2024/669,Mizoram,,,,23.89305556,92.84722222,,,,uploaded landslide_report.pdf
23530,MIZ/AZL/2024/670,Mizoram,,,,23.88361111,92.85305556,,,,uploaded landslide_report.pdf
23531,MIZ/AZL/2024/671,Mizoram,,,,23.88527778,92.8575,,,,uploaded landslide_report.pdf
23532,MIZ/AZL/2024/672,Mizoram,,,,23.76972222,92.76,,,,uploaded landslide_report.pdf
23533,MIZ/AZL/2024/705,Mizoram,,,,24.03503889,93.54139444,,,,uploaded landslide_report.pdf
23534,MIZ/AZL/2024/706,Mizoram,,,,24.05808333,93.49808333,,,,uploaded landslide_report.pdf
23535,MIZ/AZL/2024/707,Mizoram,,,,24.04531667,93.49220278,,,,uploaded landslide_report.pdf
23536,MIZ/AZL/2024/708,Mizoram,,,,24.090025,93.54191667,,,,uploaded landslide_report.pdf
23537,MIZ/AZL/2024/709,Mizoram,,,,24.10864167,93.54198333,,,,uploaded landslide_report.pdf
23538,MIZ/AZL/2024/710,Mizoram,,,,24.12682222,93.54013889,,,,uploaded landslide_report.pdf
23539,MIZ/AZL/2024/711,Mizoram,,,,24.12715278,93.53351389,,,,uploaded landslide_report.pdf
23540,MIZ/AZL/2024/712,Mizoram,,,,24.17180556,93.54406667,,,,uploaded landslide_report.pdf
23541,MIZ/AZL/2024/713,Mizoram,,,,24.18291667,93.53441944,,,,uploaded landslide_report.pdf
23542,MIZ/AZL/2024/714,Mizoram,,,,24.18566111,93.53935278,,,,uploaded landslide_report.pdf
23543,MIZ/AZL/2024/715,Mizoram,,,,24.24449722,93.55275833,,,,uploaded landslide_report.pdf
23544,MIZ/AZL/2024/716,Mizoram,,,,24.24755556,93.54809722,,,,uploaded landslide_report.pdf
23545,MIZ/AZL/2024/717,Mizoram,,,,24.28840278,93.58591389,,,,uploaded landslide_report.pdf
23546,MIZ/AZL/2024/718,Mizoram,,,,24.29982222,93.59040833,,,,uploaded landslide_report.pdf
23547,MIZ/AZL/2024/719,Mizoram,,,,24.30768611,93.58120556,,,,uploaded landslide_report.pdf
23548,MIZ/AZL/2024/720,Mizoram,,,,24.30711944,93.59375833,,,,uploaded landslide_report.pdf
23549,MIZ/AZL/2024/721,Mizoram,,,,24.33915833,93.66233611,,,,uploaded landslide_report.pdf
23550,MIZ/AZL/2024/722,Mizoram,,,,24.33331944,93.65702778,,,,uploaded landslide_report.pdf
23551,MIZ/AZL/2024/723,Mizoram,,,,24.33300556,93.65357222,,,,uploaded landslide_report.pdf
23552,MIZ/AZL/2024/724,Mizoram,,,,24.3309,93.66054444,,,,uploaded landslide_report.pdf
23553,MIZ/AZL/2024/725,Mizoram,,,,24.32773611,93.57937222,,,,uploaded landslide_report.pdf
23554,MIZ/AZL/2024/726,Mizoram,,,,24.39255556,93.65468611,,,,uploaded landslide_report.pdf
23555,MIZ/AZL/2024/727,Mizoram,,,,24.45131667,93.60013333,,,,uploaded landslide_report.pdf
23556,MIZ/AZL/2024/728,Mizoram,,,,24.49112222,93.62215556,,,,uploaded landslide_report.pdf
23557,MIZ/AZL/2024/729,Mizoram,,,,24.48308611,93.58860833,,,,uploaded landslide_report.pdf
23558,MIZ/AZL/2024/730,Mizoram,,,,24.48458889,93.58781944,,,,uploaded landslide_report.pdf
23559,MIZ/AZL/2024/731,Mizoram,,,,24.492825,93.58643611,,,,uploaded landslide_report.pdf
23560,MIZ/AZL/2024/732,Mizoram,,,,24.51785556,93.55086944,,,,uploaded landslide_report.pdf
23561,MIZ/AZL/2024/733,Mizoram,,,,24.51698056,93.57191667,,,,uploaded landslide_report.pdf
23562,MIZ/AZL/2024/734,Mizoram,,,,24.52308611,93.57206944,,,,uploaded landslide_report.pdf
23563,MIZ/AZL/2024/735,Mizoram,,,,24.48338333,93.58848056,,,,uploaded landslide_report.pdf
23564,MIZ/KOL/2024/736,Mizoram,,,,24.450125,93.35963889,,,,uploaded landslide_report.pdf
23565,MIZ/KOL/2024/737,Mizoram,,,,24.48857222,93.36792222,,,,uploaded landslide_report.pdf
23566,MIZ/KOL/2024/738,Mizoram,,,,24.54263333,93.39741944,,,,uploaded landslide_report.pdf
23567,MIZ/KOL/2024/739,Mizoram,,,,24.60002222,93.37166389,,,,uploaded landslide_report.pdf
23568,MIZ/KOL/2024/740,Mizoram,,,,24.60067222,93.37223056,,,,uploaded landslide_report.pdf
23569,MIZ/KOL/2024/741,Mizoram,,,,24.60372222,93.37223056,,,,uploaded landslide_report.pdf
23570,MIZ/KOL/2024/742,Mizoram,,,,24.66895556,93.33700556,,,,uploaded landslide_report.pdf
23571,MIZ/KOL/2024/743,Mizoram,,,,24.71938056,93.26740556,,,,uploaded landslide_report.pdf
23572,MIZ/KOL/2024/744,Mizoram,,,,24.76606111,93.30076667,,,,uploaded landslide_report.pdf
23573,MIZ/KOL/2024/745,Mizoram,,,,24.73838889,93.30909722,,,,uploaded landslide_report.pdf
23574,MIZ/KOL/2024/746,Mizoram,,,,24.72074444,93.30899167,,,,uploaded landslide_report.pdf
23575,MIZ/KOL/2024/747,Mizoram,,,,24.716225,93.32551389,,,,uploaded landslide_report.pdf
23576,MIZ/KOL/2024/748,Mizoram,,,,24.70553333,93.33064167,,,,uploaded landslide_report.pdf
23577,MIZ/KOL/2024/749,Mizoram,,,,24.60719444,93.46784722,,,,uploaded landslide_report.pdf
23578,MIZ/KOL/2024/750,Mizoram,,,,24.60853333,93.41668333,,,,uploaded landslide_report.pdf
23579,MIZ/KOL/2024/751,Mizoram,,,,24.77472778,93.30506111,,,,uploaded landslide_report.pdf
23580,MIZ/AZL/2024/752,Mizoram,,,,23.09758333,93.21623333,,,,uploaded landslide_report.pdf
23581,MIZ/AZL/2024/753,Mizoram,,,,23.10851389,93.20975,,,,uploaded landslide_report.pdf
23582,MIZ/AZL/2024/754,Mizoram,,,,23.10172778,93.20231944,,,,uploaded landslide_report.pdf
23583,MIZ/AZL/2024/755,Mizoram,,,,23.101925,93.20426111,,,,uploaded landslide_report.pdf
23584,MIZ/AZL/2024/756,Mizoram,,,,23.10184722,93.20138889,,,,uploaded landslide_report.pdf
23585,MIZ/AZL/2024/757,Mizoram,,,,23.1057,93.20275278,,,,uploaded landslide_report.pdf
23586,MIZ/AZL/2024/758,Mizoram,,,,23.109925,93.20970833,,,,uploaded landslide_report.pdf
23587,MIZ/AZL/2024/759,Mizoram,,,,23.09759444,93.21089444,,,,uploaded landslide_report.pdf
23588,MIZ/AZL/2024/760,Mizoram,,,,23.09561111,93.20786389,,,,uploaded landslide_report.pdf
23589,MIZ/AZL/2024/761,Mizoram,,,,23.1077,93.19878056,,,,uploaded landslide_report.pdf
23590,MIZ/AZL/2024/762,Mizoram,,,,23.10100556,93.19393611,,,,uploaded landslide_report.pdf
23591,MIZ/AZL/2024/763,Mizoram,,,,23.10074722,93.18785278,,,,uploaded landslide_report.pdf
23592,MIZ/AZL/2024/764,Mizoram,,,,23.09954722,93.18600278,,,,uploaded landslide_report.pdf
23593,MIZ/AZL/2024/765,Mizoram,,,,23.10354167,93.18202778,,,,uploaded landslide_report.pdf
23594,MIZ/AZL/2024/766,Mizoram,,,,23.10299444,93.18323889,,,,uploaded landslide_report.pdf
23595,MIZ/AZL/2024/767,Mizoram,,,,23.0983,93.17597222,,,,uploaded landslide_report.pdf
23596,MIZ/AZL/2024/768,Mizoram,,,,23.110975,93.21260278,,,,uploaded landslide_report.pdf
23597,MIZ/AZL/2024/769,Mizoram,,,,23.25986389,93.16155278,,,,uploaded landslide_report.pdf
23598,MIZ/AZL/2024/770,Mizoram,,,,23.25828611,93.15288333,,,,uploaded landslide_report.pdf
23599,MIZ/AZL/2024/771,Mizoram,,,,23.26126111,93.15070556,,,,uploaded landslide_report.pdf
23600,MIZ/AZL/2024/772,Mizoram,,,,23.25951944,93.15917222,,,,uploaded landslide_report.pdf
23601,MIZ/AZL/2024/773,Mizoram,,,,23.27598056,93.14351667,,,,uploaded landslide_report.pdf
23602,MIZ/AZL/2024/774,Mizoram,,,,23.27663889,93.14375,,,,uploaded landslide_report.pdf
23603,MIZ/AZL/2024/775,Mizoram,,,,23.281075,93.144075,,,,uploaded landslide_report.pdf
23604,MIZ/AZL/2024/776,Mizoram,,,,23.32829167,93.12184167,,,,uploaded landslide_report.pdf
23605,MIZ/AZL/2024/777,Mizoram,,,,23.33529167,93.11214167,,,,uploaded landslide_report.pdf
23606,MIZ/KOL/2024/778,Mizoram,,,,23.41421944,93.10569167,,,,uploaded landslide_report.pdf
23607,MIZ/KOL/2024/779,Mizoram,,,,23.45775278,93.07843611,,,,uploaded landslide_report.pdf
23608,MIZ/KOL/2024/780,Mizoram,,,,23.50882222,93.09170278,,,,uploaded landslide_report.pdf
23609,MIZ/KOL/2024/781,Mizoram,,,,23.54130278,93.10256944,,,,uploaded landslide_report.pdf
23610,MIZ/KOL/2024/782,Mizoram,,,,23.54600556,93.09247222,,,,uploaded landslide_report.pdf
23611,MIZ/KOL/2024/783,Mizoram,,,,23.54286944,93.08539722,,,,uploaded landslide_report.pdf
23612,MIZ/KOL/2024/784,Mizoram,,,,23.56332778,93.10553333,,,,uploaded landslide_report.pdf
23613,MIZ/KOL/2024/785,Mizoram,,,,23.56785,93.10472222,,,,uploaded landslide_report.pdf
23614,MIZ/KOL/2024/786,Mizoram,,,,23.56413333,93.11378889,,,,uploaded landslide_report.pdf
23615,MIZ/KOL/2024/787,Mizoram,,,,23.56233889,93.11890833,,,,uploaded landslide_report.pdf
23616,MIZ/KOL/2024/788,Mizoram,,,,23.56363611,93.12608056,,,,uploaded landslide_report.pdf
23617,MIZ/KOL/2024/789,Mizoram,,,,23.56238611,93.12376667,,,,uploaded landslide_report.pdf
23618,MIZ/KOL/2024/790,Mizoram,,,,23.56404167,93.10752222,,,,uploaded landslide_report.pdf
23619,MIZ/KOL/2024/791,Mizoram,,,,23.56145278,93.10908889,,,,uploaded landslide_report.pdf
23620,MIZ/KOL/2024/792,Mizoram,,,,23.55881111,93.10900556,,,,uploaded landslide_report.pdf
23621,MIZ/KOL/2024/793,Mizoram,,,,23.55426111,93.110175,,,,uploaded landslide_report.pdf
23622,MIZ/KOL/2024/794,Mizoram,,,,23.5356,93.10656944,,,,uploaded landslide_report.pdf
23623,MIZ/AZL/2024/795,Mizoram,,,,23.34297778,93.057775,,,,uploaded landslide_report.pdf
23624,MIZ/AZL/2024/796,Mizoram,,,,23.35406111,93.04156111,,,,uploaded landslide_report.pdf
23625,MIZ/AZL/2024/797,Mizoram,,,,23.35958611,93.04477222,,,,uploaded landslide_report.pdf
23626,MIZ/KOL/2024/798,Mizoram,,,,23.36556111,93.05125278,,,,uploaded landslide_report.pdf
23627,MIZ/KOL/2024/799,Mizoram,,,,23.36966389,93.04609444,,,,uploaded landslide_report.pdf
23628,MIZ/KOL/2024/800,Mizoram,,,,23.05209722,93.12644167,,,,uploaded landslide_report.pdf
23629,MIZ/KOL/2024/801,Mizoram,,,,23.03821667,93.12529444,,,,uploaded landslide_report.pdf
23630,MIZ/KOL/2024/802,Mizoram,,,,23.54294167,93.23821667,,,,uploaded landslide_report.pdf
23631,MIZ/KOL/2024/803,Mizoram,,,,24.5503,93.25550278,,,,uploaded landslide_report.pdf
23632,MIZ/KOL/2024/804,Mizoram,,,,24.55205833,93.25569167,,,,uploaded landslide_report.pdf
23633,MIZ/KOL/2024/805,Mizoram,,,,24.56016389,93.24426944,,,,uploaded landslide_report.pdf
23634,MIZ/KOL/2024/806,Mizoram,,,,24.56981667,93.2734,,,,uploaded landslide_report.pdf
23635,MIZ/KOL/2024/807,Mizoram,,,,24.58928889,93.31006944,,,,uploaded landslide_report.pdf
23636,MIZ/KOL/2024/808,Mizoram,,,,24.58496667,93.31397222,,,,uploaded landslide_report.pdf
23637,MIZ/KOL/2024/809,Mizoram,,,,24.599425,93.30004722,,,,uploaded landslide_report.pdf
23638,MIZ/KOL/2024/810,Mizoram,,,,24.60921944,93.30050278,,,,uploaded landslide_report.pdf
23639,MIZ/KOL/2024/811,Mizoram,,,,24.63960833,93.30401111,,,,uploaded landslide_report.pdf
23640,MIZ/KOL/2024/812,Mizoram,,,,24.64528611,93.28593611,,,,uploaded landslide_report.pdf
23641,MIZ/KOL/2024/813,Mizoram,,,,24.02205833,93.29369167,,,,uploaded landslide_report.pdf
23642,MIZ/KOL/2024/814,Mizoram,,,,23.01689167,93.283175,,,,uploaded landslide_report.pdf
23643,MIZ/KOL/2024/815,Mizoram,,,,24.02782222,93.28944444,,,,uploaded landslide_report.pdf
23644,MIZ/KOL/2024/816,Mizoram,,,,24.04014167,93.2915,,,,uploaded landslide_report.pdf
23645,MIZ/KOL/2024/817,Mizoram,,,,24.03980278,93.29373889,,,,uploaded landslide_report.pdf
23646,MIZ/KOL/2024/818,Mizoram,,,,24.05823611,93.28901944,,,,uploaded landslide_report.pdf
23647,MIZ/KOL/2024/819,Mizoram,,,,24.09210556,93.29866667,,,,uploaded landslide_report.pdf
23648,MIZ/KOL/2024/820,Mizoram,,,,24.12428889,93.318525,,,,uploaded landslide_report.pdf
23649,MIZ/KOL/2024/822,Mizoram,,,,24.16986389,93.33564167,,,,uploaded landslide_report.pdf
23650,MIZ/KOL/2024/823,Mizoram,,,,24.19022778,93.35379167,,,,uploaded landslide_report.pdf
23651,MIZ/KOL/2024/824,Mizoram,,,,24.22922222,93.35478333,,,,uploaded landslide_report.pdf
23652,MIZ/KOL/2024/825,Mizoram,,,,24.297775,93.34159722,,,,uploaded landslide_report.pdf
23653,MIZ/KOL/2024/826,Mizoram,,,,24.31379722,93.33684722,,,,uploaded landslide_report.pdf
23654,MIZ/KOL/2024/827,Mizoram,,,,24.35137778,93.34095556,,,,uploaded landslide_report.pdf
23655,MIZ/KOL/2024/828,Mizoram,,,,24.37023056,93.34268889,,,,uploaded landslide_report.pdf
23656,MIZ/KOL/2024/829,Mizoram,,,,23.6385278,93.13694722,,,,uploaded landslide_report.pdf
23657,MIZ/KOL/2024/830,Mizoram,,,,23.631219,93.118033,,,,uploaded landslide_report.pdf
23658,MIZ/KOL/2024/831,Mizoram,,,,23.6315833,93.13670278,,,,uploaded landslide_report.pdf
23659,MIZ/KOL/2024/832,Mizoram,,,,23.63703333,93.14361389,,,,uploaded landslide_report.pdf
23660,MIZ/KOL/2024/834,Mizoram,,,,23.62418333,93.14208611,,,,uploaded landslide_report.pdf
23661,MIZ/KOL/2024/835,Mizoram,,,,23.60360833,93.14173056,,,,uploaded landslide_report.pdf
23662,MIZ/KOL/2024/836,Mizoram,,,,23.56672222,93.13764444,,,,uploaded landslide_report.pdf
23663,MIZ/KOL/2024/837,Mizoram,,,,24.04014167,93.2915,,,,uploaded landslide_report.pdf
23664,MIZ/KOL/2024/838,Mizoram,,,,24.56771111,93.14291667,,,,uploaded landslide_report.pdf
23665,MIZ/KOL/2024/839,Mizoram,,,,24.57467222,93.14389722,,,,uploaded landslide_report.pdf
23666,MIZ/KOL/2024/840,Mizoram,,,,24.57470833,93.13897222,,,,uploaded landslide_report.pdf
23667,MIZ/KOL/2024/841,Mizoram,,,,24.57151389,93.141725,,,,uploaded landslide_report.pdf
23668,MIZ/KOL/2024/842,Mizoram,,,,24.56917222,93.14073611,,,,uploaded landslide_report.pdf
23669,MIZ/KOL/2024/843,Mizoram,,,,24.5606,93.13071389,,,,uploaded landslide_report.pdf
23670,MIZ/KOL/2024/844,Mizoram,,,,24.55987778,93.12541667,,,,uploaded landslide_report.pdf
23671,MIZ/KOL/2024/845,Mizoram,,,,24.08927222,93.12408611,,,,uploaded landslide_report.pdf
23672,MIZ/KOL/2024/846,Mizoram,,,,24.10641389,93.12339944,,,,uploaded landslide_report.pdf
23673,MIZ/KOL/2024/847,Mizoram,,,,24.10710778,93.11535444,,,,uploaded landslide_report.pdf
23674,MIZ/KOL/2024/848,Mizoram,,,,24.10015917,93.10461389,,,,uploaded landslide_report.pdf
23675,MIZ/KOL/2024/849,Mizoram,,,,24.11104722,93.10374167,,,,uploaded landslide_report.pdf
23676,MIZ/KOL/2024/850,Mizoram,,,,24.10506389,93.09593611,,,,uploaded landslide_report.pdf
23677,MIZ/KOL/2024/851,Mizoram,,,,24.10743611,93.09532222,,,,uploaded landslide_report.pdf
23678,MIZ/KOL/2024/852,Mizoram,,,,24.10687222,93.08849722,,,,uploaded landslide_report.pdf
23679,MIZ/AZL/2024/853,Mizoram,,,,23.24231111,93.17726667,,,,uploaded landslide_report.pdf
23680,MIZ/AZL/2024/854,Mizoram,,,,23.24500833,93.17587222,,,,uploaded landslide_report.pdf
23681,MIZ/AZL/2024/855,Mizoram,,,,23.24454722,93.17027222,,,,uploaded landslide_report.pdf
23682,MIZ/AZL/2024/856,Mizoram,,,,23.20960722,93.13104722,,,,uploaded landslide_report.pdf
23683,MIZ/AZL/2024/857,Mizoram,,,,23.21068583,93.1212325,,,,uploaded landslide_report.pdf
23684,MIZ/KOL/2024/858,Mizoram,,,,23.49216111,93.23695,,,,uploaded landslide_report.pdf
23685,MIZ/KOL/2024/859,Mizoram,,,,23.504575,93.23805,,,,uploaded landslide_report.pdf
23686,MIZ/KOL/2024/860,Mizoram,,,,24.15364444,93.02183611,,,,uploaded landslide_report.pdf
23687,MIZ/KOL/2024/861,Mizoram,,,,24.15817222,93.02488611,,,,uploaded landslide_report.pdf
23688,MIZ/KOL/2024/862,Mizoram,,,,24.23419444,93.02469167,,,,uploaded landslide_report.pdf
23689,MIZ/KOL/2024/863,Mizoram,,,,24.32836667,93.00923056,,,,uploaded landslide_report.pdf
23690,MIZ/KOL/2024/864,Mizoram,,,,24.34421944,93.03191111,,,,uploaded landslide_report.pdf
23691,MIZ/KOL/2024/865,Mizoram,,,,24.40520278,93.06672222,,,,uploaded landslide_report.pdf
23692,MIZ/KOL/2024/866,Mizoram,,,,24.4259,93.13580556,,,,uploaded landslide_report.pdf
23693,MIZ/KOL/2024/867,Mizoram,,,,24.44347778,93.15817778,,,,uploaded landslide_report.pdf
23694,MIZ/KOL/2024/868,Mizoram,,,,24.42383889,93.14429167,,,,uploaded landslide_report.pdf
23695,MIZ/KOL/2024/869,Mizoram,,,,24.44857778,93.15738611,,,,uploaded landslide_report.pdf
23696,MIZ/KOL/2024/870,Mizoram,,,,24.44003333,93.16011944,,,,uploaded landslide_report.pdf
23697,MIZ/KOL/2024/871,Mizoram,,,,24.44003333,93.16011944,,,,uploaded landslide_report.pdf
23698,MIZ/KOL/2024/872,Mizoram,,,,24.56703611,93.23536389,,,,uploaded landslide_report.pdf
23699,MIZ/KOL/2024/873,Mizoram,,,,24.65409167,93.204625,,,,uploaded landslide_report.pdf
23700,MIZ/KOL/2024/874,Mizoram,,,,24.65018056,93.20256667,,,,uploaded landslide_report.pdf
23701,MIZ/KOL/2024/875,Mizoram,,,,24.6273,93.20404444,,,,uploaded landslide_report.pdf
23702,MIZ/KOL/2024/876,Mizoram,,,,24.62604722,93.22583889,,,,uploaded landslide_report.pdf
23703,MIZ/KOL/2024/877,Mizoram,,,,24.58605,93.21056389,,,,uploaded landslide_report.pdf
23704,MIZ/KOL/2024/878,Mizoram,,,,24.577475,93.19105,,,,uploaded landslide_report.pdf
23705,MIZ/KOL/2024/879,Mizoram,,,,24.56062778,93.18938889,,,,uploaded landslide_report.pdf
23706,MIZ/KOL/2024/880,Mizoram,,,,24.5716,93.17273056,,,,uploaded landslide_report.pdf
23707,MIZ/KOL/2024/881,Mizoram,,,,24.56925833,93.177275,,,,uploaded landslide_report.pdf
23708,MIZ/KOL/2024/882,Mizoram,,,,24.57296389,93.17700556,,,,uploaded landslide_report.pdf
23709,MIZ/KOL/2024/883,Mizoram,,,,24.5768,93.106075,,,,uploaded landslide_report.pdf
23710,MIZ/KOL/2024/884,Mizoram,,,,24.526075,93.05379167,,,,uploaded landslide_report.pdf
23711,MIZ/KOL/2024/885,Mizoram,,,,24.458325,93.09439167,,,,uploaded landslide_report.pdf
23712,MZ/AZL/84A10/2024/120,Mizoram,,,,23.57722222,92.71222222,,,,uploaded landslide_report.pdf
23713,MIZ/AZL/84A10/2025/001,Mizoram,,,,23.692391,92.723348,,,,uploaded landslide_report.pdf
23714,MIZ/AZL/84A10/2025/002,Mizoram,,,,23.6868033,92.7251987,,,,uploaded landslide_report.pdf
23715,MIZ/AZL/84A10/2025/003,Mizoram,,,,23.7002691,92.7181685,,,,uploaded landslide_report.pdf
23716,MIZ/AZL/84A10/2025/004,Mizoram,,,,23.74247,92.705587,,,,uploaded landslide_report.pdf
23717,MIZ/AZL/84A10/2025/005,Mizoram,,,,23.729422,92.716596,,,,uploaded landslide_report.pdf
23718,MIZ/AZL/84A10/2025/006,Mizoram,,,,23.717553,92.716826,,,,uploaded landslide_report.pdf
23719,MIZ/AZL/84A10/2025/007,Mizoram,,,,23.71577,92.713172,,,,uploaded landslide_report.pdf
23720,MIZ/AZL/84A14/2025/008,Mizoram,,,,23.730243,92.75603,,,,uploaded landslide_report.pdf
23721,MIZ/AZL/84A09/2025/009,Mizoram,,,,23.75024,92.736662,,,,uploaded landslide_report.pdf
23722,MIZ/AZL/84A09/2025/010,Mizoram,,,,23.758901,92.730863,,,,uploaded landslide_report.pdf
23723,MIZ/AZL/84A09/2025/011,Mizoram,,,,23.755925,92.726753,,,,uploaded landslide_report.pdf
23724,MIZ/AZL/84A10/2025/012,Mizoram,,,,23.745802,92.717053,,,,uploaded landslide_report.pdf
23725,MIZ/AZL/84A10/2025/013,Mizoram,,,,23.605091,92.72184,,,,uploaded landslide_report.pdf
23726,MIZ/AZL/84A10/2025/014,Mizoram,,,,23.581766,92.713413,,,,uploaded landslide_report.pdf
23727,MIZ/AZL/84A11/2025/015,Mizoram,,,,23.469247,92.744068,,,,uploaded landslide_report.pdf
23728,MIZ/AZL/84A15/2025/016,Mizoram,,,,23.410771,92.753123,,,,uploaded landslide_report.pdf
23729,MIZ/AZL/84A15/2025/017,Mizoram,,,,23.367366,92.767304,,,,uploaded landslide_report.pdf
23730,MIZ/AZL/84A15/2025/018,Mizoram,,,,23.353485,92.780193,,,,uploaded landslide_report.pdf
23731,MIZ/AZL/84A15/2025/019,Mizoram,,,,23.350187,92.778852,,,,uploaded landslide_report.pdf
23732,MIZ/AZL/84A15/2025/020,Mizoram,,,,20.0,92.776761,,,,uploaded landslide_report.pdf
23733,MIZ/AZL/84A15/2025/021,Mizoram,,,,21.0,92.786128,,,,uploaded landslide_report.pdf
23734,MIZ/AZL/84A15/2025/022,Mizoram,,,,22.0,92.787113,,,,uploaded landslide_report.pdf
23735,MIZ/AZL/84A15/2025/023,Mizoram,,,,23.0,92.792739,,,,uploaded landslide_report.pdf
23736,MIZ/SER/84A15/2025/024,Mizoram,,,,24.0,92.790619,,,,uploaded landslide_report.pdf
23737,MIZ/SER/84A15/2025/025,Mizoram,,,,25.0,92.788798,,,,uploaded landslide_report.pdf
23738,MIZ/SER/84A12/2025/026,Mizoram,,,,26.0,92.748175,,,,uploaded landslide_report.pdf
23739,MIZ/SER/84A12/2025/027,Mizoram,,,,27.0,92.745631,,,,uploaded landslide_report.pdf
23740,MIZ/SER/84A12/2025/028,Mizoram,,,,28.0,92.744468,,,,uploaded landslide_report.pdf
23741,MIZ/SER/84A12/2025/029,Mizoram,,,,29.0,92.744214,,,,uploaded landslide_report.pdf
23742,MIZ/SER/84A12/2025/030,Mizoram,,,,30.0,92.744224,,,,uploaded landslide_report.pdf
23743,MIZ/SER/84A12/2025/031,Mizoram,,,,23.235716,92.744499,,,,uploaded landslide_report.pdf
23744,MIZ/LUNG/84A12/2025/032,Mizoram,,,,23.214239,92.740856,,,,uploaded landslide_report.pdf
23745,MIZ/LUNG/84A12/2025/033,Mizoram,,,,23.203253,92.735838,,,,uploaded landslide_report.pdf
23746,MIZ/LUNG/84A12/2025/034,Mizoram,,,,23.200475,92.735007,,,,uploaded landslide_report.pdf
23747,MIZ/LUNG/84A12/2025/035,Mizoram,,,,23.195661,92.73562,,,,uploaded landslide_report.pdf
23748,MIZ/LUNG/84A12/2025/036,Mizoram,,,,23.194007,92.734654,,,,uploaded landslide_report.pdf
23749,MIZ/LUNG/84A12/2025/037,Mizoram,,,,23.193468,92.734849,,,,uploaded landslide_report.pdf
23750,MIZ/LUNG/84A12/2025/038,Mizoram,,,,23.183856,92.735346,,,,uploaded landslide_report.pdf
23751,MIZ/LUNG/84A12/2025/039,Mizoram,,,,23.182152,92.734299,,,,uploaded landslide_report.pdf
23752,MIZ/LUNG/84A12/2025/040,Mizoram,,,,23.181806,92.736868,,,,uploaded landslide_report.pdf
23753,MIZ/LUNG/84A12/2025/041,Mizoram,,,,23.18077,92.735789,,,,uploaded landslide_report.pdf
23754,MIZ/LUNG/84A12/2025/042,Mizoram,,,,23.173606,92.739793,,,,uploaded landslide_report.pdf
23755,MIZ/LUNG/84A12/2025/043,Mizoram,,,,23.150939,92.748258,,,,uploaded landslide_report.pdf
23756,MIZ/LUNG/84A16/2025/044,Mizoram,,,,23.140846,92.751229,,,,uploaded landslide_report.pdf
23757,MIZ/LUNG/84A12/2025/045,Mizoram,,,,23.1351,92.748694,,,,uploaded landslide_report.pdf
23758,MIZ/LUNG/84A12/2025/046,Mizoram,,,,23.134009,92.746247,,,,uploaded landslide_report.pdf
23759,MIZ/LUNG/84A12/2025/047,Mizoram,,,,23.132082,92.746268,,,,uploaded landslide_report.pdf
23760,MIZ/LUNG/84A12/2025/048,Mizoram,,,,23.114694,92.743931,,,,uploaded landslide_report.pdf
23761,MIZ/LUNG/84A12/2025/049,Mizoram,,,,23.114225,92.746024,,,,uploaded landslide_report.pdf
23762,MIZ/LUNG/84A12/2025/050,Mizoram,,,,23.111824,92.745097,,,,uploaded landslide_report.pdf
23763,MIZ/LUNG/84A16/2025/051,Mizoram,,,,23.015005,92.765065,,,,uploaded landslide_report.pdf
23764,MIZ/LUNG/84A16/2025/052,Mizoram,,,,23.022804,92.755698,,,,uploaded landslide_report.pdf
23765,MIZ/LUNG/84B09/2025/053,Mizoram,,,,22.973735,92.725975,,,,uploaded landslide_report.pdf
23766,MIZ/LAW/84B14/2025/054,Mizoram,,,,22.529731,92.896699,,,,uploaded landslide_report.pdf
23767,MIZ/LAW/84B14/2025/055,Mizoram,,,,22.519716,92.891037,,,,uploaded landslide_report.pdf
23768,MIZ/LAW/84B15/2025/056,Mizoram,,,,22.48765,92.886806,,,,uploaded landslide_report.pdf
23769,MIZ/SIA/84B15/2025/057,Mizoram,,,,22.404215,92.951647,,,,uploaded landslide_report.pdf
23770,MIZ/SIA/84B15/2025/058,Mizoram,,,,22.444376,92.947323,,,,uploaded landslide_report.pdf
23771,MIZ/SIA/84B15/2025/059,Mizoram,,,,22.491822,92.970252,,,,uploaded landslide_report.pdf
23772,MIZ/SIA/84B15/2025/060,Mizoram,,,,22.491,92.97076,,,,uploaded landslide_report.pdf
23773,MIZ/SIA/84F03/2025/061,Mizoram,,,,22.469737,93.100868,,,,uploaded landslide_report.pdf
23774,MIZ/SIA/84B15/2025/061,Mizoram,,,,22.437107,92.946912,,,,uploaded landslide_report.pdf
23775,MIZ/LAW/84B14/2025/061,Mizoram,,,,22.54735,92.882032,,,,uploaded landslide_report.pdf
23776,MIZ/LUNG/84B14/2025/062,Mizoram,,,,22.641087,92.867635,,,,uploaded landslide_report.pdf
23777,MIZ/LUNG/84B14/2025/063,Mizoram,,,,22.660692,92.855602,,,,uploaded landslide_report.pdf
23778,MIZ/LUNG/84B14/2025/064,Mizoram,,,,22.688472,92.842907,,,,uploaded landslide_report.pdf
23779,MIZ/LUNG/84B14/2025/065,Mizoram,,,,22.702165,92.836523,,,,uploaded landslide_report.pdf
23780,MIZ/LUNG/84B14/2025/066,Mizoram,,,,22.706999,92.841597,,,,uploaded landslide_report.pdf
23781,MIZ/LUNG/84B14/2025/067,Mizoram,,,,22.745387,92.841543,,,,uploaded landslide_report.pdf
23782,MIZ/LUNG/84B13/2025/070,Mizoram,,,,22.788323,92.833817,,,,uploaded landslide_report.pdf
23783,MIZ/LUNG/84B13/2025/071,Mizoram,,,,22.793307,92.819831,,,,uploaded landslide_report.pdf
23784,MIZ/LUNG/84B13/2025/072,Mizoram,,,,22.866131,92.772713,,,,uploaded landslide_report.pdf
23785,MIZ/LUNG/84B13/2025/073,Mizoram,,,,22.903567,92.758702,,,,uploaded landslide_report.pdf
23786,MIZ/LUNG/84B13/2025/074,Mizoram,,,,22.903454,92.760096,,,,uploaded landslide_report.pdf
23787,MIZ/LUNG/84B13/2025/075,Mizoram,,,,22.904615,92.75705,,,,uploaded landslide_report.pdf
23788,MIZ/LUNG/84B13/2025/076,Mizoram,,,,22.922528,92.752404,,,,uploaded landslide_report.pdf
23789,MIZ/LUNG/84B09/2025/077,Mizoram,,,,22.895235,92.747812,,,,uploaded landslide_report.pdf
23790,MIZ/LUNG/84B13/2025/078,Mizoram,,,,22.88042,92.821692,,,,uploaded landslide_report.pdf
23791,MIZ/LUNG/84B13/2025/079,Mizoram,,,,22.892426,92.822937,,,,uploaded landslide_report.pdf
23792,MIZ/HNAH/84B13/2025/080,Mizoram,,,,22.902089,92.879909,,,,uploaded landslide_report.pdf
23793,MIZ/HNAH/84B13/2025/081,Mizoram,,,,22.967715,92.925677,,,,uploaded landslide_report.pdf
23794,MIZ/HNAH/84B13/2025/082,Mizoram,,,,22.971217,92.925544,,,,uploaded landslide_report.pdf
23795,MIZ/HNAH/84B13/2025/083,Mizoram,,,,22.969582,92.925917,,,,uploaded landslide_report.pdf
23796,MIZ/HNAH/84A16/2025/084,Mizoram,,,,23.077813,92.89844,,,,uploaded landslide_report.pdf
23797,MIZ/HNAH/84A16/2025/085,Mizoram,,,,23.081023,92.897247,,,,uploaded landslide_report.pdf
23798,MIZ/HNAH/84A16/2025/086,Mizoram,,,,23.084343,92.898597,,,,uploaded landslide_report.pdf
23799,MIZ/HNAH/84A16/2025/087,Mizoram,,,,23.170678,92.899334,,,,uploaded landslide_report.pdf
23800,MIZ/SER/84A16/2025/088,Mizoram,,,,23.180345,92.900082,,,,uploaded landslide_report.pdf
23801,MIZ/SER/84A16/2025/089,Mizoram,,,,23.187383,92.89826,,,,uploaded landslide_report.pdf
23802,MIZ/SER/84A16/2025/090,Mizoram,,,,23.187762,92.898034,,,,uploaded landslide_report.pdf
23803,MIZ/SER/84A16/2025/091,Mizoram,,,,23.188273,92.898879,,,,uploaded landslide_report.pdf
23804,MIZ/SER/84A16/2025/092,Mizoram,,,,23.193401,92.900218,,,,uploaded landslide_report.pdf
23805,MIZ/SER/84A16/2025/093,Mizoram,,,,23.198119,92.899566,,,,uploaded landslide_report.pdf
23806,MIZ/SER/84A16/2025/094,Mizoram,,,,23.223594,92.914767,,,,uploaded landslide_report.pdf
23807,MIZ/SER/84A16/2025/095,Mizoram,,,,23.225227,92.912496,,,,uploaded landslide_report.pdf
23808,MIZ/SER/84A16/2025/096,Mizoram,,,,23.32201,92.85822,,,,uploaded landslide_report.pdf
23809,MIZ/SER/84A15/2025/097,Mizoram,,,,23.322039,92.859147,,,,uploaded landslide_report.pdf
23810,MIZ/SER/84A15/2025/098,Mizoram,,,,23.319156,92.857722,,,,uploaded landslide_report.pdf
23811,MIZ/SER/84A15/2025/099,Mizoram,,,,23.317543,92.858683,,,,uploaded landslide_report.pdf
23812,MIZ/SER/84A15/2025/100,Mizoram,,,,23.318568,92.852294,,,,uploaded landslide_report.pdf
23813,MIZ/SER/84A15/2025/101,Mizoram,,,,23.323423,92.860926,,,,uploaded landslide_report.pdf
23814,MIZ/SER/84A15/2025/102,Mizoram,,,,23.319412,92.855415,,,,uploaded landslide_report.pdf
23815,MIZ/SER/84A15/2025/103,Mizoram,,,,23.319184,92.856725,,,,uploaded landslide_report.pdf
23816,MIZ/SER/84A15/2025/104,Mizoram,,,,23.309286,92.850807,,,,uploaded landslide_report.pdf
23817,MIZ/SER/84A15/2025/105,Mizoram,,,,23.10112,92.852784,,,,uploaded landslide_report.pdf
23818,MIZ/SER/84A15/2025/106,Mizoram,,,,23.309914,92.853522,,,,uploaded landslide_report.pdf
23819,MIZ/SER/84A15/2025/107,Mizoram,,,,23.315273,92.856524,,,,uploaded landslide_report.pdf
23820,MIZ/SER/84A15/2025/108,Mizoram,,,,23.311529,92.85443,,,,uploaded landslide_report.pdf
23821,MIZ/SER/84A15/2025/109,Mizoram,,,,23.31637,92.854172,,,,uploaded landslide_report.pdf
23822,MIZ/SER/84A15/2025/110,Mizoram,,,,23.310074,92.858498,,,,uploaded landslide_report.pdf
23823,MIZ/SER/84A15/2025/111,Mizoram,,,,23.309295,92.860017,,,,uploaded landslide_report.pdf
23824,MIZ/SER/84A15/2025/112,Mizoram,,,,23.308629,92.860039,,,,uploaded landslide_report.pdf
23825,MIZ/SER/84A15/2025/113,Mizoram,,,,23.308778,92.858357,,,,uploaded landslide_report.pdf
23826,MIZ/SER/84A15/2025/114,Mizoram,,,,23.300837,92.855693,,,,uploaded landslide_report.pdf
23827,MIZ/SER/84A15/2025/115,Mizoram,,,,23.300787,92.853572,,,,uploaded landslide_report.pdf
23828,MIZ/SER/84A15/2025/116,Mizoram,,,,23.305323,92.852358,,,,uploaded landslide_report.pdf
23829,MIZ/SER/84A15/2025/117,Mizoram,,,,23.30554,92.854877,,,,uploaded landslide_report.pdf
23830,MIZ/SER/84A15/2025/118,Mizoram,,,,23.304746,92.862109,,,,uploaded landslide_report.pdf
23831,MIZ/SER/84A15/2025/119,Mizoram,,,,23.298928,92.857435,,,,uploaded landslide_report.pdf
23832,MIZ/SER/84A15/2025/120,Mizoram,,,,23.310846,92.858915,,,,uploaded landslide_report.pdf
23833,MIZ/SER/84A15/2025/121,Mizoram,,,,23.311335,92.858026,,,,uploaded landslide_report.pdf
23834,MIZ/SER/84A15/2025/122,Mizoram,,,,23.307089,92.854209,,,,uploaded landslide_report.pdf
23835,MIZ/SER/84A15/2025/123,Mizoram,,,,23.3057,92.852802,,,,uploaded landslide_report.pdf
23836,MIZ/SER/84A15/2025/124,Mizoram,,,,23.307093,92.856289,,,,uploaded landslide_report.pdf
23837,MIZ/SER/84A15/2025/125,Mizoram,,,,23.307524,92.857678,,,,uploaded landslide_report.pdf
23838,MIZ/SER/84A15/2025/126,Mizoram,,,,23.305939,92.857538,,,,uploaded landslide_report.pdf
23839,MIZ/SER/84A15/2025/127,Mizoram,,,,23.303906,92.853173,,,,uploaded landslide_report.pdf
23840,MIZ/SER/84A15/2025/128,Mizoram,,,,23.301381,92.853078,,,,uploaded landslide_report.pdf
23841,MIZ/SER/84A15/2025/129,Mizoram,,,,23.299628,92.855609,,,,uploaded landslide_report.pdf
23842,MIZ/SER/84A15/2025/130,Mizoram,,,,23.298137,92.857412,,,,uploaded landslide_report.pdf
23843,MIZ/SER/84A15/2025/131,Mizoram,,,,23.293453,92.858089,,,,uploaded landslide_report.pdf
23844,MIZ/SER/84A15/2025/132,Mizoram,,,,23.293873,92.858395,,,,uploaded landslide_report.pdf
23845,MIZ/SER/84A15/2025/133,Mizoram,,,,23.298166,92.858694,,,,uploaded landslide_report.pdf
23846,MIZ/SER/84A15/2025/134,Mizoram,,,,23.346456,92.851511,,,,uploaded landslide_report.pdf
23847,MIZ/SER/84A15/2025/135,Mizoram,,,,23.3466,92.854847,,,,uploaded landslide_report.pdf
23848,MIZ/SER/84A15/2025/136,Mizoram,,,,23.291103,92.864843,,,,uploaded landslide_report.pdf
23849,MIZ/SER/84A15/2025/137,Mizoram,,,,23.301587,92.868485,,,,uploaded landslide_report.pdf
23850,MIZ/SER/84A15/2025/138,Mizoram,,,,23.313996,92.863984,,,,uploaded landslide_report.pdf
23851,MIZ/SER/84A15/2025/139,Mizoram,,,,23.321016,92.861601,,,,uploaded landslide_report.pdf
23852,MIZ/SER/84A15/2025/140,Mizoram,,,,23.3228,92.862406,,,,uploaded landslide_report.pdf
23853,MIZ/SER/84A15/2025/141,Mizoram,,,,23.286141,92.868152,,,,uploaded landslide_report.pdf
23854,MIZ/SER/84A15/2025/142,Mizoram,,,,23.281219,92.869608,,,,uploaded landslide_report.pdf
23855,MIZ/SER/84A15/2025/143,Mizoram,,,,23.274148,92.871011,,,,uploaded landslide_report.pdf
23856,MIZ/SER/84A15/2025/144,Mizoram,,,,23.272548,92.874296,,,,uploaded landslide_report.pdf
23857,MIZ/SER/84A15/2025/145,Mizoram,,,,23.271227,92.874544,,,,uploaded landslide_report.pdf
23858,MIZ/SER/84A15/2025/146,Mizoram,,,,23.270548,92.877577,,,,uploaded landslide_report.pdf
23859,MIZ/SER/84A15/2025/147,Mizoram,,,,23.67701,92.87895,,,,uploaded landslide_report.pdf
23860,MIZ/SER/84A16/2025/148,Mizoram,,,,23.243855,92.905242,,,,uploaded landslide_report.pdf
23861,MIZ/SER/84A15/2025/149,Mizoram,,,,23.286735,92.85703,,,,uploaded landslide_report.pdf
23862,MIZ/SER/84A15/2025/150,Mizoram,,,,23.284565,92.857096,,,,uploaded landslide_report.pdf
23863,MIZ/SER/84A15/2025/151,Mizoram,,,,23.281443,92.840145,,,,uploaded landslide_report.pdf
23864,MIZ/SER/84A15/2025/152,Mizoram,,,,23.280947,92.8367,,,,uploaded landslide_report.pdf
23865,MIZ/SER/84A15/2025/153,Mizoram,,,,23.288276,92.830821,,,,uploaded landslide_report.pdf
23866,MIZ/SER/84A11/2025/154,Mizoram,,,,23.293863,92.741368,,,,uploaded landslide_report.pdf
23867,MIZ/SER/84A11/2025/155,Mizoram,,,,23.295774,92.740012,,,,uploaded landslide_report.pdf
23868,MIZ/SER/84A11/2025/156,Mizoram,,,,23.30265,92.742945,,,,uploaded landslide_report.pdf
23869,MIZ/SER/84A11/2025/157,Mizoram,,,,23.307135,92.707624,,,,uploaded landslide_report.pdf
23870,MIZ/SER/84A11/2025/158,Mizoram,,,,23.306409,92.706083,,,,uploaded landslide_report.pdf
23871,MIZ/SER/84A11/2025/159,Mizoram,,,,23.306012,92.704212,,,,uploaded landslide_report.pdf
23872,MIZ/SER/84A11/2025/160,Mizoram,,,,23.300291,92.69577,,,,uploaded landslide_report.pdf
23873,MIZ/SER/84A11/2025/161,Mizoram,,,,23.299806,92.694901,,,,uploaded landslide_report.pdf
23874,MIZ/SER/84A11/2025/162,Mizoram,,,,23.299312,92.692614,,,,uploaded landslide_report.pdf
23875,MIZ/LUNG/84A11/2025/163,Mizoram,,,,23.297521,92.689449,,,,uploaded landslide_report.pdf
23876,MIZ/LUNG/84A11/2025/164,Mizoram,,,,23.30374,92.672816,,,,uploaded landslide_report.pdf
23877,MIZ/LUNG/84A11/2025/165,Mizoram,,,,23.304123,92.671521,,,,uploaded landslide_report.pdf
23878,MIZ/LUNG/84A11/2025/166,Mizoram,,,,23.306105,92.671296,,,,uploaded landslide_report.pdf
23879,MIZ/LUNG/84A11/2025/167,Mizoram,,,,23.306338,92.666573,,,,uploaded landslide_report.pdf
23880,MIZ/LUNG/84A11/2025/168,Mizoram,,,,23.32044,92.643229,,,,uploaded landslide_report.pdf
23881,MIZ/LUNG/84A11/2025/169,Mizoram,,,,23.301901,92.649401,,,,uploaded landslide_report.pdf
23882,MIZ/LUNG/84A12/2025/170,Mizoram,,,,23.246611,92.655112,,,,uploaded landslide_report.pdf
23883,MIZ/LUNG/84A12/2025/171,Mizoram,,,,23.2388,92.636923,,,,uploaded landslide_report.pdf
23884,MIZ/LUNG/84A12/2025/172,Mizoram,,,,23.234538,92.637234,,,,uploaded landslide_report.pdf
23885,MIZ/LUNG/84A12/2025/173,Mizoram,,,,23.206413,92.632701,,,,uploaded landslide_report.pdf
23886,MIZ/LUNG/84A12/2025/174,Mizoram,,,,23.197283,92.632661,,,,uploaded landslide_report.pdf
23887,MIZ/LUNG/84A12/2025/175,Mizoram,,,,23.174558,92.612556,,,,uploaded landslide_report.pdf
23888,MIZ/LUNG/84A12/2025/176,Mizoram,,,,23.1739,92.611378,,,,uploaded landslide_report.pdf
23889,MIZ/LUNG/84A12/2025/177,Mizoram,,,,23.173258,92.611929,,,,uploaded landslide_report.pdf
23890,MIZ/LUNG/84A12/2025/178,Mizoram,,,,23.17252,92.611434,,,,uploaded landslide_report.pdf
23891,MIZ/LUNG/84A12/2025/179,Mizoram,,,,23.172659,92.611828,,,,uploaded landslide_report.pdf
23892,MIZ/LUNG/84A12/2025/180,Mizoram,,,,23.198272,92.589291,,,,uploaded landslide_report.pdf
23893,MIZ/LUNG/84A12/2025/181,Mizoram,,,,23.198961,92.590043,,,,uploaded landslide_report.pdf
23894,MIZ/LUNG/84A12/2025/182,Mizoram,,,,23.199095,92.586671,,,,uploaded landslide_report.pdf
23895,MIZ/LUNG/84A12/2025/183,Mizoram,,,,23.199415,92.585883,,,,uploaded landslide_report.pdf
23896,MIZ/LUNG/84A12/2025/184,Mizoram,,,,23.200105,92.584517,,,,uploaded landslide_report.pdf
23897,MIZ/LUNG/84A12/2025/185,Mizoram,,,,23.200655,92.5813,,,,uploaded landslide_report.pdf
23898,MIZ/LUNG/84A12/2025/186,Mizoram,,,,23.201843,92.579666,,,,uploaded landslide_report.pdf
23899,MIZ/LUNG/84A12/2025/187,Mizoram,,,,23.202247,92.57903,,,,uploaded landslide_report.pdf
23900,MIZ/LUNG/84A12/2025/188,Mizoram,,,,23.203107,92.577972,,,,uploaded landslide_report.pdf
23901,MIZ/LUNG/84A12/2025/189,Mizoram,,,,23.203903,92.576807,,,,uploaded landslide_report.pdf
23902,MIZ/LUNG/84A12/2025/190,Mizoram,,,,23.204282,92.576174,,,,uploaded landslide_report.pdf
23903,MIZ/LUNG/84A12/2025/191,Mizoram,,,,23.204481,92.575792,,,,uploaded landslide_report.pdf
23904,MIZ/LUNG/84A12/2025/192,Mizoram,,,,23.205193,92.574684,,,,uploaded landslide_report.pdf
23905,MIZ/LUNG/84A12/2025/193,Mizoram,,,,23.214589,92.572672,,,,uploaded landslide_report.pdf
23906,MIZ/LUNG/84A12/2025/194,Mizoram,,,,23.212919,92.558022,,,,uploaded landslide_report.pdf
23907,MIZ/LUNG/84A12/2025/195,Mizoram,,,,23.207082,92.509726,,,,uploaded landslide_report.pdf
23908,MIZ/LUNG/84A12/2025/196,Mizoram,,,,23.195616,92.546251,,,,uploaded landslide_report.pdf
23909,MIZ/LUNG/84A12/2025/197,Mizoram,,,,23.19796,92.543304,,,,uploaded landslide_report.pdf
23910,MIZ/LUNG/84A12/2025/198,Mizoram,,,,23.190022,92.554302,,,,uploaded landslide_report.pdf
23911,MIZ/LUNG/84A12/2025/199,Mizoram,,,,23.21035,92.539589,,,,uploaded landslide_report.pdf
23912,MIZ/LUNG/84A12/2025/200,Mizoram,,,,23.208921,92.541174,,,,uploaded landslide_report.pdf
23913,MIZ/LUNG/84A12/2025/201,Mizoram,,,,23.208823,92.53749,,,,uploaded landslide_report.pdf
23914,MIZ/LUNG/84A12/2025/202,Mizoram,,,,23.206239,92.491221,,,,uploaded landslide_report.pdf
23915,MIZ/LUNG/84A12/2025/203,Mizoram,,,,23.20549,92.543278,,,,uploaded landslide_report.pdf
23916,MIZ/LUNG/84A12/2025/204,Mizoram,,,,23.219631,92.563324,,,,uploaded landslide_report.pdf
23917,MIZ/LUNG/84A12/2025/205,Mizoram,,,,23.204981,92.534603,,,,uploaded landslide_report.pdf
23918,MIZ/LUNG/84A12/2025/206,Mizoram,,,,23.206253,92.533605,,,,uploaded landslide_report.pdf
23919,MIZ/LUNG/84A12/2025/207,Mizoram,,,,23.209857,92.500587,,,,uploaded landslide_report.pdf
23920,MIZ/LUNG/84A08/2025/208,Mizoram,,,,23.206239,92.491221,,,,uploaded landslide_report.pdf
23921,MIZ/LUNG/84A08/2025/209,Mizoram,,,,23.199961,92.488796,,,,uploaded landslide_report.pdf
23922,MIZ/LUNG/84A08/2025/210,Mizoram,,,,23.17824,92.491031,,,,uploaded landslide_report.pdf
23923,MIZ/LUNG/84A08/2025/211,Mizoram,,,,23.180969,92.488193,,,,uploaded landslide_report.pdf
23924,MIZ/LUNG/84A08/2025/212,Mizoram,,,,23.180354,92.486971,,,,uploaded landslide_report.pdf
23925,MIZ/LUNG/84A08/2025/213,Mizoram,,,,23.182466,92.487731,,,,uploaded landslide_report.pdf
23926,MIZ/LUNG/84A12/2025/214,Mizoram,,,,23.204706,92.533825,,,,uploaded landslide_report.pdf
23927,MIZ/LUNG/84A11/2025/215,Mizoram,,,,23.251004,92.63667,,,,uploaded landslide_report.pdf
23928,MIZ/SER/84A16/2025/216,Mizoram,,,,23.234898,92.911307,,,,uploaded landslide_report.pdf
23929,MIZ/SER/84A16/2025/217,Mizoram,,,,23.225619,92.924909,,,,uploaded landslide_report.pdf
23930,MIZ/SER/84A16/2025/218,Mizoram,,,,23.223807,92.944448,,,,uploaded landslide_report.pdf
23931,MIZ/SER/84A16/2025/219,Mizoram,,,,23.21795,92.998007,,,,uploaded landslide_report.pdf
23932,MIZ/SER/84A16/2025/220,Mizoram,,,,23.217324,92.99812,,,,uploaded landslide_report.pdf
23933,MIZ/SER/84E04/2025/221,Mizoram,,,,23.19917,93.000199,,,,uploaded landslide_report.pdf
23934,MIZ/SER/84E04/2025/222,Mizoram,,,,23.1915,93.011024,,,,uploaded landslide_report.pdf
23935,MIZ/SER/84E04/2025/223,Mizoram,,,,23.183361,93.066742,,,,uploaded landslide_report.pdf
23936,MIZ/KHAW/84E04/2025/224,Mizoram,,,,23.241722,93.098254,,,,uploaded landslide_report.pdf
23937,MIZ/KHAW/84E04/2025/225,Mizoram,,,,23.229765,93.127521,,,,uploaded landslide_report.pdf
23938,MIZ/KHAW/84E04/2025/226,Mizoram,,,,23.2066,93.148665,,,,uploaded landslide_report.pdf
23939,MIZ/KHAW/84E04/2025/227,Mizoram,,,,23.197704,93.163019,,,,uploaded landslide_report.pdf
23940,MIZ/CHAM/84E04/2025/228,Mizoram,,,,23.198136,93.166988,,,,uploaded landslide_report.pdf
23941,MIZ/CHAM/84E04/2025/229,Mizoram,,,,23.177311,93.198157,,,,uploaded landslide_report.pdf
23942,MIZ/CHAM/84E08/2025/230,Mizoram,,,,23.148209,93.321183,,,,uploaded landslide_report.pdf
23943,MIZ/KHAW/84E08/2025/231,Mizoram,,,,23.14788,93.323791,,,,uploaded landslide_report.pdf
23944,MIZ/KHAW/84E03/2025/232,Mizoram,,,,23.486306,93.220639,,,,uploaded landslide_report.pdf
23945,MIZ/KHAW/84E02/2025/233,Mizoram,,,,23.544052,93.155591,,,,uploaded landslide_report.pdf
23946,MIZ/KHAW/84E02/2025/234,Mizoram,,,,23.545766,93.147931,,,,uploaded landslide_report.pdf
23947,MIZ/KHAW/84E02/2025/235,Mizoram,,,,23.5266,93.192968,,,,uploaded landslide_report.pdf
23948,MIZ/SAI/84A14/2025/236,Mizoram,,,,23.667553,92.89259,,,,uploaded landslide_report.pdf
23949,MIZ/SAI/84A14/2025/237,Mizoram,,,,23.527592,92.984969,,,,uploaded landslide_report.pdf
23950,MIZ/AIZ/84A14/2025/238,Mizoram,,,,23.700835,92.877449,,,,uploaded landslide_report.pdf
23951,MIZ/AIZ/84A13/2025/239,Mizoram,,,,23.760466,92.848969,,,,uploaded landslide_report.pdf
23952,MIZ/AIZ/84A13/2025/240,Mizoram,,,,23.807952,92.834037,,,,uploaded landslide_report.pdf
23953,MIZ/AIZ/83D15/2025/241,Mizoram,,,,24.285871,92.94599,,,,uploaded landslide_report.pdf
23954,MIZ/AIZ/83D15/2025/242,Mizoram,,,,24.288014,92.946017,,,,uploaded landslide_report.pdf
23955,MIZ/AIZ/83D15/2025/243,Mizoram,,,,24.354658,92.925511,,,,uploaded landslide_report.pdf
23956,MIZ/AIZ/83D15/2025/244,Mizoram,,,,24.365715,92.930137,,,,uploaded landslide_report.pdf
23957,MIZ/AIZ/84A14/2025/245,Mizoram,,,,23.747519,92.853155,,,,uploaded landslide_report.pdf
23958,MZ/LUN/84B09/2017/0001,Mizoram,,,,22.82104167,92.63873333,,,,uploaded landslide_report.pdf
23959,MZ/AIZ/84E02/2017/0002,Mizoram,,,,23.65701389,93.02799167,,,,uploaded landslide_report.pdf
23960,MZ/AIZ/84A10/2017/0003,Mizoram,,,,23.74035833,92.71311667,,,,uploaded landslide_report.pdf
23961,MIZ/LU/84B/13/2018/01,Mizoram,,,,22.87355833,92.75595278,,,,uploaded landslide_report.pdf
23962,Mizoram/Aizawl/84A14/2018/0,Mizoram,,,,23.72949444,92.77544444,,,,uploaded landslide_report.pdf
23963,Mizoram/Aizawl/84A09/2018/0,Mizoram,,,,24.80375556,92.733375,,,,uploaded landslide_report.pdf
23964,MIZ/AZL/84A/09/2019/01,Mizoram,,,,22.87355833,92.75595278,,,,uploaded landslide_report.pdf
23965,MZ/KOL/83D11/2019/0001,Mizoram,,,,24.27899722,92.642375,,,,uploaded landslide_report.pdf
23966,Mizoram/Aizawl/84A14/2020/0,Mizoram,,,,24.73197222,92.75988889,,,,uploaded landslide_report.pdf
23967,MIZ/AZL/84A/10/2021/01,Mizoram,,,,23.70166667,92.71944444,,,,uploaded landslide_report.pdf
23968,MIZ/AZL/84A/10/2021/02,Mizoram,,,,23.74190833,92.74161389,,,,uploaded landslide_report.pdf
23969,MIZ/AZL/84A/14/2021/03,Mizoram,,,,23.68416667,92.85708333,,,,uploaded landslide_report.pdf
23970,MZ/RV/84A/10/2022/01,Mizoram,,,,23.71688889,92.72083333,,,,uploaded landslide_report.pdf
23971,MZ/AZL/84A/10/2023/01,Mizoram,,,,23.74150833,92.70785833,,,,uploaded landslide_report.pdf
23972,MZ-27/2010-12,Mizoram,,,,27.0,92.49222222,,,,uploaded landslide_report.pdf
23973,MZ-28/2010-12,Mizoram,,,,28.0,92.98086111,,,,uploaded landslide_report.pdf
23974,MZ-29/2010-12,Mizoram,,,,29.0,92.98238889,,,,uploaded landslide_report.pdf
23975,MZ-30/2011,Mizoram,,,,30.0,93.20961111,,,,uploaded landslide_report.pdf
23976,MZ-31/2011,Mizoram,,,,23.70213889,92.71822222,,,,uploaded landslide_report.pdf
23977,MZ-32/2011,Mizoram,,,,23.60722222,92.72505556,,,,uploaded landslide_report.pdf
23978,MZ-33/2011,Mizoram,,,,23.60722222,92.72505556,,,,uploaded landslide_report.pdf
23979,MZ/AZL/84A10/2016/01,Mizoram,,,,23.60830556,92.85058333,,,,uploaded landslide_report.pdf
23980,MZ/AZL/84A10/2016/02,Mizoram,,,,23.61372222,92.85188889,,,,uploaded landslide_report.pdf
23981,MIZ/LUN/84A12/2025/005,Mizoram,,,,23.2034,92.7379,,,,uploaded landslide_report.pdf
23982,MIZ/LUN/84A12/2025/006,Mizoram,,,,23.2029,92.7371,,,,uploaded landslide_report.pdf
23983,MIZ/LUN/84A12/2025/007,Mizoram,,,,23.2029,92.7369,,,,uploaded landslide_report.pdf
23984,MIZ/LUN/84A12/2025/008,Mizoram,,,,23.2028,92.7368,,,,uploaded landslide_report.pdf
23985,MIZ/AZL/84A11/2025/009,Mizoram,,,,23.47,92.7215,,,,uploaded landslide_report.pdf
23986,MIZ/AZL/84A11/2025/010,Mizoram,,,,23.4688,92.7208,,,,uploaded landslide_report.pdf
23987,MIZ/AZL/84A11/2025/015,Mizoram,,,,23.4672,92.7193,,,,uploaded landslide_report.pdf
23988,MIZ/AZL/84A11/2025/016,Mizoram,,,,23.4731,92.7119,,,,uploaded landslide_report.pdf
23989,MIZ/AZL/84A11/2025/017,Mizoram,,,,23.4761,92.7066,,,,uploaded landslide_report.pdf
23990,MIZ/AZL/84A11/2025/018,Mizoram,,,,23.4785,92.7043,,,,uploaded landslide_report.pdf
23991,MIZ/AZL/84A11/2025/019,Mizoram,,,,23.4785,92.7041,,,,uploaded landslide_report.pdf
23992,MIZ/AZL/84A11/2025/020,Mizoram,,,,20.0,92.7025,,,,uploaded landslide_report.pdf
23993,MIZ/AZL/84A11/2025/021,Mizoram,,,,21.0,92.7033,,,,uploaded landslide_report.pdf
23994,MIZ/AZL/84A11/2025/022,Mizoram,,,,22.0,92.7055,,,,uploaded landslide_report.pdf
23995,MIZ/AZL/84A11/2025/023,Mizoram,,,,23.0,92.7044,,,,uploaded landslide_report.pdf
23996,MIZ/AZL/84A11/2025/024,Mizoram,,,,24.0,92.7015,,,,uploaded landslide_report.pdf
23997,MIZ/AZL/84A10/2025/025,Mizoram,,,,25.0,92.701436,,,,uploaded landslide_report.pdf
23998,MIZ/AZL/84A10/2025/026,Mizoram,,,,26.0,92.699247,,,,uploaded landslide_report.pdf
23999,MIZ/SER/84A12/2025/027,Mizoram,,,,27.0,92.74818,,,,uploaded landslide_report.pdf
24000,MIZ/SER/84A12/2025/028,Mizoram,,,,28.0,92.744978,,,,uploaded landslide_report.pdf
24001,MIZ/SER/84A12/2025/029,Mizoram,,,,29.0,92.744075,,,,uploaded landslide_report.pdf
24002,MIZ/LUN/84A12/2025/030,Mizoram,,,,30.0,92.740067,,,,uploaded landslide_report.pdf
24003,MIZ/LUN/84A12/2025/031,Mizoram,,,,23.229731,92.73968,,,,uploaded landslide_report.pdf
24004,MIZ/LUN/84A12/2025/032,Mizoram,,,,23.226843,92.740266,,,,uploaded landslide_report.pdf
24005,MIZ/LUN/84A12/2025/033,Mizoram,,,,23.225357,92.74039,,,,uploaded landslide_report.pdf
24006,MIZ/LUN/84A12/2025/036,Mizoram,,,,23.206029,92.740123,,,,uploaded landslide_report.pdf
24007,MIZ/LUN/84A12/2025/037,Mizoram,,,,23.204595,92.73861,,,,uploaded landslide_report.pdf
24008,MIZ/LUN/84A12/2025/038,Mizoram,,,,23.202738,92.736174,,,,uploaded landslide_report.pdf
24009,MIZ/LUN/84A12/2025/039,Mizoram,,,,23.202224,92.736123,,,,uploaded landslide_report.pdf
24010,MIZ/LUN/84A12/2025/040,Mizoram,,,,23.202096,92.73698,,,,uploaded landslide_report.pdf
24011,MIZ/LUN/84A12/2025/041,Mizoram,,,,23.201584,92.736877,,,,uploaded landslide_report.pdf
24012,MIZ/LUN/84A12/2025/042,Mizoram,,,,23.201447,92.736703,,,,uploaded landslide_report.pdf
24013,MIZ/LUN/84A12/2025/043,Mizoram,,,,23.201281,92.735108,,,,uploaded landslide_report.pdf
24014,MIZ/LUN/84A12/2025/044,Mizoram,,,,23.201335,92.734857,,,,uploaded landslide_report.pdf
24015,MIZ/LUN/84A12/2025/045,Mizoram,,,,23.201614,92.734453,,,,uploaded landslide_report.pdf
24016,MIZ/LUN/84A12/2025/046,Mizoram,,,,23.201759,92.734328,,,,uploaded landslide_report.pdf
24017,MIZ/LUN/84A12/2025/047,Mizoram,,,,23.200073,92.734654,,,,uploaded landslide_report.pdf
24018,MIZ/LUN/84A12/2025/048,Mizoram,,,,23.199924,92.73481,,,,uploaded landslide_report.pdf
24019,MIZ/LUN/84A12/2025/049,Mizoram,,,,23.198568,92.734368,,,,uploaded landslide_report.pdf
24020,MIZ/LUN/84A12/2025/052,Mizoram,,,,23.197825,92.73502,,,,uploaded landslide_report.pdf
24021,MIZ/LUN/84A12/2025/053,Mizoram,,,,23.197177,92.735661,,,,uploaded landslide_report.pdf
24022,MIZ/LUN/84A12/2025/054,Mizoram,,,,23.196642,92.735456,,,,uploaded landslide_report.pdf
24023,MIZ/LUN/84A12/2025/055,Mizoram,,,,23.193237,92.734819,,,,uploaded landslide_report.pdf
24024,MIZ/LUN/84A12/2025/056,Mizoram,,,,23.191775,92.734778,,,,uploaded landslide_report.pdf
24025,MIZ/LUN/84A12/2025/057,Mizoram,,,,23.191747,92.73459,,,,uploaded landslide_report.pdf
24026,MIZ/LUN/84A12/2025/061,Mizoram,,,,23.189242,92.734475,,,,uploaded landslide_report.pdf
24027,MIZ/LUN/84A12/2025/063,Mizoram,,,,23.187473,92.734547,,,,uploaded landslide_report.pdf
24028,MIZ/LUN/84A12/2025/064,Mizoram,,,,23.188245,92.734327,,,,uploaded landslide_report.pdf
24029,MIZ/LUN/84A12/2025/065,Mizoram,,,,23.187661,92.735055,,,,uploaded landslide_report.pdf
24030,MIZ/LUN/84A12/2025/066,Mizoram,,,,23.18675,92.735178,,,,uploaded landslide_report.pdf
24031,MIZ/LUN/84A12/2025/067,Mizoram,,,,23.186501,92.735632,,,,uploaded landslide_report.pdf
24032,MIZ/LUN/84A12/2025/068,Mizoram,,,,23.186296,92.7356,,,,uploaded landslide_report.pdf
24033,MIZ/LUN/84A12/2025/069,Mizoram,,,,23.186133,92.735682,,,,uploaded landslide_report.pdf
24034,MIZ/LUN/84A12/2025/070,Mizoram,,,,23.184091,92.738895,,,,uploaded landslide_report.pdf
24035,MIZ/LUN/84A12/2025/071,Mizoram,,,,23.185555,92.736061,,,,uploaded landslide_report.pdf
24036,MIZ/LUN/84A12/2025/072,Mizoram,,,,23.185396,92.736019,,,,uploaded landslide_report.pdf
24037,MIZ/LUN/84A12/2025/074,Mizoram,,,,23.18351,92.735641,,,,uploaded landslide_report.pdf
24038,MIZ/LUN/84A12/2025/075,Mizoram,,,,23.183268,92.736695,,,,uploaded landslide_report.pdf
24039,MIZ/LUN/84A12/2025/077,Mizoram,,,,23.181667,92.736374,,,,uploaded landslide_report.pdf
24040,MIZ/LUN/84A12/2025/078,Mizoram,,,,23.17884,92.736546,,,,uploaded landslide_report.pdf
24041,MIZ/LUN/84A12/2025/084,Mizoram,,,,23.174341,92.740855,,,,uploaded landslide_report.pdf
24042,MIZ/LUN/84A12/2025/086,Mizoram,,,,23.176777,92.738013,,,,uploaded landslide_report.pdf
24043,MIZ/LUN/84A12/2025/087,Mizoram,,,,23.170376,92.739585,,,,uploaded landslide_report.pdf
24044,MIZ/LUN/84A12/2025/088,Mizoram,,,,23.170205,92.73929,,,,uploaded landslide_report.pdf
24045,MIZ/LUN/84A12/2025/090,Mizoram,,,,23.16864,92.740342,,,,uploaded landslide_report.pdf
24046,MIZ/LUN/84A12/2025/091,Mizoram,,,,23.168362,92.74061,,,,uploaded landslide_report.pdf
24047,MIZ/LUN/84A12/2025/092,Mizoram,,,,23.165872,92.741435,,,,uploaded landslide_report.pdf
24048,MIZ/LUN/84A12/2025/093,Mizoram,,,,23.164812,92.743396,,,,uploaded landslide_report.pdf
24049,MIZ/LUN/84A12/2025/094,Mizoram,,,,23.164443,92.742682,,,,uploaded landslide_report.pdf
24050,MIZ/LUN/84A12/2025/095,Mizoram,,,,23.164169,92.74339,,,,uploaded landslide_report.pdf
24051,MIZ/LUN/84A12/2025/096,Mizoram,,,,23.163136,92.7444,,,,uploaded landslide_report.pdf
24052,MIZ/LUN/84A12/2025/097,Mizoram,,,,23.162899,92.744032,,,,uploaded landslide_report.pdf
24053,MIZ/LUN/84A12/2025/098,Mizoram,,,,23.160443,92.743261,,,,uploaded landslide_report.pdf
24054,MIZ/LUN/84A12/2025/099,Mizoram,,,,23.160357,92.743677,,,,uploaded landslide_report.pdf
24055,MIZ/LUN/84A12/2025/100,Mizoram,,,,23.160261,92.74337,,,,uploaded landslide_report.pdf
24056,MIZ/LUN/84A12/2025/101,Mizoram,,,,23.157803,92.743652,,,,uploaded landslide_report.pdf
24057,MIZ/LUN/84A12/2025/102,Mizoram,,,,23.157418,92.744221,,,,uploaded landslide_report.pdf
24058,MIZ/LUN/84A12/2025/104,Mizoram,,,,23.155456,92.744778,,,,uploaded landslide_report.pdf
24059,MIZ/LUN/84A12/2025/105,Mizoram,,,,23.152289,92.746243,,,,uploaded landslide_report.pdf
24060,MIZ/LUN/84A12/2025/106,Mizoram,,,,23.151833,92.746339,,,,uploaded landslide_report.pdf
24061,MIZ/LUN/84A12/2025/107,Mizoram,,,,23.151191,92.747211,,,,uploaded landslide_report.pdf
24062,MIZ/LUN/84A12/2025/108,Mizoram,,,,23.150972,92.747402,,,,uploaded landslide_report.pdf
24063,MIZ/LUN/84A12/2025/109,Mizoram,,,,23.149815,92.749076,,,,uploaded landslide_report.pdf
24064,MIZ/LUN/84A12/2025/110,Mizoram,,,,23.14968,92.749277,,,,uploaded landslide_report.pdf
24065,MIZ/LUN/84A12/2025/111,Mizoram,,,,23.149588,92.749562,,,,uploaded landslide_report.pdf
24066,MIZ/LUN/84A16/2025/112,Mizoram,,,,23.149163,92.750431,,,,uploaded landslide_report.pdf
24067,MIZ/LUN/84A16/2025/113,Mizoram,,,,23.149094,92.750808,,,,uploaded landslide_report.pdf
24068,MIZ/LUN/84A12/2025/114,Mizoram,,,,23.147798,92.749742,,,,uploaded landslide_report.pdf
24069,MIZ/LUN/84A16/2025/115,Mizoram,,,,23.144687,92.750609,,,,uploaded landslide_report.pdf
24070,MIZ/LUN/84A12/2025/116,Mizoram,,,,23.143591,92.749751,,,,uploaded landslide_report.pdf
24071,MIZ/LUN/84A16/2025/118,Mizoram,,,,23.141589,92.751435,,,,uploaded landslide_report.pdf
24072,MIZ/LUN/84A16/2025/119,Mizoram,,,,23.141474,92.750577,,,,uploaded landslide_report.pdf
24073,MIZ/LUN/84A16/2025/120,Mizoram,,,,23.141077,92.75109,,,,uploaded landslide_report.pdf
24074,MIZ/LUN/84A16/2025/121,Mizoram,,,,23.139887,92.751646,,,,uploaded landslide_report.pdf
24075,MIZ/LUN/84A16/2025/122,Mizoram,,,,23.14016,92.75191,,,,uploaded landslide_report.pdf
24076,MIZ/LUN/84A12/2025/123,Mizoram,,,,23.1378,92.749869,,,,uploaded landslide_report.pdf
24077,MIZ/LUN/84A12/2025/124,Mizoram,,,,23.137565,92.747197,,,,uploaded landslide_report.pdf
24078,MIZ/LUN/84A12/2025/125,Mizoram,,,,23.136964,92.74724,,,,uploaded landslide_report.pdf
24079,MIZ/LUN/84A12/2025/126,Mizoram,,,,23.135979,92.747589,,,,uploaded landslide_report.pdf
24080,MIZ/LUN/84A12/2025/127,Mizoram,,,,23.135813,92.74814,,,,uploaded landslide_report.pdf
24081,MIZ/LUN/84A12/2025/128,Mizoram,,,,23.134961,92.747843,,,,uploaded landslide_report.pdf
24082,MIZ/LUN/84A12/2025/129,Mizoram,,,,23.13488,92.747567,,,,uploaded landslide_report.pdf
24083,MIZ/LUN/84A12/2025/130,Mizoram,,,,23.132516,92.746085,,,,uploaded landslide_report.pdf
24084,MIZ/LUN/84A12/2025/131,Mizoram,,,,23.132035,92.745362,,,,uploaded landslide_report.pdf
24085,MIZ/LUN/84A12/2025/132,Mizoram,,,,23.131844,92.744715,,,,uploaded landslide_report.pdf
24086,MIZ/LUN/84A12/2025/133,Mizoram,,,,23.131999,92.744413,,,,uploaded landslide_report.pdf
24087,MIZ/LUN/84A12/2025/134,Mizoram,,,,23.130578,92.743046,,,,uploaded landslide_report.pdf
24088,MIZ/LUN/84A12/2025/135,Mizoram,,,,23.129048,92.742692,,,,uploaded landslide_report.pdf
24089,MIZ/LUN/84A12/2025/136,Mizoram,,,,23.127505,92.740257,,,,uploaded landslide_report.pdf
24090,MIZ/LUN/84A12/2025/137,Mizoram,,,,23.125686,92.740507,,,,uploaded landslide_report.pdf
24091,MIZ/LUN/84A12/2025/138,Mizoram,,,,23.125271,92.740646,,,,uploaded landslide_report.pdf
24092,MIZ/LUN/84A12/2025/139,Mizoram,,,,23.123927,92.739604,,,,uploaded landslide_report.pdf
24093,MIZ/LUN/84A12/2025/140,Mizoram,,,,23.123517,92.739803,,,,uploaded landslide_report.pdf
24094,MIZ/LUN/84A12/2025/141,Mizoram,,,,23.121323,92.741086,,,,uploaded landslide_report.pdf
24095,MIZ/LUN/84A12/2025/142,Mizoram,,,,23.119722,92.742868,,,,uploaded landslide_report.pdf
24096,MIZ/LUN/84A12/2025/143,Mizoram,,,,23.119344,92.742996,,,,uploaded landslide_report.pdf
24097,MIZ/LUN/84A12/2025/144,Mizoram,,,,23.119163,92.743039,,,,uploaded landslide_report.pdf
24098,MIZ/LUN/84A12/2025/145,Mizoram,,,,23.116585,92.745325,,,,uploaded landslide_report.pdf
24099,MIZ/LUN/84A12/2025/146,Mizoram,,,,23.118272,92.742799,,,,uploaded landslide_report.pdf
24100,MIZ/LUN/84A12/2025/150,Mizoram,,,,23.11239,92.745417,,,,uploaded landslide_report.pdf
24101,MIZ/LUN/84A12/2025/151,Mizoram,,,,23.11349,92.745057,,,,uploaded landslide_report.pdf
24102,MIZ/LUN/84A12/2025/152,Mizoram,,,,23.113126,92.74564,,,,uploaded landslide_report.pdf
24103,MIZ/LUN/84A12/2025/153,Mizoram,,,,23.112284,92.746288,,,,uploaded landslide_report.pdf
24104,MIZ/LUN/84A12/2025/154,Mizoram,,,,23.108018,92.746279,,,,uploaded landslide_report.pdf
24105,MIZ/LUN/84A12/2025/155,Mizoram,,,,23.10565,92.745979,,,,uploaded landslide_report.pdf
24106,MIZ/LUN/84A12/2025/156,Mizoram,,,,23.105869,92.746616,,,,uploaded landslide_report.pdf
24107,MIZ/LUN/84A12/2025/157,Mizoram,,,,23.104623,92.747711,,,,uploaded landslide_report.pdf
24108,MIZ/LUN/84A12/2025/158,Mizoram,,,,23.104711,92.747784,,,,uploaded landslide_report.pdf
24109,MIZ/LUN/84A12/2025/159,Mizoram,,,,23.103993,92.74869,,,,uploaded landslide_report.pdf
24110,MIZ/LUN/84A12/2025/160,Mizoram,,,,23.10357,92.748737,,,,uploaded landslide_report.pdf
24111,MIZ/LUN/84A16/2025/161,Mizoram,,,,23.100785,92.751508,,,,uploaded landslide_report.pdf
24112,MIZ/LUN/84A16/2025/162,Mizoram,,,,23.099615,92.752199,,,,uploaded landslide_report.pdf
24113,MIZ/LUN/84A16/2025/163,Mizoram,,,,23.098261,92.751461,,,,uploaded landslide_report.pdf
24114,MIZ/LUN/84A16/2025/164,Mizoram,,,,23.09459,92.753733,,,,uploaded landslide_report.pdf
24115,MIZ/LUN/84A16/2025/165,Mizoram,,,,23.092076,92.752286,,,,uploaded landslide_report.pdf
24116,MIZ/LUN/84A16/2025/166,Mizoram,,,,23.091619,92.752299,,,,uploaded landslide_report.pdf
24117,MIZ/LUN/84A16/2025/167,Mizoram,,,,23.089822,92.751916,,,,uploaded landslide_report.pdf
24118,MIZ/LUN/84A16/2025/172,Mizoram,,,,23.08373,92.757679,,,,uploaded landslide_report.pdf
24119,MIZ/LUN/84A16/2025/173,Mizoram,,,,23.082149,92.758285,,,,uploaded landslide_report.pdf
24120,MIZ/LUN/84A16/2025/175,Mizoram,,,,23.074255,92.76222,,,,uploaded landslide_report.pdf
24121,MIZ/LUN/84A16/2025/176,Mizoram,,,,23.07006,92.764514,,,,uploaded landslide_report.pdf
24122,MIZ/LUN/84A16/2025/177,Mizoram,,,,23.069585,92.765797,,,,uploaded landslide_report.pdf
24123,MIZ/LUN/84A16/2025/178,Mizoram,,,,23.067473,92.767201,,,,uploaded landslide_report.pdf
24124,MIZ/LUN/84A16/2025/179,Mizoram,,,,23.065772,92.767979,,,,uploaded landslide_report.pdf
24125,MIZ/LUN/84A16/2025/180,Mizoram,,,,23.06533,92.768329,,,,uploaded landslide_report.pdf
24126,MIZ/LUN/84A16/2025/181,Mizoram,,,,23.063838,92.769004,,,,uploaded landslide_report.pdf
24127,MIZ/LUN/84A16/2025/182,Mizoram,,,,23.061745,92.770105,,,,uploaded landslide_report.pdf
24128,MIZ/LUN/84A16/2025/183,Mizoram,,,,23.059168,92.771186,,,,uploaded landslide_report.pdf
24129,MIZ/LUN/84A16/2025/186,Mizoram,,,,23.056424,92.772983,,,,uploaded landslide_report.pdf
24130,MIZ/LUN/84A16/2025/187,Mizoram,,,,23.054573,92.772578,,,,uploaded landslide_report.pdf
24131,MIZ/LUN/84A16/2025/188,Mizoram,,,,23.053698,92.772504,,,,uploaded landslide_report.pdf
24132,MIZ/LUN/84A16/2025/189,Mizoram,,,,23.050965,92.772524,,,,uploaded landslide_report.pdf
24133,MIZ/LUN/84A16/2025/190,Mizoram,,,,23.047367,92.772849,,,,uploaded landslide_report.pdf
24134,MIZ/LUN/84A16/2025/191,Mizoram,,,,23.046442,92.772974,,,,uploaded landslide_report.pdf
24135,MIZ/LUN/84A16/2025/192,Mizoram,,,,23.045557,92.772557,,,,uploaded landslide_report.pdf
24136,MIZ/LUN/84A16/2025/193,Mizoram,,,,23.046939,92.772748,,,,uploaded landslide_report.pdf
24137,MIZ/LUN/84A16/2025/194,Mizoram,,,,23.044434,92.772583,,,,uploaded landslide_report.pdf
24138,MIZ/LUN/84A16/2025/195,Mizoram,,,,23.04345,92.772408,,,,uploaded landslide_report.pdf
24139,MIZ/LUN/84A16/2025/196,Mizoram,,,,23.043269,92.77264,,,,uploaded landslide_report.pdf
24140,MIZ/LUN/84A16/2025/197,Mizoram,,,,23.040669,92.772823,,,,uploaded landslide_report.pdf
24141,MIZ/LUN/84A16/2025/198,Mizoram,,,,23.040051,92.773327,,,,uploaded landslide_report.pdf
24142,MIZ/LUN/84A16/2025/199,Mizoram,,,,23.038879,92.773703,,,,uploaded landslide_report.pdf
24143,MIZ/AZL/84A11/2025/200,Mizoram,,,,23.502336,92.697334,,,,uploaded landslide_report.pdf
24144,MIZ/AZL/84A11/2025/201,Mizoram,,,,23.502513,92.697754,,,,uploaded landslide_report.pdf
24146,NG/TSG/83J16/2018/002,Nagaland,,,,23.725778,91.645694,,,,uploaded landslide_report.pdf
24147,NAG/PER/83G12/2017/0130,Nagaland,,,,25.187583,93.653861,,,,uploaded landslide_report.pdf
24148,NAG/PER/83G12/2017/0131,Nagaland,,,,25.199528,93.625278,,,,uploaded landslide_report.pdf
24149,NAG/PER/83G11/2017/0142,Nagaland,,,,25.275028,93.616306,,,,uploaded landslide_report.pdf
24150,NAG/PER/83G11/2017/0133,Nagaland,,,,25.275083,93.616306,,,,uploaded landslide_report.pdf
24151,NG/PRN/83G07/2017/4,Nagaland,,,,25.287664,93.488956,,,,uploaded landslide_report.pdf
24152,NG/PRN/83G7/2017/7,Nagaland,,,,25.288472,93.489611,,,,uploaded landslide_report.pdf
24153,NG/PRN/83G07/2017/3,Nagaland,,,,25.292417,93.498972,,,,uploaded landslide_report.pdf
24154,NAG/PER/83G11/2017/0134,Nagaland,,,,25.29725,93.630083,,,,uploaded landslide_report.pdf
24155,NAG/PER/83G11/2017/0135,Nagaland,,,,25.298167,93.632222,,,,uploaded landslide_report.pdf
24156,NAG/PER/83G11/2017/0136,Nagaland,,,,25.343583,93.566972,,,,uploaded landslide_report.pdf
24157,NAG/PER/83G11/2017/0137,Nagaland,,,,25.356333,93.566583,,,,uploaded landslide_report.pdf
24158,NG/PRN/83G07/2017/10,Nagaland,,,,25.4095,93.476639,,,,uploaded landslide_report.pdf
24159,NG/PRN/83G07/2017/9,Nagaland,,,,25.40975,93.475944,,,,uploaded landslide_report.pdf
24160,NAG/PER/83G11/2017/0145,Nagaland,,,,25.471556,93.726778,,,,uploaded landslide_report.pdf
24161,NAG/PER/83G11/2017/0144,Nagaland,,,,25.472217,93.726992,,,,uploaded landslide_report.pdf
24162,NAG/PER/83G11/2017/0143,Nagaland,,,,25.472506,93.727181,,,,uploaded landslide_report.pdf
24163,NAG/PER/83G11/2017/0142,Nagaland,,,,25.472781,93.727319,,,,uploaded landslide_report.pdf
24164,NG/PRN/83G07/2017/1,Nagaland,,,,25.487139,93.493528,,,,uploaded landslide_report.pdf
24165,NA/PER/83G10/2020/12,Nagaland,,,,25.5,93.67,,,,uploaded landslide_report.pdf
24166,NG/PHE/83K10/2017/33,Nagaland,,,,25.502583,94.661194,,,,uploaded landslide_report.pdf
24167,NG/PHE/83K10/2017/32,Nagaland,,,,25.502917,94.661194,,,,uploaded landslide_report.pdf
24168,NG/PHE/83K10/2017/34,Nagaland,,,,25.505833,94.653806,,,,uploaded landslide_report.pdf
24169,NG/PHE/83K10/2017/35,Nagaland,,,,25.507611,94.661028,,,,uploaded landslide_report.pdf
24170,NA/PER/83G10/2020/1,Nagaland,,,,25.51,93.7,,,,uploaded landslide_report.pdf
24171,NA/PER/83G10/2020/2,Nagaland,,,,25.51,93.7,,,,uploaded landslide_report.pdf
24172,NA/PER/83G10/2020/3,Nagaland,,,,25.51,93.71,,,,uploaded landslide_report.pdf
24173,NA/PER/83G10/2020/4,Nagaland,,,,25.51,93.71,,,,uploaded landslide_report.pdf
24174,NA/PER/83G10/2020/5,Nagaland,,,,25.51,93.72,,,,uploaded landslide_report.pdf
24175,NA/PER/83G10/2020/20,Nagaland,,,,20.0,93.67,,,,uploaded landslide_report.pdf
24176,NA/PER/83G10/2020/21,Nagaland,,,,21.0,93.67,,,,uploaded landslide_report.pdf
24177,NA/PER/83G10/2020/22,Nagaland,,,,22.0,93.67,,,,uploaded landslide_report.pdf
24178,NA/PER/83G10/2020/23,Nagaland,,,,23.0,93.67,,,,uploaded landslide_report.pdf
24179,NA/PER/83G10/2020/24,Nagaland,,,,24.0,93.67,,,,uploaded landslide_report.pdf
24180,NA/PER/83G10/2020/25,Nagaland,,,,25.0,93.68,,,,uploaded landslide_report.pdf
24181,NA/PER/83G10/2020/26,Nagaland,,,,26.0,93.68,,,,uploaded landslide_report.pdf
24182,NG/PHE/83K10/2017/31,Nagaland,,,,25.515222,94.660694,,,,uploaded landslide_report.pdf
24183,NA/PER/83G10/2020/6,Nagaland,,,,25.52,93.73,,,,uploaded landslide_report.pdf
24184,NA/PER/83G10/2020/7,Nagaland,,,,25.52,93.72,,,,uploaded landslide_report.pdf
24185,NA/PER/83G10/2020/8,Nagaland,,,,25.52,93.73,,,,uploaded landslide_report.pdf
24186,NG/PER/83G14/2015/4,Nagaland,,,,25.526,93.766,,,,uploaded landslide_report.pdf
24187,NA/PER/83G10/2020/9,Nagaland,,,,25.53,93.74,,,,uploaded landslide_report.pdf
24188,NA/PER/83G10/2020/10,Nagaland,,,,25.53,93.74,,,,uploaded landslide_report.pdf
24189,NA/PER/83G10/2020/11,Nagaland,,,,25.53,93.73,,,,uploaded landslide_report.pdf
24190,NA/PER/83G10/2020/13,Nagaland,,,,25.53,93.73,,,,uploaded landslide_report.pdf
24191,NA/PER/83G10/2020/14,Nagaland,,,,25.53,93.74,,,,uploaded landslide_report.pdf
24192,NA/PER/83G10/2020/15,Nagaland,,,,25.53,93.74,,,,uploaded landslide_report.pdf
24193,NA/PER/83G10/2020/19,Nagaland,,,,25.53,93.72,,,,uploaded landslide_report.pdf
24194,NGP/ER/83G14/2015/21,Nagaland,,,,21.0,93.762,,,,uploaded landslide_report.pdf
24195,NG/PHE/83K2/2015/188,Nagaland,,,,25.536,94.236,,,,uploaded landslide_report.pdf
24196,NL/PHE/83K02/2014/35,Nagaland,,,,25.53633,94.23894,,,,uploaded landslide_report.pdf
24197,NG/KOH/83K2/2015/174,Nagaland,,,,29.0,94.135,,,,uploaded landslide_report.pdf
24198,NA/PER/83G10/2020/16,Nagaland,,,,25.54,93.74,,,,uploaded landslide_report.pdf
24199,NA/PER/83G10/2020/17,Nagaland,,,,25.54,93.74,,,,uploaded landslide_report.pdf
24200,NG/PHE/83K6/2015/329,Nagaland,,,,25.543,94.357,,,,uploaded landslide_report.pdf
24201,NG/PHE/83K6/2015/248,Nagaland,,,,25.546,94.274,,,,uploaded landslide_report.pdf
24202,NG/PHE/83K6/2015/250,Nagaland,,,,25.546,94.27,,,,uploaded landslide_report.pdf
24203,NG/KOH/83K2/2015/153,Nagaland,,,,25.548,94.188,,,,uploaded landslide_report.pdf
24204,NL/KOH/83K02/2014/42,Nagaland,,,,25.54831,94.19192,,,,uploaded landslide_report.pdf
24205,NG/PHE/83K6/2015/268,Nagaland,,,,25.549,94.286,,,,uploaded landslide_report.pdf
24206,NG/KOH/83K2/2015/114,Nagaland,,,,25.552,94.149,,,,uploaded landslide_report.pdf
24207,NG/PHE/83K6/2015/261,Nagaland,,,,25.552,94.36,,,,uploaded landslide_report.pdf
24208,NG/PHE/83K6/2015/252,Nagaland,,,,25.552,94.362,,,,uploaded landslide_report.pdf
24209,NG/PHE/83K6/2015/307,Nagaland,,,,25.552,94.289,,,,uploaded landslide_report.pdf
24210,NG/KOH/83K2/2015/116,Nagaland,,,,25.553,94.148,,,,uploaded landslide_report.pdf
24211,NG/PHE/83K14/2017/53,Nagaland,,,,25.553833,94.762389,,,,uploaded landslide_report.pdf
24212,NG/KOH/83K2/2015/124,Nagaland,,,,25.554,94.148,,,,uploaded landslide_report.pdf
24213,NL/PHE/83K02/2014/32,Nagaland,,,,25.55408,94.23669,,,,uploaded landslide_report.pdf
24214,NG/PHE/83K14/2017/54,Nagaland,,,,25.554167,94.760944,,,,uploaded landslide_report.pdf
24215,NG/PHE/83K14/2017/51,Nagaland,,,,25.555056,94.768611,,,,uploaded landslide_report.pdf
24216,NG/PHE/83K14/2017/52,Nagaland,,,,25.555969,94.764325,,,,uploaded landslide_report.pdf
24217,NL/KOH/83K02/2014/48,Nagaland,,,,25.55697,94.15322,,,,uploaded landslide_report.pdf
24218,NG/PHE/83K6/2015/245,Nagaland,,,,25.559,94.284,,,,uploaded landslide_report.pdf
24219,NG/KOH/83K2/2015/212,Nagaland,,,,25.559,94.249,,,,uploaded landslide_report.pdf
24220,NG/PHE/83K6/2015/332,Nagaland,,,,25.559,94.251,,,,uploaded landslide_report.pdf
24221,NG/PHE/83K14/2017/50,Nagaland,,,,25.559211,94.769978,,,,uploaded landslide_report.pdf
24222,NG/KOH/83K2/2015/241,Nagaland,,,,25.56,94.151,,,,uploaded landslide_report.pdf
24223,NG/KOH/83K2/2015/176,Nagaland,,,,25.56,94.153,,,,uploaded landslide_report.pdf
24224,NG/PHE/83K14/2017/20,Nagaland,,,,20.0,94.773214,,,,uploaded landslide_report.pdf
24225,NG/PHE/83K6/2015/282,Nagaland,,,,25.561,94.294,,,,uploaded landslide_report.pdf
24226,NG/KOH/83K2/2015/233,Nagaland,,,,25.561,94.143,,,,uploaded landslide_report.pdf
24227,NG/PER/83G14/2015/28,Nagaland,,,,28.0,93.858,,,,uploaded landslide_report.pdf
24228,NG/PHE/83K14/2017/18,Nagaland,,,,25.561306,94.780778,,,,uploaded landslide_report.pdf
24229,NG/PHE/83K14/2017/17,Nagaland,,,,25.561389,94.783889,,,,uploaded landslide_report.pdf
24230,NG/PHE/83K14/2017/19,Nagaland,,,,25.561903,94.778178,,,,uploaded landslide_report.pdf
24231,NG/KOH/83K2/2015/119,Nagaland,,,,25.562,94.168,,,,uploaded landslide_report.pdf
24232,NG/PHE/83K10/2017/36,Nagaland,,,,25.562667,94.608,,,,uploaded landslide_report.pdf
24233,NL/KOH/83K02/2014/36,Nagaland,,,,25.56292,94.14544,,,,uploaded landslide_report.pdf
24234,NG/KOH/83K2/2015/73,Nagaland,,,,25.563,94.165,,,,uploaded landslide_report.pdf
24235,NG/KOH/83K2/2015/74,Nagaland,,,,25.563,94.147,,,,uploaded landslide_report.pdf
24236,NG/KOH/83K2/2015/195,Nagaland,,,,29.0,94.14,,,,uploaded landslide_report.pdf
24237,NG/KOH/83K2/2015/227,Nagaland,,,,29.0,94.138,,,,uploaded landslide_report.pdf
24238,NG/KOH/83K2/2015/199,Nagaland,,,,29.0,94.138,,,,uploaded landslide_report.pdf
24239,NL/KOH/83K02/2014/39,Nagaland,,,,25.56544,94.17208,,,,uploaded landslide_report.pdf
24240,NG/KOH/83K2/2015/193,Nagaland,,,,25.566,94.162,,,,uploaded landslide_report.pdf
24241,NG/PHE/83K6/2015/299,Nagaland,,,,25.566,94.258,,,,uploaded landslide_report.pdf
24242,NG/KOH/83K2/2015/122,Nagaland,,,,25.566,94.168,,,,uploaded landslide_report.pdf
24243,NG/PHE/83K6/2015/297,Nagaland,,,,25.566,94.26,,,,uploaded landslide_report.pdf
24244,NG/PER/83G14/2015/16,Nagaland,,,,25.566,93.863,,,,uploaded landslide_report.pdf
24245,NG/PHE/83K14/2017/56,Nagaland,,,,25.566583,94.763722,,,,uploaded landslide_report.pdf
24246,NG/PHE/83K14/2017/55,Nagaland,,,,25.566944,94.773222,,,,uploaded landslide_report.pdf
24247,NG/KOH/83K2/2015/192,Nagaland,,,,25.567,94.164,,,,uploaded landslide_report.pdf
24248,NG/PHE/83K14/2017/14,Nagaland,,,,25.568528,94.784806,,,,uploaded landslide_report.pdf
24249,NG/PHE/83K14/2017/16,Nagaland,,,,25.568611,94.783078,,,,uploaded landslide_report.pdf
24250,NG/PHE/83K2/2015/145,Nagaland,,,,25.569,94.234,,,,uploaded landslide_report.pdf
24251,NG/PHE/83K6/2015/311,Nagaland,,,,25.569,94.283,,,,uploaded landslide_report.pdf
24252,NG/PER/83G14/2015/15,Nagaland,,,,25.569,93.872,,,,uploaded landslide_report.pdf
24253,NG/PER/83G14/2015/13,Nagaland,,,,25.57,93.871,,,,uploaded landslide_report.pdf
24254,NG/PHE/83K14/2017/22,Nagaland,,,,22.0,94.877278,,,,uploaded landslide_report.pdf
24255,NL/KOH/83K02/2014/38,Nagaland,,,,25.57086,94.17047,,,,uploaded landslide_report.pdf
24256,NG/PHE/83K6/2015/263,Nagaland,,,,25.571,94.253,,,,uploaded landslide_report.pdf
24257,NG/KOH/83K2/2015/205,Nagaland,,,,25.571,94.166,,,,uploaded landslide_report.pdf
24258,NG/PER/83G14/2015/11,Nagaland,,,,25.571,93.871,,,,uploaded landslide_report.pdf
24259,NG/KOH/83K2/2015/185,Nagaland,,,,25.572,94.168,,,,uploaded landslide_report.pdf
24260,NG/KOH/83K2/2015/125,Nagaland,,,,25.572,94.25,,,,uploaded landslide_report.pdf
24261,NG/PHE/83K6/2015/326,Nagaland,,,,25.572,94.25,,,,uploaded landslide_report.pdf
24262,NG/PER/83G14/2015/14,Nagaland,,,,25.572,93.787,,,,uploaded landslide_report.pdf
24263,NG/PHE/83K14/2017/15,Nagaland,,,,25.572058,94.784969,,,,uploaded landslide_report.pdf
24264,NL/KOH/83K02/2014/37,Nagaland,,,,25.57244,94.17178,,,,uploaded landslide_report.pdf
24265,NG/PHE/83K6/2015/247,Nagaland,,,,25.574,94.295,,,,uploaded landslide_report.pdf
24266,NG/PHE/83K6/2015/285,Nagaland,,,,25.574,94.332,,,,uploaded landslide_report.pdf
24267,NG/PER/83G14/2015/9,Nagaland,,,,25.575,93.777,,,,uploaded landslide_report.pdf
24268,NG/PHE/83K6/2015/305,Nagaland,,,,25.576,94.351,,,,uploaded landslide_report.pdf
24269,NG/PER/83G14/2015/17,Nagaland,,,,25.576,93.783,,,,uploaded landslide_report.pdf
24270,NG/PER/83G14/2015/7,Nagaland,,,,25.576,93.878,,,,uploaded landslide_report.pdf
24271,NG/PHE/83K14/2017/13,Nagaland,,,,25.576444,94.785556,,,,uploaded landslide_report.pdf
24272,NG/PER/83G14/2015/6,Nagaland,,,,25.578,93.805,,,,uploaded landslide_report.pdf
24273,NG/PER/83G14/2015/26,Nagaland,,,,26.0,93.87,,,,uploaded landslide_report.pdf
24274,NG/PHE/83K14/2017/23,Nagaland,,,,23.0,94.863694,,,,uploaded landslide_report.pdf
24275,NG/PHE/83K10/2017/37,Nagaland,,,,25.581333,94.627306,,,,uploaded landslide_report.pdf
24276,NG/PHE/83K14/2017/12,Nagaland,,,,25.581806,94.784833,,,,uploaded landslide_report.pdf
24277,NAG/PHEK/83K06/2009/F-6,Nagaland,,,,25.58194,94.35,,,,uploaded landslide_report.pdf
24278,NG/PHE/83K14/2017/24,Nagaland,,,,24.0,94.858139,,,,uploaded landslide_report.pdf
24279,NG/KOH/83K2/2015/225,Nagaland,,,,25.582,94.141,,,,uploaded landslide_report.pdf
24280,NG/PHE/83K14/2017/11,Nagaland,,,,25.582694,94.785139,,,,uploaded landslide_report.pdf
24281,NG/PHE/83K14/2017/10,Nagaland,,,,25.583694,94.785639,,,,uploaded landslide_report.pdf
24282,NG/PHE/83K14/2017/25,Nagaland,,,,25.0,94.858,,,,uploaded landslide_report.pdf
24283,NG/PHE/83K14/2017/26,Nagaland,,,,26.0,94.8582,,,,uploaded landslide_report.pdf
24284,NG/PHE/83K14/2017/9,Nagaland,,,,25.584519,94.792344,,,,uploaded landslide_report.pdf
24285,NG/KOH/83K2/2015/229,Nagaland,,,,25.585,94.137,,,,uploaded landslide_report.pdf
24286,NG/PHE/83K14/2017/34,Nagaland,,,,25.585472,94.846833,,,,uploaded landslide_report.pdf
24287,NG/PHE/83K6/2015/286,Nagaland,,,,25.586,94.288,,,,uploaded landslide_report.pdf
24288,NG/PHE/83K14/2017/27,Nagaland,,,,27.0,94.858222,,,,uploaded landslide_report.pdf
24289,NG/PHE/83K14/2017/28,Nagaland,,,,28.0,94.858222,,,,uploaded landslide_report.pdf
24290,NG/PHE/83K14/2017/29,Nagaland,,,,29.0,94.858722,,,,uploaded landslide_report.pdf
24291,NG/PHE/83K6/2015/308,Nagaland,,,,25.588,94.292,,,,uploaded landslide_report.pdf
24292,NG/PHE/83K14/2017/8,Nagaland,,,,25.588389,94.78825,,,,uploaded landslide_report.pdf
24293,NG/PHE/83K14/2017/30,Nagaland,,,,30.0,94.859428,,,,uploaded landslide_report.pdf
24294,NG/PHE/83K14/2017/57,Nagaland,,,,25.589222,94.766083,,,,uploaded landslide_report.pdf
24295,NG/PHE/83K14/2017/35,Nagaland,,,,25.590139,94.846333,,,,uploaded landslide_report.pdf
24296,NG/PHE/83K10/2017/23,Nagaland,,,,23.0,94.595278,,,,uploaded landslide_report.pdf
24297,NG/PHE/83K10/2017/38,Nagaland,,,,25.5925,94.628472,,,,uploaded landslide_report.pdf
24298,NG/PHE/83K14/2017/32,Nagaland,,,,25.593333,94.855194,,,,uploaded landslide_report.pdf
24299,NG/PHE/83K10/2017/22,Nagaland,,,,22.0,94.596944,,,,uploaded landslide_report.pdf
24300,NG/PHE/83K14/2017/45,Nagaland,,,,25.593778,94.822389,,,,uploaded landslide_report.pdf
24301,NG/PHE/83K14/2017/7,Nagaland,,,,25.593944,94.810925,,,,uploaded landslide_report.pdf
24302,NG/KOH/83K2/2015/240,Nagaland,,,,25.594,94.166,,,,uploaded landslide_report.pdf
24303,NG/PHE/83K6/2015/322,Nagaland,,,,25.594,94.314,,,,uploaded landslide_report.pdf
24304,NG/PHE/83K14/2017/36,Nagaland,,,,25.594639,94.842444,,,,uploaded landslide_report.pdf
24305,NG/PHE/83K14/2017/31,Nagaland,,,,25.595083,94.857778,,,,uploaded landslide_report.pdf
24306,NG/PHE/83K14/2017/59,Nagaland,,,,25.596111,94.785444,,,,uploaded landslide_report.pdf
24307,NG/PHE/83K14/2017/37,Nagaland,,,,25.597167,94.842028,,,,uploaded landslide_report.pdf
24308,NG/PHE/83K14/2017/58,Nagaland,,,,25.597778,94.767,,,,uploaded landslide_report.pdf
24309,NG/PHE/83K6/2015/316,Nagaland,,,,25.598,94.31,,,,uploaded landslide_report.pdf
24310,NG/PER/83G14/2015/18,Nagaland,,,,25.598,93.848,,,,uploaded landslide_report.pdf
24311,NG/PHE/83K10/2017/20,Nagaland,,,,20.0,94.617222,,,,uploaded landslide_report.pdf
24312,NG/PHE/83K10/2017/19,Nagaland,,,,25.599722,94.612972,,,,uploaded landslide_report.pdf
24313,NG/PHE/83K14/2017/38,Nagaland,,,,25.6,94.841389,,,,uploaded landslide_report.pdf
24314,NG/PHE/83K10/2017/18,Nagaland,,,,25.600306,94.613222,,,,uploaded landslide_report.pdf
24315,NG/PHE/83K6/2015/302,Nagaland,,,,25.601,94.31,,,,uploaded landslide_report.pdf
24316,NG/PHE/83K14/2017/42,Nagaland,,,,25.601028,94.829722,,,,uploaded landslide_report.pdf
24317,NG/PHE/83K6/2015/313,Nagaland,,,,25.602,94.427,,,,uploaded landslide_report.pdf
24318,NG/PHE/83K14/2017/46,Nagaland,,,,25.602208,94.823292,,,,uploaded landslide_report.pdf
24319,NG/PHE/83K14/2017/21,Nagaland,,,,21.0,94.891208,,,,uploaded landslide_report.pdf
24320,NG/PHE/83K6/2015/258,Nagaland,,,,25.603,94.426,,,,uploaded landslide_report.pdf
24321,NG/PHE/83K14/2017/39,Nagaland,,,,25.604389,94.839583,,,,uploaded landslide_report.pdf
24322,NG/PHE/83K14/2017/61,Nagaland,,,,25.604444,94.76,,,,uploaded landslide_report.pdf
24323,NG/PHE/83K14/2017/60,Nagaland,,,,25.604611,94.768083,,,,uploaded landslide_report.pdf
24324,NG/KOH/83K2/2015/223,Nagaland,,,,25.605,94.051,,,,uploaded landslide_report.pdf
24325,NG/PHE/83K14/2017/6,Nagaland,,,,25.605061,94.772156,,,,uploaded landslide_report.pdf
24326,NG/PHE/83K14/2017/40,Nagaland,,,,25.605458,94.839083,,,,uploaded landslide_report.pdf
24327,NG/PHE/83K14/2017/49,Nagaland,,,,25.6055,94.800833,,,,uploaded landslide_report.pdf
24328,NG/PHE/83K6/2015/327,Nagaland,,,,25.607,94.321,,,,uploaded landslide_report.pdf
24329,NG/PHE/83K14/2017/41,Nagaland,,,,25.607778,94.837944,,,,uploaded landslide_report.pdf
24330,NG/KOH/83K2/2015/216,Nagaland,,,,25.608,94.146,,,,uploaded landslide_report.pdf
24331,NG/PHE/83K14/2017/47,Nagaland,,,,25.609472,94.806111,,,,uploaded landslide_report.pdf
24332,NG/KOH/83K2/2015/208,Nagaland,,,,25.61,94.139,,,,uploaded landslide_report.pdf
24333,NG/PHE/83K10/2017/21,Nagaland,,,,21.0,94.591889,,,,uploaded landslide_report.pdf
24334,NL/KOH/83K02/2014/41,Nagaland,,,,25.61092,94.20064,,,,uploaded landslide_report.pdf
24335,NG/PHE/83K10/2017/11,Nagaland,,,,25.611028,94.747167,,,,uploaded landslide_report.pdf
24336,NG/PHE/83K2/2015/70,Nagaland,,,,25.612,94.209,,,,uploaded landslide_report.pdf
24337,NL/PHE/83K02/2014/04,Nagaland,,,,25.61275,94.21517,,,,uploaded landslide_report.pdf
24338,NG/PHE/83K10/2017/12,Nagaland,,,,25.613,94.745889,,,,uploaded landslide_report.pdf
24339,NG/PHE/83K10/2017/17,Nagaland,,,,25.613472,94.583333,,,,uploaded landslide_report.pdf
24340,NG/PHE/83K6/2015/255,Nagaland,,,,25.614,94.496,,,,uploaded landslide_report.pdf
24341,NG/PHE/83K6/2015/292,Nagaland,,,,25.614,94.493,,,,uploaded landslide_report.pdf
24342,NG/PHE/83K6/2015/309,Nagaland,,,,25.614,94.319,,,,uploaded landslide_report.pdf
24343,NG/KOH/83G14/2015/1,Nagaland,,,,25.615,93.944,,,,uploaded landslide_report.pdf
24344,NL/KOH/83K02/2014/12,Nagaland,,,,29.0,94.09208,,,,uploaded landslide_report.pdf
24345,NG/PHE/83K6/2015/267,Nagaland,,,,25.616,94.484,,,,uploaded landslide_report.pdf
24346,NG/KOH/83K2/2015/131,Nagaland,,,,25.617,94.113,,,,uploaded landslide_report.pdf
24347,NG/KOH/83G14/2015/3,Nagaland,,,,25.617,93.941,,,,uploaded landslide_report.pdf
24348,NG/PHE/83K6/2015/331,Nagaland,,,,25.618,94.468,,,,uploaded landslide_report.pdf
24349,NG/PHE/83K2/2015/120,Nagaland,,,,25.618,94.209,,,,uploaded landslide_report.pdf
24350,NG/PHE/83K2/2015/61,Nagaland,,,,25.619,94.206,,,,uploaded landslide_report.pdf
24351,NG/PHE/83K6/2015/291,Nagaland,,,,25.62,94.485,,,,uploaded landslide_report.pdf
24352,NG/PHE/83K6/2015/295,Nagaland,,,,25.62,94.332,,,,uploaded landslide_report.pdf
24353,NG/PHE/83K14/2017/48,Nagaland,,,,25.620269,94.801031,,,,uploaded landslide_report.pdf
24354,NL/PHE/83K02/2014/03,Nagaland,,,,25.62067,94.21483,,,,uploaded landslide_report.pdf
24355,NL/PHE/83K02/2014/05,Nagaland,,,,25.62067,94.21483,,,,uploaded landslide_report.pdf
24356,NL/KOH/83K02/2014/03,Nagaland,,,,29.0,94.11806,,,,uploaded landslide_report.pdf
24357,NG/PHE/83K2/2015/64,Nagaland,,,,25.621,94.212,,,,uploaded landslide_report.pdf
24358,NG/PHE/83K6/2015/304,Nagaland,,,,25.621,94.335,,,,uploaded landslide_report.pdf
24359,NL/KOH/83K02/2014/34,Nagaland,,,,29.0,94.19439,,,,uploaded landslide_report.pdf
24360,NG/PHE/83K2/2015/106,Nagaland,,,,25.622,94.206,,,,uploaded landslide_report.pdf
24361,NG/KOH/83K2/2015/230,Nagaland,,,,29.0,94.114,,,,uploaded landslide_report.pdf
24362,NG/PHE/83K2/2015/130,Nagaland,,,,25.622,94.212,,,,uploaded landslide_report.pdf
24363,NG/KOH/83K2/2015/236,Nagaland,,,,29.0,94.113,,,,uploaded landslide_report.pdf
24364,NG/PHE/83K6/2015/293,Nagaland,,,,25.623,94.354,,,,uploaded landslide_report.pdf
24365,NG/PHE/83K6/2015/330,Nagaland,,,,25.623,94.336,,,,uploaded landslide_report.pdf
24366,NG/PHE/83K14/2017/43,Nagaland,,,,25.623364,94.819272,,,,uploaded landslide_report.pdf
24367,NG/PHE/83K2/2015/102,Nagaland,,,,25.624,94.206,,,,uploaded landslide_report.pdf
24368,NG/PHE/83K6/2015/280,Nagaland,,,,25.624,94.361,,,,uploaded landslide_report.pdf
24369,NG/PHE/83K6/2015/279,Nagaland,,,,25.624,94.348,,,,uploaded landslide_report.pdf
24370,NG/PHE/83K10/2017/15,Nagaland,,,,25.624639,94.503278,,,,uploaded landslide_report.pdf
24371,NG/PHE/83K6/2015/315,Nagaland,,,,25.625,94.335,,,,uploaded landslide_report.pdf
24372,NG/PHE/83K6/2015/333,Nagaland,,,,25.625,94.345,,,,uploaded landslide_report.pdf
24373,NG/PHE/83K14/2017/33,Nagaland,,,,25.626833,94.847053,,,,uploaded landslide_report.pdf
24374,NG/PHE/83K2/2015/191,Nagaland,,,,25.628,94.211,,,,uploaded landslide_report.pdf
24375,NG/PHE/83K6/2015/253,Nagaland,,,,25.629,94.273,,,,uploaded landslide_report.pdf
24376,NG/PHE/83K6/2015/259,Nagaland,,,,25.629,94.274,,,,uploaded landslide_report.pdf
24377,NG/PER/83G14/2015/27,Nagaland,,,,27.0,93.855,,,,uploaded landslide_report.pdf
24378,NL/KOH/83K02/2014/33,Nagaland,,,,25.62978,94.19514,,,,uploaded landslide_report.pdf
24379,NG/KOH/83K2/2015/103,Nagaland,,,,25.63,94.014,,,,uploaded landslide_report.pdf
24380,NG/PHE/83K6/2015/277,Nagaland,,,,25.63,94.25,,,,uploaded landslide_report.pdf
24381,NG/PHE/83K6/2015/269,Nagaland,,,,25.63,94.259,,,,uploaded landslide_report.pdf
24382,NG/KOH/83K2/2015/186,Nagaland,,,,25.63,94.103,,,,uploaded landslide_report.pdf
24383,NG/PHE/83K2/2015/71,Nagaland,,,,25.631,94.203,,,,uploaded landslide_report.pdf
24384,NG/KOH/83K2/2015/211,Nagaland,,,,25.631,94.174,,,,uploaded landslide_report.pdf
24385,NG/PHE/83K6/2015/303,Nagaland,,,,25.631,94.257,,,,uploaded landslide_report.pdf
24386,NG/KOH/83G14/2015/5,Nagaland,,,,25.631,93.999,,,,uploaded landslide_report.pdf
24387,NG/PHE/83K10/2017/9,Nagaland,,,,25.631122,94.748497,,,,uploaded landslide_report.pdf
24388,NG/PHE/83K14/2017/1,Nagaland,,,,25.631833,94.750139,,,,uploaded landslide_report.pdf
24389,NG/PHE/83K6/2015/271,Nagaland,,,,25.632,94.257,,,,uploaded landslide_report.pdf
24390,NG/PHE/83K6/2015/274,Nagaland,,,,25.632,94.25,,,,uploaded landslide_report.pdf
24391,NG/PHE/83K2/2015/67,Nagaland,,,,25.632,94.25,,,,uploaded landslide_report.pdf
24392,NG/PHE/83K6/2015/264,Nagaland,,,,25.632,94.25,,,,uploaded landslide_report.pdf
24393,NG/PHE/83K2/2015/158,Nagaland,,,,25.632,94.215,,,,uploaded landslide_report.pdf
24394,NG/PHE/83K10/2017/8,Nagaland,,,,25.633944,94.733056,,,,uploaded landslide_report.pdf
24395,NG/PHE/83K6/2015/306,Nagaland,,,,25.634,94.255,,,,uploaded landslide_report.pdf
24396,NG/PHE/83K6/2015/287,Nagaland,,,,25.635,94.253,,,,uploaded landslide_report.pdf
24397,NG/PHE/83K2/2015/207,Nagaland,,,,25.635,94.217,,,,uploaded landslide_report.pdf
24398,NG/PHE/83K6/2015/300,Nagaland,,,,25.635,94.252,,,,uploaded landslide_report.pdf
24399,NL/PHE/83K02/2014/02,Nagaland,,,,25.63669,94.21986,,,,uploaded landslide_report.pdf
24400,NG/PHE/83K14/2017/2,Nagaland,,,,25.6375,94.757556,,,,uploaded landslide_report.pdf
24401,NG/KOH/83K2/2015/172,Nagaland,,,,25.638,94.109,,,,uploaded landslide_report.pdf
24402,NAG/KOH/83K02/2007/F-1,Nagaland,,,,25.63861,94.115,,,,uploaded landslide_report.pdf
24403,NG/PHE/83K14/2017/3,Nagaland,,,,25.640056,94.765278,,,,uploaded landslide_report.pdf
24404,NG/PHE/83K10/2017/7,Nagaland,,,,25.640389,94.732444,,,,uploaded landslide_report.pdf
24405,NG/PHE/83K10/2017/16,Nagaland,,,,25.641,94.730878,,,,uploaded landslide_report.pdf
24406,NG/PHE/83K2/2015/83,Nagaland,,,,25.642,94.201,,,,uploaded landslide_report.pdf
24407,NG/KOH/83K2/2015/91,Nagaland,,,,29.0,94.107,,,,uploaded landslide_report.pdf
24408,NG/KOH/83K2/2015/140,Nagaland,,,,25.645,94.034,,,,uploaded landslide_report.pdf
24409,NG/KOH/83G14/2015/2,Nagaland,,,,25.645,93.992,,,,uploaded landslide_report.pdf
24410,NG/KOH/83K2/2015/63,Nagaland,,,,25.646,94.033,,,,uploaded landslide_report.pdf
24411,NG/KOH/83K2/2015/197,Nagaland,,,,25.646,94.177,,,,uploaded landslide_report.pdf
24412,NG/PER/83G14/2015/29,Nagaland,,,,29.0,93.843,,,,uploaded landslide_report.pdf
24413,NG/PHE/83K6/2015/324,Nagaland,,,,25.646,94.479,,,,uploaded landslide_report.pdf
24414,NG/PHE/83K6/2015/328,Nagaland,,,,25.646,94.378,,,,uploaded landslide_report.pdf
24415,NG/PHE/83K14/2017/4,Nagaland,,,,25.646389,94.766389,,,,uploaded landslide_report.pdf
24416,NG/PHE/83K6/2015/288,Nagaland,,,,25.647,94.378,,,,uploaded landslide_report.pdf
24417,NG/PHE/83K6/2015/298,Nagaland,,,,25.647,94.361,,,,uploaded landslide_report.pdf
24418,NG/PHE/83K6/2015/294,Nagaland,,,,25.647,94.481,,,,uploaded landslide_report.pdf
24419,NG/KOH/83K2/2015/173,Nagaland,,,,25.648,94.124,,,,uploaded landslide_report.pdf
24420,NG/KOH/83K2/2015/113,Nagaland,,,,25.649,94.121,,,,uploaded landslide_report.pdf
24421,NG/PHE/83K6/2015/336,Nagaland,,,,25.649,94.441,,,,uploaded landslide_report.pdf
24422,NG/PHE/83K10/2017/5,Nagaland,,,,25.649428,94.737028,,,,uploaded landslide_report.pdf
24423,NG/KOH/83K2/2015/85,Nagaland,,,,25.65,94.03,,,,uploaded landslide_report.pdf
24424,NG/KOH/83K2/2015/37,Nagaland,,,,25.65,94.122,,,,uploaded landslide_report.pdf
24425,NG/KOH/83K2/2015/34,Nagaland,,,,25.65,94.122,,,,uploaded landslide_report.pdf
24426,NG/PHE/83K10/2017/25,Nagaland,,,,25.0,94.510556,,,,uploaded landslide_report.pdf
24427,NG/PHE/83K10/2017/24,Nagaland,,,,24.0,94.5095,,,,uploaded landslide_report.pdf
24428,NL/KOH/83K02/2014/46,Nagaland,,,,25.65072,94.03294,,,,uploaded landslide_report.pdf
24429,NG/KOH/83K2/2015/99,Nagaland,,,,25.651,94.119,,,,uploaded landslide_report.pdf
24430,NG/PHE/83K6/2015/270,Nagaland,,,,25.651,94.289,,,,uploaded landslide_report.pdf
24431,NG/KOH/83K2/2015/50,Nagaland,,,,25.651,94.097,,,,uploaded landslide_report.pdf
24432,NG/KOH/83K2/2015/52,Nagaland,,,,25.651,94.121,,,,uploaded landslide_report.pdf
24433,NG/KOH/83K2/2015/40,Nagaland,,,,25.651,94.119,,,,uploaded landslide_report.pdf
24434,NG/KOH/83K2/2015/118,Nagaland,,,,25.651,94.12,,,,uploaded landslide_report.pdf
24435,NG/PHE/83K10/2017/26,Nagaland,,,,26.0,94.514833,,,,uploaded landslide_report.pdf
24436,NG/PHE/83K10/2017/27,Nagaland,,,,27.0,94.52225,,,,uploaded landslide_report.pdf
24437,NG/KOH/83K2/2015/62,Nagaland,,,,25.652,94.121,,,,uploaded landslide_report.pdf
24438,NG/PHE/83K6/2015/284,Nagaland,,,,25.652,94.288,,,,uploaded landslide_report.pdf
24439,NG/KOH/83K2/2015/90,Nagaland,,,,25.652,94.122,,,,uploaded landslide_report.pdf
24440,NG/KOH/83K2/2015/160,Nagaland,,,,25.652,94.154,,,,uploaded landslide_report.pdf
24441,NG/KOH/83K2/2015/115,Nagaland,,,,25.652,94.03,,,,uploaded landslide_report.pdf
24442,NG/PHE/83K10/2017/6,Nagaland,,,,25.652361,94.735889,,,,uploaded landslide_report.pdf
24443,NG/PHE/83K14/2017/5,Nagaland,,,,25.652639,94.7705,,,,uploaded landslide_report.pdf
24444,NL/KOH/83K02/2014/45,Nagaland,,,,25.65275,94.032,,,,uploaded landslide_report.pdf
24445,NG/KOH/83K2/2015/53,Nagaland,,,,25.653,94.123,,,,uploaded landslide_report.pdf
24446,NG/KOH/83K2/2015/44,Nagaland,,,,25.653,94.121,,,,uploaded landslide_report.pdf
24447,NG/PHE/83K10/2017/4,Nagaland,,,,25.653361,94.734333,,,,uploaded landslide_report.pdf
24448,NG/KOH/83K2/2015/77,Nagaland,,,,25.654,94.122,,,,uploaded landslide_report.pdf
24449,NG/PHE/83K6/2015/254,Nagaland,,,,25.654,94.438,,,,uploaded landslide_report.pdf
24450,NG/PHE/83K2/2015/243,Nagaland,,,,25.655,94.234,,,,uploaded landslide_report.pdf
24451,NG/PHE/83K6/2015/257,Nagaland,,,,25.655,94.438,,,,uploaded landslide_report.pdf
24452,NL/KOH/83K02/2014/15,Nagaland,,,,25.65653,94.09061,,,,uploaded landslide_report.pdf
24453,NG/PHE/83K6/2015/260,Nagaland,,,,25.657,94.439,,,,uploaded landslide_report.pdf
24454,NG/KOH/83K2/2015/57,Nagaland,,,,25.657,94.102,,,,uploaded landslide_report.pdf
24455,NG/PHE/83K14/2017/66,Nagaland,,,,25.657361,94.750278,,,,uploaded landslide_report.pdf
24456,NL/KOH/83K02/2014/13,Nagaland,,,,25.65747,94.08611,,,,uploaded landslide_report.pdf
24457,NL/KOH/83K02/2014/10,Nagaland,,,,25.65778,94.05683,,,,uploaded landslide_report.pdf
24458,NG/KOH/83K2/2015/179,Nagaland,,,,25.659,94.112,,,,uploaded landslide_report.pdf
24459,NG/KOH/83K2/2015/184,Nagaland,,,,25.659,94.089,,,,uploaded landslide_report.pdf
24460,NG/KOH/83K2/2015/169,Nagaland,,,,25.659,94.107,,,,uploaded landslide_report.pdf
24461,NL/KOH/83K02/2014/44,Nagaland,,,,25.65967,94.09297,,,,uploaded landslide_report.pdf
24462,NG/PHE/83K10/2017/13,Nagaland,,,,25.65975,94.747083,,,,uploaded landslide_report.pdf
24463,NG/KOH/83K2/2015/224,Nagaland,,,,25.66,94.096,,,,uploaded landslide_report.pdf
24464,NG/PHE/83K14/2017/65,Nagaland,,,,25.660194,94.7535,,,,uploaded landslide_report.pdf
24465,NG/PHE/83K14/2017/64,Nagaland,,,,25.660583,94.755389,,,,uploaded landslide_report.pdf
24466,NAG/KOH/83K02/2008/F-3A,Nagaland,,,,25.66083,94.10278,,,,uploaded landslide_report.pdf
24467,NG/KOH/83K2/2015/194,Nagaland,,,,25.661,94.054,,,,uploaded landslide_report.pdf
24468,NG/KOH/83K2/2015/206,Nagaland,,,,25.661,94.055,,,,uploaded landslide_report.pdf
24469,NG/PHE/83K6/2015/323,Nagaland,,,,25.661,94.388,,,,uploaded landslide_report.pdf
24470,NG/PHE/83K6/2015/276,Nagaland,,,,25.662,94.453,,,,uploaded landslide_report.pdf
24471,NG/KOH/83K2/2015/80,Nagaland,,,,25.662,94.096,,,,uploaded landslide_report.pdf
24472,NG/KOH/83K2/2015/117,Nagaland,,,,25.662,94.108,,,,uploaded landslide_report.pdf
24473,NG/PHE/83K10/2017/3,Nagaland,,,,25.662222,94.719444,,,,uploaded landslide_report.pdf
24474,NL/KOH/83K02/2014/40,Nagaland,,,,25.66264,94.11353,,,,uploaded landslide_report.pdf
24475,NL/KOH/83K02/2014/01,Nagaland,,,,29.0,94.10439,,,,uploaded landslide_report.pdf
24476,NG/KOH/83K2/2015/81,Nagaland,,,,25.663,94.097,,,,uploaded landslide_report.pdf
24477,NG/KOH/83K2/2015/189,Nagaland,,,,25.663,94.113,,,,uploaded landslide_report.pdf
24478,NG/KOH/83K2/2015/32,Nagaland,,,,29.0,94.101,,,,uploaded landslide_report.pdf
24479,NG/KOH/83K2/2015/100,Nagaland,,,,25.665,94.104,,,,uploaded landslide_report.pdf
24480,NG/PHE/83K2/2015/79,Nagaland,,,,25.665,94.216,,,,uploaded landslide_report.pdf
24481,NG/PHE/83K2/2015/198,Nagaland,,,,25.665,94.247,,,,uploaded landslide_report.pdf
24482,NG/KOH/83K2/2015/204,Nagaland,,,,29.0,94.096,,,,uploaded landslide_report.pdf
24483,NG/PHE/83K2/2015/178,Nagaland,,,,25.665,94.215,,,,uploaded landslide_report.pdf
24484,NG/KOH/83K2/2015/139,Nagaland,,,,25.665,94.104,,,,uploaded landslide_report.pdf
24485,NG/PHE/83K2/2015/144,Nagaland,,,,25.665,94.214,,,,uploaded landslide_report.pdf
24486,NG/PHE/83K2/2015/210,Nagaland,,,,25.666,94.244,,,,uploaded landslide_report.pdf
24487,NG/PHE/83K6/2015/256,Nagaland,,,,25.666,94.258,,,,uploaded landslide_report.pdf
24488,NG/KOH/83K2/2015/165,Nagaland,,,,25.666,94.09,,,,uploaded landslide_report.pdf
24489,NG/KOH/83K2/2015/166,Nagaland,,,,29.0,94.09,,,,uploaded landslide_report.pdf
24490,NG/KOH/83K2/2015/142,Nagaland,,,,25.666,94.098,,,,uploaded landslide_report.pdf
24491,NAG/KOH/83K02/2008/F-3B,Nagaland,,,,25.66667,94.10972,,,,uploaded landslide_report.pdf
24492,NG/KOH/83K2/2015/94,Nagaland,,,,25.667,94.035,,,,uploaded landslide_report.pdf
24493,NG/PHE/83K6/2015/273,Nagaland,,,,25.667,94.253,,,,uploaded landslide_report.pdf
24494,NG/KOH/83K2/2015/89,Nagaland,,,,25.667,94.094,,,,uploaded landslide_report.pdf
24495,NG/PHE/83K6/2015/266,Nagaland,,,,25.667,94.254,,,,uploaded landslide_report.pdf
24496,NG/PHE/83K2/2015/127,Nagaland,,,,25.667,94.211,,,,uploaded landslide_report.pdf
24497,NG/KOH/83K2/2015/155,Nagaland,,,,25.667,94.051,,,,uploaded landslide_report.pdf
24498,NG/KOH/83K2/2015/157,Nagaland,,,,29.0,94.089,,,,uploaded landslide_report.pdf
24499,NG/KOH/83K2/2015/128,Nagaland,,,,29.0,94.089,,,,uploaded landslide_report.pdf
24500,NG/PHE/83K2/2015/121,Nagaland,,,,25.667,94.21,,,,uploaded landslide_report.pdf
24501,NG/PHE/83K10/2017/1,Nagaland,,,,25.667,94.718944,,,,uploaded landslide_report.pdf
24502,NG/PHE/83K6/2015/265,Nagaland,,,,25.668,94.464,,,,uploaded landslide_report.pdf
24503,NG/KOH/83K2/2015/51,Nagaland,,,,25.668,94.107,,,,uploaded landslide_report.pdf
24504,NG/KOH/83K2/2015/148,Nagaland,,,,25.668,94.051,,,,uploaded landslide_report.pdf
24505,NL/KOH/83K02/2014/09,Nagaland,,,,25.66806,94.05525,,,,uploaded landslide_report.pdf
24506,NG/PHE/83K10/2017/28,Nagaland,,,,28.0,94.543194,,,,uploaded landslide_report.pdf
24507,NL/KOH/83K02/2014/11,Nagaland,,,,29.0,94.04664,,,,uploaded landslide_report.pdf
24508,NG/KOH/83K2/2015/97,Nagaland,,,,25.669,94.091,,,,uploaded landslide_report.pdf
24509,NG/KOH/83K2/2015/112,Nagaland,,,,25.669,94.114,,,,uploaded landslide_report.pdf
24510,NG/PHE/83K2/2015/56,Nagaland,,,,25.669,94.218,,,,uploaded landslide_report.pdf
24511,NG/KOH/83K2/2015/177,Nagaland,,,,25.669,94.104,,,,uploaded landslide_report.pdf
24512,NG/KOH/83K2/2015/133,Nagaland,,,,25.669,94.114,,,,uploaded landslide_report.pdf
24513,NG/KOH/83K2/2015/147,Nagaland,,,,25.669,94.091,,,,uploaded landslide_report.pdf
24514,NG/KOH/83K2/2015/123,Nagaland,,,,25.669,94.192,,,,uploaded landslide_report.pdf
24515,NG/KOH/83K2/2015/149,Nagaland,,,,25.669,94.051,,,,uploaded landslide_report.pdf
24516,NAG/KOH/83K02/2008/F-4(A),Nagaland,,,,25.66917,94.10722,,,,uploaded landslide_report.pdf
24517,NL/KOH/83K02/2014/08,Nagaland,,,,25.66969,94.06267,,,,uploaded landslide_report.pdf
24518,NL/KOH/83K02/2014/43,Nagaland,,,,25.66977,94.11269,,,,uploaded landslide_report.pdf
24519,NG/KOH/83K2/2015/92,Nagaland,,,,25.67,94.113,,,,uploaded landslide_report.pdf
24520,NG/KOH/83K2/2015/93,Nagaland,,,,25.67,94.109,,,,uploaded landslide_report.pdf
24521,NG/PHE/83K2/2015/98,Nagaland,,,,25.67,94.211,,,,uploaded landslide_report.pdf
24522,NG/KOH/83K2/2015/242,Nagaland,,,,25.67,94.062,,,,uploaded landslide_report.pdf
24523,NG/PHE/83K6/2015/246,Nagaland,,,,25.67,94.397,,,,uploaded landslide_report.pdf
24524,NG/PHE/83K6/2015/319,Nagaland,,,,25.67,94.382,,,,uploaded landslide_report.pdf
24525,NG/PHE/83K6/2015/310,Nagaland,,,,25.6702,94.456,,,,uploaded landslide_report.pdf
24526,NG/PHE/83K2/2015/65,Nagaland,,,,25.671,94.21,,,,uploaded landslide_report.pdf
24527,NG/KOH/83K2/2015/111,Nagaland,,,,25.671,94.14,,,,uploaded landslide_report.pdf
24528,NG/PHE/83K2/2015/161,Nagaland,,,,25.671,94.217,,,,uploaded landslide_report.pdf
24529,NG/PHE/83K2/2015/126,Nagaland,,,,25.671,94.209,,,,uploaded landslide_report.pdf
24530,NL/KOH/83K02/2014/14,Nagaland,,,,25.6715,94.06942,,,,uploaded landslide_report.pdf
24531,NG/PHE/83K2/2015/105,Nagaland,,,,25.672,94.218,,,,uploaded landslide_report.pdf
24532,NG/KOH/83K2/2015/58,Nagaland,,,,25.672,94.111,,,,uploaded landslide_report.pdf
24533,NG/KOH/83K2/2015/88,Nagaland,,,,25.672,94.101,,,,uploaded landslide_report.pdf
24534,NG/KOH/83K2/2015/202,Nagaland,,,,25.672,94.106,,,,uploaded landslide_report.pdf
24535,NAG/KOH/83K02/2008/F-4(B),Nagaland,,,,25.67222,94.11083,,,,uploaded landslide_report.pdf
24536,NL/KOH/83K02/2014/06,Nagaland,,,,29.0,94.08883,,,,uploaded landslide_report.pdf
24537,NG/KOH/83K2/2015/232,Nagaland,,,,25.673,94.239,,,,uploaded landslide_report.pdf
24538,NG/KOH/83K2/2015/86,Nagaland,,,,25.673,94.077,,,,uploaded landslide_report.pdf
24539,NG/KOH/83K2/2015/162,Nagaland,,,,25.673,94.101,,,,uploaded landslide_report.pdf
24540,NG/PHE/83K14/2017/67,Nagaland,,,,25.673292,94.7597,,,,uploaded landslide_report.pdf
24541,NG/PHE/83K10/2017/2,Nagaland,,,,25.673472,94.716222,,,,uploaded landslide_report.pdf
24542,NG/KOH/83K2/2015/43,Nagaland,,,,29.0,94.085,,,,uploaded landslide_report.pdf
24543,NG/KOH/83K2/2015/152,Nagaland,,,,25.674,94.081,,,,uploaded landslide_report.pdf
24544,NG/PHE/83K14/2017/63,Nagaland,,,,25.674944,94.762694,,,,uploaded landslide_report.pdf
24545,NG/KOH/83K2/2015/138,Nagaland,,,,25.675,94.075,,,,uploaded landslide_report.pdf
24546,NG/PHE/83K6/2015/337,Nagaland,,,,25.675,94.397,,,,uploaded landslide_report.pdf
24547,NG/KOH/83K2/2015/108,Nagaland,,,,29.0,94.083,,,,uploaded landslide_report.pdf
24548,NL/KOH/83K02/2014/47,Nagaland,,,,25.67661,94.02364,,,,uploaded landslide_report.pdf
24549,NG/KOH/83K2/2015/187,Nagaland,,,,25.677,94.104,,,,uploaded landslide_report.pdf
24550,NG/KOH/83K2/2015/203,Nagaland,,,,25.677,94.241,,,,uploaded landslide_report.pdf
24551,NG/KOH/83K2/2015/33,Nagaland,,,,25.677,94.08,,,,uploaded landslide_report.pdf
24552,NG/KOH/83K2/2015/35,Nagaland,,,,25.677,94.081,,,,uploaded landslide_report.pdf
24553,NG/KOH/83K2/2015/180,Nagaland,,,,25.677,94.0202,,,,uploaded landslide_report.pdf
24554,NG/KOH/83K2/2015/95,Nagaland,,,,25.678,94.101,,,,uploaded landslide_report.pdf
24555,NG/KOH/83K2/2015/226,Nagaland,,,,25.678,94.109,,,,uploaded landslide_report.pdf
24556,NG/KOH/83K2/2015/110,Nagaland,,,,25.678,94.122,,,,uploaded landslide_report.pdf
24557,NG/PHE/83K6/2015/262,Nagaland,,,,25.679,94.458,,,,uploaded landslide_report.pdf
24558,NG/KOH/83K2/2015/237,Nagaland,,,,29.0,94.07,,,,uploaded landslide_report.pdf
24559,NG/KOH/83K2/2015/221,Nagaland,,,,25.679,94.108,,,,uploaded landslide_report.pdf
24560,NG/KOH/83K2/2015/48,Nagaland,,,,25.679,94.096,,,,uploaded landslide_report.pdf
24561,NG/KOH/83K2/2015/132,Nagaland,,,,25.68,94.117,,,,uploaded landslide_report.pdf
24562,NG/PHE/83K6/2015/312,Nagaland,,,,25.68,94.287,,,,uploaded landslide_report.pdf
24563,NG/PHE/83K14/2017/68,Nagaland,,,,25.680167,94.837944,,,,uploaded landslide_report.pdf
24564,NL/KOH/83K02/2014/14,Nagaland,,,,25.68044,94.07336,,,,uploaded landslide_report.pdf
24565,NG/PHE/83K14/2017/44,Nagaland,,,,25.680917,94.792014,,,,uploaded landslide_report.pdf
24566,NG/PHE/83K6/2015/335,Nagaland,,,,25.681,94.285,,,,uploaded landslide_report.pdf
24567,NG/PHE/83K6/2015/338,Nagaland,,,,25.681,94.387,,,,uploaded landslide_report.pdf
24568,NAG/DIM/NIT/83G13/2019/LS1,Nagaland,,,,25.68176111,94.06811944,,,,uploaded landslide_report.pdf
24569,NG/KOH/83K2/2015/107,Nagaland,,,,25.682,94.052,,,,uploaded landslide_report.pdf
24570,NG/KOH/83K2/2015/154,Nagaland,,,,25.682,94.131,,,,uploaded landslide_report.pdf
24571,NG/KOH/83K2/2015/136,Nagaland,,,,25.682,94.094,,,,uploaded landslide_report.pdf
24572,NG/KOH/83K2/2015/183,Nagaland,,,,25.682,94.12,,,,uploaded landslide_report.pdf
24573,NG/KOH/83K2/2015/150,Nagaland,,,,25.682,94.096,,,,uploaded landslide_report.pdf
24574,NG/PHE/83K14/2017/62,Nagaland,,,,25.682333,94.760111,,,,uploaded landslide_report.pdf
24575,NG/KOH/83K2/2015/209,Nagaland,,,,25.683,94.099,,,,uploaded landslide_report.pdf
24576,NG/KOH/83K2/2015/38,Nagaland,,,,25.683,94.038,,,,uploaded landslide_report.pdf
24577,NG/KOH/83K2/2015/156,Nagaland,,,,25.683,94.054,,,,uploaded landslide_report.pdf
24578,NG/KOH/83K2/2015/167,Nagaland,,,,25.683,94.119,,,,uploaded landslide_report.pdf
24579,NL/KOH/83K02/2014/29,Nagaland,,,,29.0,94.12436,,,,uploaded landslide_report.pdf
24580,NG/KOH/83K2/2015/45,Nagaland,,,,25.684,94.119,,,,uploaded landslide_report.pdf
24581,NG/KOH/83K2/2015/146,Nagaland,,,,25.684,94.246,,,,uploaded landslide_report.pdf
24582,NG/KOH/83K2/2015/84,Nagaland,,,,25.685,94.12,,,,uploaded landslide_report.pdf
24583,NG/KOH/83K2/2015/219,Nagaland,,,,25.685,94.059,,,,uploaded landslide_report.pdf
24584,NL/KOH/83K02/2014/28,Nagaland,,,,28.0,94.12347,,,,uploaded landslide_report.pdf
24585,NG/KOH/83K2/2015/87,Nagaland,,,,25.686,94.119,,,,uploaded landslide_report.pdf
24586,NG/KOH/83K2/2015/47,Nagaland,,,,25.686,94.043,,,,uploaded landslide_report.pdf
24587,NG/KMA/83K2/2016/01,Nagaland,,,,25.68625,94.043194,,,,uploaded landslide_report.pdf
24588,NL/KOH/83K02/2014/07,Nagaland,,,,29.0,94.05319,,,,uploaded landslide_report.pdf
24589,NAG/KOH/83K02/2008/F-2,Nagaland,,,,25.68667,94.06361,,,,uploaded landslide_report.pdf
24590,NG/KOH/83K2/2015/159,Nagaland,,,,25.687,94.12,,,,uploaded landslide_report.pdf
24591,NG/KOH/83K2/2015/170,Nagaland,,,,25.687,94.062,,,,uploaded landslide_report.pdf
24592,NL/KOH/83K02/2014/27,Nagaland,,,,27.0,94.12442,,,,uploaded landslide_report.pdf
24593,NL/KOH/83K02/2014/30,Nagaland,,,,30.0,94.14044,,,,uploaded landslide_report.pdf
24594,NG/KOH/83K2/2015/101,Nagaland,,,,25.688,94.137,,,,uploaded landslide_report.pdf
24595,NG/KOH/83K2/2015/82,Nagaland,,,,25.688,94.12,,,,uploaded landslide_report.pdf
24596,NG/KOH/83G14/2015/24,Nagaland,,,,24.0,93.907,,,,uploaded landslide_report.pdf
24597,NG/KOH/83K2/2015/163,Nagaland,,,,25.688,94.121,,,,uploaded landslide_report.pdf
24598,NAG/KMA/83K2/2017/02,Nagaland,,,,25.688667,94.097333,,,,uploaded landslide_report.pdf
24599,NG/KOH/83K2/2015/49,Nagaland,,,,25.691,94.121,,,,uploaded landslide_report.pdf
24600,NG/KOH/83K2/2015/60,Nagaland,,,,25.692,94.11,,,,uploaded landslide_report.pdf
24601,NG/KOH/83K2/2015/214,Nagaland,,,,25.692,94.068,,,,uploaded landslide_report.pdf
24602,NG/KOH/83K2/2015/137,Nagaland,,,,25.692,94.065,,,,uploaded landslide_report.pdf
24603,NG/PHE/83K6/2015/320,Nagaland,,,,25.692,94.444,,,,uploaded landslide_report.pdf
24604,NG/PHE/83K10/2017/30,Nagaland,,,,30.0,94.584722,,,,uploaded landslide_report.pdf
24605,NG/KOH/83K2/2015/55,Nagaland,,,,25.693,94.043,,,,uploaded landslide_report.pdf
24606,NG/KOH/83K2/2015/96,Nagaland,,,,25.694,94.107,,,,uploaded landslide_report.pdf
24607,NG/KOH/83K2/2015/129,Nagaland,,,,25.694,94.103,,,,uploaded landslide_report.pdf
24608,NG/KOH/83K2/2015/72,Nagaland,,,,25.695,94.108,,,,uploaded landslide_report.pdf
24609,NG/KOH/83K2/2015/218,Nagaland,,,,25.695,94.077,,,,uploaded landslide_report.pdf
24610,NG/PHE/83K6/2015/301,Nagaland,,,,25.695,94.459,,,,uploaded landslide_report.pdf
24611,NG/PHE/83K6/2015/289,Nagaland,,,,25.695,94.349,,,,uploaded landslide_report.pdf
24612,NL/KOH/83K02/2014/26,Nagaland,,,,26.0,94.11203,,,,uploaded landslide_report.pdf
24613,NL/KOH/83K02/2014/25,Nagaland,,,,25.0,94.10833,,,,uploaded landslide_report.pdf
24614,NG/PHE/83K6/2015/278,Nagaland,,,,25.696,94.318,,,,uploaded landslide_report.pdf
24615,NG/PHE/83K6/2015/283,Nagaland,,,,25.696,94.32,,,,uploaded landslide_report.pdf
24616,NG/KOH/83K2/2015/213,Nagaland,,,,25.696,94.08,,,,uploaded landslide_report.pdf
24617,NG/KOH/83K2/2015/175,Nagaland,,,,25.696,94.104,,,,uploaded landslide_report.pdf
24618,NG/PHE/83K6/2015/318,Nagaland,,,,25.696,94.461,,,,uploaded landslide_report.pdf
24619,NG/KOH/83G14/2015/25,Nagaland,,,,25.0,93.924,,,,uploaded landslide_report.pdf
24620,NG/KOH/83K2/2015/143,Nagaland,,,,25.696,94.079,,,,uploaded landslide_report.pdf
24621,NG/PHE/83K6/2015/325,Nagaland,,,,25.696,94.426,,,,uploaded landslide_report.pdf
24622,NG/PHE/83K6/2015/251,Nagaland,,,,25.697,94.464,,,,uploaded landslide_report.pdf
24623,NG/KOH/83K2/2015/134,Nagaland,,,,25.697,94.105,,,,uploaded landslide_report.pdf
24624,NG/KOH/83G14/2015/31,Nagaland,,,,25.697,93.916,,,,uploaded landslide_report.pdf
24625,NG/PHE/83K6/2015/340,Nagaland,,,,25.6975,94.43,,,,uploaded landslide_report.pdf
24626,NG/KOH/83K2/2015/196,Nagaland,,,,25.698,94.085,,,,uploaded landslide_report.pdf
24627,NG/PHE/83K6/2015/339,Nagaland,,,,25.699,94.427,,,,uploaded landslide_report.pdf
24628,NG/PHE/83K14/2017/82,Nagaland,,,,25.69925,94.761833,,,,uploaded landslide_report.pdf
24629,NG/PHE/83K14/2017/80,Nagaland,,,,25.699556,94.775583,,,,uploaded landslide_report.pdf
24630,NG/PHE/83K14/2017/81,Nagaland,,,,25.700278,94.767222,,,,uploaded landslide_report.pdf
24631,NG/PHE/83K14/2017/79,Nagaland,,,,25.700506,94.775633,,,,uploaded landslide_report.pdf
24632,NG/PHE/83K14/2017/78,Nagaland,,,,25.700692,94.775594,,,,uploaded landslide_report.pdf
24633,NG/PHE/83K14/2017/77,Nagaland,,,,25.700944,94.775361,,,,uploaded landslide_report.pdf
24634,NG/KOH/83K2/2015/164,Nagaland,,,,25.701,94.089,,,,uploaded landslide_report.pdf
24635,NL/KOH/83K02/2014/31,Nagaland,,,,25.70106,94.14167,,,,uploaded landslide_report.pdf
24636,NG/PHE/83K6/2015/249,Nagaland,,,,25.703,94.338,,,,uploaded landslide_report.pdf
24637,NG/KOH/83K2/2015/215,Nagaland,,,,25.703,94.137,,,,uploaded landslide_report.pdf
24638,NG/KOH/83K2/2015/171,Nagaland,,,,25.704,94.118,,,,uploaded landslide_report.pdf
24639,NG/PHE/83K6/2015/272,Nagaland,,,,25.706,94.466,,,,uploaded landslide_report.pdf
24640,NG/PHE/83K6/2015/317,Nagaland,,,,25.706,94.468,,,,uploaded landslide_report.pdf
24641,NG/PHE/83K6/2015/275,Nagaland,,,,25.707,94.466,,,,uploaded landslide_report.pdf
24642,NG/KOH/83K2/2015/168,Nagaland,,,,29.0,94.04,,,,uploaded landslide_report.pdf
24643,NG/PHE/83K6/2015/296,Nagaland,,,,25.708,94.386,,,,uploaded landslide_report.pdf
24644,NA/DIM/83G13/2020/20,Nagaland,,,,20.0,93.74,,,,uploaded landslide_report.pdf
24645,NA/DIM/83G13/2020/21,Nagaland,,,,21.0,93.74,,,,uploaded landslide_report.pdf
24646,NL/KOH/83K02/2014/23,Nagaland,,,,23.0,94.09306,,,,uploaded landslide_report.pdf
24647,NG/KOH/83K2/2015/239,Nagaland,,,,25.711,94.069,,,,uploaded landslide_report.pdf
24648,NG/KOH/83K2/2015/36,Nagaland,,,,25.711,94.09,,,,uploaded landslide_report.pdf
24649,NG/PHE/83K10/2017/29,Nagaland,,,,29.0,94.579944,,,,uploaded landslide_report.pdf
24650,NG/KOH/83G14/2015/30,Nagaland,,,,30.0,93.949,,,,uploaded landslide_report.pdf
24651,NL/KOH/83K02/2014/22,Nagaland,,,,22.0,94.09194,,,,uploaded landslide_report.pdf
24652,NG/KOH/83K2/2015/109,Nagaland,,,,25.713,94.088,,,,uploaded landslide_report.pdf
24653,NG/KOH/83K2/2015/46,Nagaland,,,,25.713,94.088,,,,uploaded landslide_report.pdf
24654,NG/KOH/83K2/2015/182,Nagaland,,,,25.713,94.06,,,,uploaded landslide_report.pdf
24655,NG/PHE/83K6/2015/290,Nagaland,,,,25.713,94.309,,,,uploaded landslide_report.pdf
24656,NG/KOH/83K2/2015/41,Nagaland,,,,25.714,94.087,,,,uploaded landslide_report.pdf
24657,NG/KOH/83K2/2015/135,Nagaland,,,,25.714,94.086,,,,uploaded landslide_report.pdf
24658,NG/PHE/83K14/2017/70,Nagaland,,,,25.715956,94.810833,,,,uploaded landslide_report.pdf
24659,NG/KOH/83K2/2015/201,Nagaland,,,,25.716,94.085,,,,uploaded landslide_report.pdf
24660,NL/KOH/83K02/2014/04,Nagaland,,,,25.71611,94.08883,,,,uploaded landslide_report.pdf
24661,NG/KOH/83K2/2015/141,Nagaland,,,,25.717,94.086,,,,uploaded landslide_report.pdf
24662,NG/KOH/83K2/2015/78,Nagaland,,,,25.719,94.105,,,,uploaded landslide_report.pdf
24663,NL/KOH/83K02/2014/24,Nagaland,,,,24.0,94.10883,,,,uploaded landslide_report.pdf
24664,NG/KOH/83K2/2015/59,Nagaland,,,,25.72,94.085,,,,uploaded landslide_report.pdf
24665,NG/KOH/83K2/2015/220,Nagaland,,,,25.72,94.109,,,,uploaded landslide_report.pdf
24666,NG/KOH/83K2/2015/76,Nagaland,,,,25.721,94.084,,,,uploaded landslide_report.pdf
24667,NG/KOH/83K2/2015/42,Nagaland,,,,29.0,94.039,,,,uploaded landslide_report.pdf
24668,NG/PHE/83K14/2017/76,Nagaland,,,,25.721861,94.780667,,,,uploaded landslide_report.pdf
24669,NL/KOH/83K02/2014/19,Nagaland,,,,25.72194,94.0855,,,,uploaded landslide_report.pdf
24670,NG/KOH/83K2/2015/68,Nagaland,,,,25.722,94.081,,,,uploaded landslide_report.pdf
24671,NG/KOH/83K2/2015/39,Nagaland,,,,25.722,94.082,,,,uploaded landslide_report.pdf
24672,NG/DIM/83G14/2015/12,Nagaland,,,,25.723,93.778,,,,uploaded landslide_report.pdf
24673,NG/DIM/83G14/2015/19,Nagaland,,,,25.724,93.777,,,,uploaded landslide_report.pdf
24674,NG/KOH/83K2/2015/151,Nagaland,,,,29.0,94.031,,,,uploaded landslide_report.pdf
24675,NG/PHE/83K6/2015/281,Nagaland,,,,25.726,94.435,,,,uploaded landslide_report.pdf
24676,NG/KOH/83K2/2015/235,Nagaland,,,,25.726,94.076,,,,uploaded landslide_report.pdf
24677,NG/DIM/83G14/2015/10,Nagaland,,,,25.726,93.773,,,,uploaded landslide_report.pdf
24678,NL/KOH/83K02/2014/20,Nagaland,,,,20.0,94.10003,,,,uploaded landslide_report.pdf
24679,NL/KOH/83K02/2014/21,Nagaland,,,,21.0,94.10103,,,,uploaded landslide_report.pdf
24680,NG/KOH/83K2/2015/104,Nagaland,,,,25.728,94.098,,,,uploaded landslide_report.pdf
24681,NG/KOH/83K2/2015/244,Nagaland,,,,25.728,94.112,,,,uploaded landslide_report.pdf
24682,NL/KOH/83K02/2014/18,Nagaland,,,,25.72894,94.0855,,,,uploaded landslide_report.pdf
24683,NG/PHE/83K14/2017/72,Nagaland,,,,25.728964,94.795497,,,,uploaded landslide_report.pdf
24684,NG/KOH/83K2/2015/69,Nagaland,,,,25.729,94.083,,,,uploaded landslide_report.pdf
24685,NG/PHE/83K14/2017/71,Nagaland,,,,25.729639,94.795675,,,,uploaded landslide_report.pdf
24686,NG/KOH/83K2/2015/181,Nagaland,,,,25.731,94.087,,,,uploaded landslide_report.pdf
24687,NG/KOH/83K2/2015/231,Nagaland,,,,29.0,94.022,,,,uploaded landslide_report.pdf
24688,NG/PHE/83K14/2017/73,Nagaland,,,,25.733444,94.780361,,,,uploaded landslide_report.pdf
24689,NG/PHE/83K14/2017/75,Nagaland,,,,25.7345,94.777417,,,,uploaded landslide_report.pdf
24690,NG/KOH/83K2/2015/75,Nagaland,,,,29.0,94.02,,,,uploaded landslide_report.pdf
24691,NL/KOH/83K02/2014/17,Nagaland,,,,25.73572,94.08703,,,,uploaded landslide_report.pdf
24692,NG/PHE/83K2/2015/66,Nagaland,,,,25.736,94.012,,,,uploaded landslide_report.pdf
24693,NG/PHE/83K6/2015/314,Nagaland,,,,25.736,94.329,,,,uploaded landslide_report.pdf
24694,NG/PHE/83K14/2017/74,Nagaland,,,,25.737289,94.787844,,,,uploaded landslide_report.pdf
24695,NG/KOH/83K2/2015/54,Nagaland,,,,29.0,94.008,,,,uploaded landslide_report.pdf
24696,NG/DIM/83G14/2015/8,Nagaland,,,,25.74,93.775,,,,uploaded landslide_report.pdf
24697,NG/KOH/83K2/2015/190,Nagaland,,,,25.742,94.245,,,,uploaded landslide_report.pdf
24698,NG/PHE/83K14/2017/69,Nagaland,,,,25.742178,94.842917,,,,uploaded landslide_report.pdf
24699,NG/KOH/83K2/2015/228,Nagaland,,,,25.743,94.242,,,,uploaded landslide_report.pdf
24700,NG/DIM/83G14/2015/22,Nagaland,,,,22.0,93.798,,,,uploaded landslide_report.pdf
24701,NG/KOH/83K2/2015/234,Nagaland,,,,25.744,94.242,,,,uploaded landslide_report.pdf
24702,NG/PHE/83K6/2015/334,Nagaland,,,,25.744,94.337,,,,uploaded landslide_report.pdf
24703,NL/KOH/83K02/2014/16,Nagaland,,,,25.74467,94.08672,,,,uploaded landslide_report.pdf
24704,NG/DIM/83G14/2015/20,Nagaland,,,,20.0,93.782,,,,uploaded landslide_report.pdf
24705,NG/DIM/83G14/2015/23,Nagaland,,,,23.0,93.784,,,,uploaded landslide_report.pdf
24706,NG/PHE/83K6/2015/321,Nagaland,,,,25.745,94.338,,,,uploaded landslide_report.pdf
24707,NG/KOH/83K2/2015/200,Nagaland,,,,25.746,94.078,,,,uploaded landslide_report.pdf
24708,NL/KOH/83G14/2014/15,Nagaland,,,,29.0,93.98167,,,,uploaded landslide_report.pdf
24709,NG/KOH/83K2/2015/238,Nagaland,,,,25.747,94.075,,,,uploaded landslide_report.pdf
24710,NG/PHE/83K10/2017/14,Nagaland,,,,25.747892,94.633072,,,,uploaded landslide_report.pdf
24711,NG/KOH/83K2/2015/217,Nagaland,,,,25.748,94.077,,,,uploaded landslide_report.pdf
24712,NG/KOH/83K2/2015/222,Nagaland,,,,25.749,94.078,,,,uploaded landslide_report.pdf
24713,NA/DIM/83G13/2020/11,Nagaland,,,,29.0,93.97,,,,uploaded landslide_report.pdf
24714,NAG/KOH/83K1/2016/054,Nagaland,,,,25.750583,94.180833,,,,uploaded landslide_report.pdf
24715,NAG/KOH/83K1/2016/158,Nagaland,,,,25.750617,94.237358,,,,uploaded landslide_report.pdf
24716,NAG/KOH/83K1/2016/161,Nagaland,,,,25.750922,94.178869,,,,uploaded landslide_report.pdf
24717,NAG/KOH/83K1/2016/055,Nagaland,,,,25.750944,94.199444,,,,uploaded landslide_report.pdf
24718,NAG/PHK/83K5/2016/148,Nagaland,,,,25.750978,94.483064,,,,uploaded landslide_report.pdf
24719,NAG/KIP/83K13/2016/074,Nagaland,,,,25.751456,94.850217,,,,uploaded landslide_report.pdf
24720,NAG/PHK/83K5/2016/147,Nagaland,,,,25.751567,94.48315,,,,uploaded landslide_report.pdf
24721,NAG/PHK/83K5/2016/042,Nagaland,,,,25.751694,94.316361,,,,uploaded landslide_report.pdf
24722,NG/DMP/83G09/2017/12,Nagaland,,,,25.7517,93.73449,,,,uploaded landslide_report.pdf
24723,NAG/KOH/83K1/2016/056,Nagaland,,,,25.752806,94.213306,,,,uploaded landslide_report.pdf
24724,NAG/KOH/83K1/2016/160,Nagaland,,,,25.755206,94.179975,,,,uploaded landslide_report.pdf
24725,NAG/KIP/83K13/2016/073,Nagaland,,,,25.755936,94.846033,,,,uploaded landslide_report.pdf
24726,NAG/PHK/83K5/2016/028,Nagaland,,,,28.0,94.476083,,,,uploaded landslide_report.pdf
24727,NAG/KOH/83K1/2016/060,Nagaland,,,,25.756444,94.245333,,,,uploaded landslide_report.pdf
24728,NAG/PHK/83K5/2016/036,Nagaland,,,,25.756583,94.363694,,,,uploaded landslide_report.pdf
24729,NAG/PHK/83K5/2016/026,Nagaland,,,,26.0,94.478472,,,,uploaded landslide_report.pdf
24730,NAG/PHK/83K5/2016/027,Nagaland,,,,27.0,94.476694,,,,uploaded landslide_report.pdf
24731,NAG/KOH/83K1/2016/059,Nagaland,,,,25.757139,94.246194,,,,uploaded landslide_report.pdf
24732,NAG/KOH/83K1/2016/057,Nagaland,,,,25.757639,94.223583,,,,uploaded landslide_report.pdf
24733,NAG/ZUN/83K09/2016/049,Nagaland,,,,30.0,94.7058,,,,uploaded landslide_report.pdf
24734,NAG/PHK/83K5/2016/043,Nagaland,,,,25.758944,94.078028,,,,uploaded landslide_report.pdf
24735,NAG/KOH/83K1/2016/048,Nagaland,,,,25.759556,94.026056,,,,uploaded landslide_report.pdf
24736,NA/DIM/83G13/2020/9,Nagaland,,,,29.0,93.95,,,,uploaded landslide_report.pdf
24737,NA/DIM/83G13/2020/10,Nagaland,,,,29.0,93.95,,,,uploaded landslide_report.pdf
24738,NA/DIM/83G13/2020/18,Nagaland,,,,25.76,93.96,,,,uploaded landslide_report.pdf
24739,NA/DIM/83G13/2020/25,Nagaland,,,,25.0,93.94,,,,uploaded landslide_report.pdf
24740,NAG/PHK/83K5/2016/037,Nagaland,,,,25.760111,94.366528,,,,uploaded landslide_report.pdf
24741,NAG/KOH/83K1/2016/045,Nagaland,,,,25.760583,94.064583,,,,uploaded landslide_report.pdf
24742,NAG/KOH/83K1/2016/044,Nagaland,,,,25.761278,94.072194,,,,uploaded landslide_report.pdf
24743,NAG/KOH/83K1/2016/047,Nagaland,,,,25.761278,94.032417,,,,uploaded landslide_report.pdf
24744,NAG/KOH/83K1/2016/159,Nagaland,,,,25.761464,94.217103,,,,uploaded landslide_report.pdf
24745,NAG/PHK/83K5/2016/029,Nagaland,,,,29.0,94.479889,,,,uploaded landslide_report.pdf
24746,NAG/ZUN/83K09/2016/050,Nagaland,,,,25.0,94.714094,,,,uploaded landslide_report.pdf
24747,NAG/KOH/83K1/2016/058,Nagaland,,,,25.767,94.229778,,,,uploaded landslide_report.pdf
24748,NAG/KOH/83K1/2016/001,Nagaland,,,,25.767167,94.078556,,,,uploaded landslide_report.pdf
24749,NAG/ZUN/83K09/2016/051,Nagaland,,,,25.767683,94.709381,,,,uploaded landslide_report.pdf
24750,NAG/KOH/83K1/2016/136,Nagaland,,,,25.767692,94.185106,,,,uploaded landslide_report.pdf
24751,NL/DIM/83G13/2014/02,Nagaland,,,,29.0,93.80278,,,,uploaded landslide_report.pdf
24752,NAG/KOH/83K1/2016/046,Nagaland,,,,25.769417,94.037639,,,,uploaded landslide_report.pdf
24753,NA/DIM/83G13/2020/1,Nagaland,,,,25.77,93.9,,,,uploaded landslide_report.pdf
24754,NA/DIM/83G13/2020/6,Nagaland,,,,29.0,93.81,,,,uploaded landslide_report.pdf
24755,NA/DIM/83G13/2020/7,Nagaland,,,,29.0,93.94,,,,uploaded landslide_report.pdf
24756,NA/DIM/83G13/2020/8,Nagaland,,,,29.0,93.94,,,,uploaded landslide_report.pdf
24757,NA/DIM/83G13/2020/12,Nagaland,,,,25.77,93.82,,,,uploaded landslide_report.pdf
24758,NA/DIM/83G13/2020/13,Nagaland,,,,29.0,93.91,,,,uploaded landslide_report.pdf
24759,NA/DIM/83G13/2020/14,Nagaland,,,,29.0,93.91,,,,uploaded landslide_report.pdf
24760,NA/DIM/83G13/2020/15,Nagaland,,,,25.77,93.9,,,,uploaded landslide_report.pdf
24761,NA/DIM/83G13/2020/16,Nagaland,,,,25.77,93.9,,,,uploaded landslide_report.pdf
24762,NA/DIM/83G13/2020/17,Nagaland,,,,29.0,93.9,,,,uploaded landslide_report.pdf
24763,NA/DIM/83G13/2020/22,Nagaland,,,,22.0,93.93,,,,uploaded landslide_report.pdf
24764,NA/DIM/83G13/2020/24,Nagaland,,,,24.0,93.93,,,,uploaded landslide_report.pdf
24765,NA/DIM/83G13/2020/29,Nagaland,,,,29.0,93.91,,,,uploaded landslide_report.pdf
24766,NA/DIM/83G13/2020/32,Nagaland,,,,29.0,93.9,,,,uploaded landslide_report.pdf
24767,NA/DIM/83G13/2020/33,Nagaland,,,,29.0,93.91,,,,uploaded landslide_report.pdf
24768,NA/DIM/83G13/2020/34,Nagaland,,,,25.77,93.82,,,,uploaded landslide_report.pdf
24769,NA/DIM/83G13/2020/38,Nagaland,,,,25.77,93.81,,,,uploaded landslide_report.pdf
24770,NA/DIM/83G13/2020/39,Nagaland,,,,25.77,93.81,,,,uploaded landslide_report.pdf
24771,NA/DIM/83G13/2020/40,Nagaland,,,,25.77,93.81,,,,uploaded landslide_report.pdf
24772,NA/DIM/83G13/2020/41,Nagaland,,,,29.0,93.9,,,,uploaded landslide_report.pdf
24773,NA/DIM/83G13/2020/43,Nagaland,,,,25.77,93.98,,,,uploaded landslide_report.pdf
24774,NA/DIM/83G13/2020/45,Nagaland,,,,25.77,93.82,,,,uploaded landslide_report.pdf
24775,NA/DIM/83G13/2020/49,Nagaland,,,,25.77,93.82,,,,uploaded landslide_report.pdf
24776,NAG/ZUN/83K5/2016/166,Nagaland,,,,25.770917,94.357322,,,,uploaded landslide_report.pdf
24777,NAG/KOH/83K1/2016/061,Nagaland,,,,25.771028,94.076167,,,,uploaded landslide_report.pdf
24778,NAG/KOH/83K1/2016/002,Nagaland,,,,25.773306,94.084861,,,,uploaded landslide_report.pdf
24779,NAG/KOH/83K1/2016/049,Nagaland,,,,25.773583,94.086833,,,,uploaded landslide_report.pdf
24780,NAG/KOH/83K1/2016/003,Nagaland,,,,25.779111,94.115583,,,,uploaded landslide_report.pdf
24781,NAG/KOH/83K1/2016/004,Nagaland,,,,25.779944,94.116556,,,,uploaded landslide_report.pdf
24782,NA/DIM/83G13/2020/26,Nagaland,,,,26.0,93.93,,,,uploaded landslide_report.pdf
24783,NA/DIM/83G13/2020/27,Nagaland,,,,27.0,93.93,,,,uploaded landslide_report.pdf
24784,NA/DIM/83G13/2020/28,Nagaland,,,,28.0,93.93,,,,uploaded landslide_report.pdf
24785,NA/DIM/83G13/2020/31,Nagaland,,,,25.78,93.8,,,,uploaded landslide_report.pdf
24786,NA/DIM/83G13/2020/35,Nagaland,,,,29.0,93.92,,,,uploaded landslide_report.pdf
24787,NA/DIM/83G13/2020/37,Nagaland,,,,25.78,93.8,,,,uploaded landslide_report.pdf
24788,NA/DIM/83G13/2020/47,Nagaland,,,,25.78,93.82,,,,uploaded landslide_report.pdf
24789,NA/DIM/83G13/2020/48,Nagaland,,,,25.78,93.82,,,,uploaded landslide_report.pdf
24790,NL/DMP/NH-29/2021/01,Nagaland,,,,29.0,93.80180556,,,,uploaded landslide_report.pdf
24791,NAG/KOH/83K1/2016/135,Nagaland,,,,25.781919,94.171169,,,,uploaded landslide_report.pdf
24792,NL/MON/83G13/2014/13,Nagaland,,,,29.0,93.80528,,,,uploaded landslide_report.pdf
24793,NAG/PHK/83K5/2016/038,Nagaland,,,,25.783278,94.388306,,,,uploaded landslide_report.pdf
24794,NAG/KIP/83K13/2016/072,Nagaland,,,,25.783939,94.856411,,,,uploaded landslide_report.pdf
24795,NL/DIM/83G13/2014/01,Nagaland,,,,29.0,93.80028,,,,uploaded landslide_report.pdf
24796,NAG/KIP/83K13/2016/052,Nagaland,,,,25.784961,94.789617,,,,uploaded landslide_report.pdf
24797,NAG/KIP/83K13/2016/061,Nagaland,,,,25.786061,94.931447,,,,uploaded landslide_report.pdf
24798,NAG/KIP/83K13/2016/054,Nagaland,,,,25.786311,94.796825,,,,uploaded landslide_report.pdf
24799,NAG/KIP/83K13/2016/053,Nagaland,,,,25.786425,94.796303,,,,uploaded landslide_report.pdf
24800,NAG/ZUN/83K09/2016/133,Nagaland,,,,25.786433,94.519583,,,,uploaded landslide_report.pdf
24801,NAG/KIP/83K13/2016/060,Nagaland,,,,25.786594,94.922778,,,,uploaded landslide_report.pdf
24802,NAG/KIP/83K13/2016/066,Nagaland,,,,25.786692,94.829933,,,,uploaded landslide_report.pdf
24803,NAG/PHK/83K5/2016/030,Nagaland,,,,30.0,94.446,,,,uploaded landslide_report.pdf
24804,NAG/KIP/83K13/2016/067,Nagaland,,,,25.787211,94.834275,,,,uploaded landslide_report.pdf
24805,NAG/KIP/83K13/2016/065,Nagaland,,,,25.788378,94.96105,,,,uploaded landslide_report.pdf
24806,NAG/PHK/83K5/2016/031,Nagaland,,,,25.788389,94.434111,,,,uploaded landslide_report.pdf
24807,NAG/KOH/83K1/2016/053,Nagaland,,,,25.78875,94.234111,,,,uploaded landslide_report.pdf
24808,NAG/KIP/83K13/2016/071,Nagaland,,,,25.788847,94.856314,,,,uploaded landslide_report.pdf
24809,NAG/KIP/83K13/2016/070,Nagaland,,,,25.788911,94.855664,,,,uploaded landslide_report.pdf
24810,NAG/KIP/83K13/2016/064,Nagaland,,,,25.789856,94.95825,,,,uploaded landslide_report.pdf
24811,NAG/KIP/83K13/2016/069,Nagaland,,,,25.789861,94.850694,,,,uploaded landslide_report.pdf
24812,NAG/KIP/83K13/2016/068,Nagaland,,,,25.789933,94.849811,,,,uploaded landslide_report.pdf
24813,NA/DIM/83G13/2020/5,Nagaland,,,,29.0,93.8,,,,uploaded landslide_report.pdf
24814,NA/DIM/83G13/2020/23,Nagaland,,,,23.0,93.8,,,,uploaded landslide_report.pdf
24815,NA/DIM/83G13/2020/30,Nagaland,,,,30.0,93.8,,,,uploaded landslide_report.pdf
24816,NA/DIM/83G13/2020/46,Nagaland,,,,25.79,93.78,,,,uploaded landslide_report.pdf
24817,NAG/KIP/83K13/2016/062,Nagaland,,,,25.792131,94.95655,,,,uploaded landslide_report.pdf
24818,NAG/KIP/83K13/2016/063,Nagaland,,,,25.793333,94.958014,,,,uploaded landslide_report.pdf
24819,NAG/PHK/83K5/2016/035,Nagaland,,,,25.794083,94.415944,,,,uploaded landslide_report.pdf
24820,NAG/PHK/83K5/2016/032,Nagaland,,,,25.796056,94.4315,,,,uploaded landslide_report.pdf
24821,NAG/KIP/83K13/2016/002,Nagaland,,,,25.797781,94.770447,,,,uploaded landslide_report.pdf
24822,NA/DIM/83G13/2020/19,Nagaland,,,,25.8,93.83,,,,uploaded landslide_report.pdf
24823,NA/DIM/83G13/2020/36,Nagaland,,,,25.8,93.81,,,,uploaded landslide_report.pdf
24824,NA/DIM/83G13/2020/42,Nagaland,,,,25.8,94.0,,,,uploaded landslide_report.pdf
24825,NA/DIM/83G13/2020/44,Nagaland,,,,25.8,93.8,,,,uploaded landslide_report.pdf
24826,NAG/KIP/83K13/2016/075,Nagaland,,,,25.801608,94.935386,,,,uploaded landslide_report.pdf
24827,NAG/PHK/83K5/2016/033,Nagaland,,,,25.802361,94.430556,,,,uploaded landslide_report.pdf
24828,NAG/KOH/83K1/2016/062,Nagaland,,,,25.803806,94.065556,,,,uploaded landslide_report.pdf
24829,NAG/KIP/83K13/2016/083,Nagaland,,,,25.804908,94.932467,,,,uploaded landslide_report.pdf
24830,NAG/KOH/83K1/2016/162,Nagaland,,,,25.804972,94.241086,,,,uploaded landslide_report.pdf
24831,NAG/KOH/83K1/2016/052,Nagaland,,,,25.806861,94.237333,,,,uploaded landslide_report.pdf
24832,NAG/KOH/83K1/2016/005,Nagaland,,,,25.808722,94.138278,,,,uploaded landslide_report.pdf
24833,NAG/PHK/83K5/2016/034,Nagaland,,,,25.809861,94.428972,,,,uploaded landslide_report.pdf
24834,NAG/ZUN/83K09/2016/134,Nagaland,,,,25.810964,94.527417,,,,uploaded landslide_report.pdf
24835,NAG/KIP/83K13/2016/078,Nagaland,,,,25.813064,94.971453,,,,uploaded landslide_report.pdf
24836,NAG/KIP/83K13/2016/081,Nagaland,,,,25.813294,94.968222,,,,uploaded landslide_report.pdf
24837,NAG/KIP/83K13/2016/082,Nagaland,,,,25.814272,94.968933,,,,uploaded landslide_report.pdf
24838,NAG/KIP/83K13/2016/022,Nagaland,,,,22.0,94.806114,,,,uploaded landslide_report.pdf
24839,NAG/KIP/83K13/2016/079,Nagaland,,,,25.814625,94.971819,,,,uploaded landslide_report.pdf
24840,NAG/KIP/83K13/2016/076,Nagaland,,,,25.814822,94.950353,,,,uploaded landslide_report.pdf
24841,NAG/KIP/83K13/2016/077,Nagaland,,,,25.814897,94.970297,,,,uploaded landslide_report.pdf
24842,NAG/KIP/83K13/2016/080,Nagaland,,,,25.817164,94.975969,,,,uploaded landslide_report.pdf
24843,NAG/WOK/83K1/2016/167,Nagaland,,,,25.817194,94.280058,,,,uploaded landslide_report.pdf
24844,NAG/KIP/83K13/2016/023,Nagaland,,,,23.0,94.8075,,,,uploaded landslide_report.pdf
24845,NAG/KIP/83K13/2016/026,Nagaland,,,,26.0,94.820367,,,,uploaded landslide_report.pdf
24846,NAG/KIP/83K13/2016/059,Nagaland,,,,25.820664,94.912642,,,,uploaded landslide_report.pdf
24847,NAG/KIP/83J/4/2016/01,Nagaland,,,,25.820689,94.767353,,,,uploaded landslide_report.pdf
24848,NAG/KIP/83K13/2016/024,Nagaland,,,,24.0,94.708056,,,,uploaded landslide_report.pdf
24849,NAG/KOH/83K1/2016/006,Nagaland,,,,25.824278,94.147472,,,,uploaded landslide_report.pdf
24850,NAG/KOH/83K1/2016/063,Nagaland,,,,25.826778,94.047833,,,,uploaded landslide_report.pdf
24851,NAG/ZUN/83K09/2016/094,Nagaland,,,,25.827011,94.733178,,,,uploaded landslide_report.pdf
24852,NAG/KOH/83K1/2016/077,Nagaland,,,,25.827028,94.078139,,,,uploaded landslide_report.pdf
24853,NAG/KIP/83K13/2016/058,Nagaland,,,,25.827106,94.907639,,,,uploaded landslide_report.pdf
24854,NAG/KIP/83K13/2016/057,Nagaland,,,,25.827397,94.907311,,,,uploaded landslide_report.pdf
24855,NAG/KIP/83K13/2016/113,Nagaland,,,,25.827608,94.783028,,,,uploaded landslide_report.pdf
24856,NAG/KOH/83K1/2016/163,Nagaland,,,,25.828558,94.239531,,,,uploaded landslide_report.pdf
24857,NAG/ZUN/83K09/2016/096,Nagaland,,,,25.828703,94.726789,,,,uploaded landslide_report.pdf
24858,NAG/ZUN/83K09/2016/095,Nagaland,,,,25.828736,94.728314,,,,uploaded landslide_report.pdf
24859,NAG/KIP/83K13/2016/056,Nagaland,,,,25.828928,94.898075,,,,uploaded landslide_report.pdf
24860,NAG/KOH/83K1/2016/076,Nagaland,,,,25.829,94.075278,,,,uploaded landslide_report.pdf
24861,NAG/KIP/83K13/2016/025,Nagaland,,,,25.0,94.792592,,,,uploaded landslide_report.pdf
24862,NAG/KOH/83K1/2016/078,Nagaland,,,,25.83025,94.076639,,,,uploaded landslide_report.pdf
24863,NAG/KOH/83K1/2016/075,Nagaland,,,,25.832333,94.073306,,,,uploaded landslide_report.pdf
24864,NAG/KOH/83K1/2016/074,Nagaland,,,,25.832806,94.06175,,,,uploaded landslide_report.pdf
24865,NAG/KOH/83K1/2016/073,Nagaland,,,,25.833028,94.050056,,,,uploaded landslide_report.pdf
24866,NAG/ZUN/83K09/2016/118,Nagaland,,,,25.833644,94.518333,,,,uploaded landslide_report.pdf
24867,NAG/KIP/83K13/2016/003,Nagaland,,,,25.834436,94.795519,,,,uploaded landslide_report.pdf
24868,NAG/ZUN/83K5/2016/039,Nagaland,,,,25.835778,94.429778,,,,uploaded landslide_report.pdf
24869,NAG/ZUN/83K09/2016/117,Nagaland,,,,25.836419,94.526964,,,,uploaded landslide_report.pdf
24870,NAG/KIP/83K13/2016/005,Nagaland,,,,25.838592,94.788669,,,,uploaded landslide_report.pdf
24871,NAG/KIP/83K13/2016/004,Nagaland,,,,25.838681,94.788925,,,,uploaded landslide_report.pdf
24872,NL/KOH/83K01/2014/50,Nagaland,,,,25.83889,94.15269,,,,uploaded landslide_report.pdf
24873,NAG/ZUN/83K5/2016/040,Nagaland,,,,25.839361,94.430583,,,,uploaded landslide_report.pdf
24874,NAG/KOH/83K1/2016/129,Nagaland,,,,25.839583,94.007194,,,,uploaded landslide_report.pdf
24875,NAG/KOH/83K1/2016/009,Nagaland,,,,25.839667,94.149222,,,,uploaded landslide_report.pdf
24876,NAG/KOH/83K1/2016/010,Nagaland,,,,25.839667,94.149222,,,,uploaded landslide_report.pdf
24877,NAG/KOH/83K1/2016/131,Nagaland,,,,25.839722,94.011167,,,,uploaded landslide_report.pdf
24878,NAG/KOH/83K1/2016/072,Nagaland,,,,25.839722,94.050333,,,,uploaded landslide_report.pdf
24879,NAG/KOH/83K1/2016/008,Nagaland,,,,25.839778,94.150333,,,,uploaded landslide_report.pdf
24880,NL/KOH/83K01/2014/49,Nagaland,,,,25.83986,94.15528,,,,uploaded landslide_report.pdf
24881,NA/DIM/83G13/2020/2,Nagaland,,,,25.84,93.98,,,,uploaded landslide_report.pdf
24882,NA/DIM/83G13/2020/3,Nagaland,,,,25.84,93.98,,,,uploaded landslide_report.pdf
24883,NA/DIM/83G13/2020/4,Nagaland,,,,25.84,93.98,,,,uploaded landslide_report.pdf
24884,NAG/KOH/83K1/2016/130,Nagaland,,,,25.840139,94.006528,,,,uploaded landslide_report.pdf
24885,NAG/KOH/83K1/2016/079,Nagaland,,,,25.840167,94.115194,,,,uploaded landslide_report.pdf
24886,NAG/KOH/83K1/2016/007,Nagaland,,,,25.840361,94.152167,,,,uploaded landslide_report.pdf
24887,NAG/ZUN/83K5/2016/041,Nagaland,,,,25.841667,94.436472,,,,uploaded landslide_report.pdf
24888,NAG/ZUN/83K09/2016/097,Nagaland,,,,25.842358,94.702953,,,,uploaded landslide_report.pdf
24889,NAG/KIP/83K13/2016/007,Nagaland,,,,25.842531,94.787211,,,,uploaded landslide_report.pdf
24890,NAG/ZUN/83K09/2016/135,Nagaland,,,,25.842742,94.503003,,,,uploaded landslide_report.pdf
24891,NAG/KIP/83K13/2016/006,Nagaland,,,,25.842897,94.786861,,,,uploaded landslide_report.pdf
24892,NAG/KOH/83K1/2016/064,Nagaland,,,,25.843222,94.053139,,,,uploaded landslide_report.pdf
24893,NAG/KOH/83K1/2016/132,Nagaland,,,,25.843528,94.011806,,,,uploaded landslide_report.pdf
24894,NAG/KOH/83K1/2016/051,Nagaland,,,,25.844694,94.195833,,,,uploaded landslide_report.pdf
24895,NAG/ZUN/83K5/2016/025,Nagaland,,,,25.0,94.328611,,,,uploaded landslide_report.pdf
24896,NAG/KOH/83K1/2016/065,Nagaland,,,,25.84575,94.055083,,,,uploaded landslide_report.pdf
24897,NAG/KOH/83K1/2016/050,Nagaland,,,,25.845861,94.19025,,,,uploaded landslide_report.pdf
24898,NAG/KOH/83K1/2016/066,Nagaland,,,,25.847444,94.056361,,,,uploaded landslide_report.pdf
24899,NAG/KIP/83K13/2016/041,Nagaland,,,,25.848194,94.916169,,,,uploaded landslide_report.pdf
24900,NAG/KIP/83K13/2016/042,Nagaland,,,,25.848958,94.755311,,,,uploaded landslide_report.pdf
24901,NAG/KOH/83K1/2016/081,Nagaland,,,,25.849611,94.156806,,,,uploaded landslide_report.pdf
24902,NAG/KOH/83K1/2016/067,Nagaland,,,,25.849806,94.057083,,,,uploaded landslide_report.pdf
24903,NAG/KIP/83K13/2016/040,Nagaland,,,,25.849947,94.916697,,,,uploaded landslide_report.pdf
24904,NAG/ZUN/83K09/2016/120,Nagaland,,,,25.850458,94.530347,,,,uploaded landslide_report.pdf
24905,NAG/KOH/83K1/2016/082,Nagaland,,,,25.850667,94.154667,,,,uploaded landslide_report.pdf
24906,NAG/ZUN/83K09/2016/119,Nagaland,,,,25.851617,94.528211,,,,uploaded landslide_report.pdf
24907,NAG/KOH/83K1/2016/133,Nagaland,,,,25.851889,94.005056,,,,uploaded landslide_report.pdf
24908,NAG/ZUN/83K5/2016/019,Nagaland,,,,25.854278,94.432472,,,,uploaded landslide_report.pdf
24909,NAG/KOH/83K1/2016/083,Nagaland,,,,25.854417,94.15525,,,,uploaded landslide_report.pdf
24910,NAG/KOH/83K1/2016/080,Nagaland,,,,25.854528,94.15725,,,,uploaded landslide_report.pdf
24911,NAG/KOH/83K1/2016/134,Nagaland,,,,25.85475,94.002778,,,,uploaded landslide_report.pdf
24912,NAG/ZUN/83K09/2016/121,Nagaland,,,,25.857789,94.523589,,,,uploaded landslide_report.pdf
24913,NAG/KOH/83K1/2016/107,Nagaland,,,,25.859444,94.160139,,,,uploaded landslide_report.pdf
24914,NA/DIM/83G13/2020/50,Nagaland,,,,25.86,93.99,,,,uploaded landslide_report.pdf
24915,NAG/KOH/83K1/2016/068,Nagaland,,,,25.860611,94.0555,,,,uploaded landslide_report.pdf
24916,NAG/KIP/83K13/2016/021,Nagaland,,,,21.0,94.820553,,,,uploaded landslide_report.pdf
24917,NAG/ZUN/83K5/2016/021,Nagaland,,,,21.0,94.450333,,,,uploaded landslide_report.pdf
24918,NAG/WOK/83K1/2016/164,Nagaland,,,,25.864158,94.047264,,,,uploaded landslide_report.pdf
24919,NAG/KOH/83K1/2016/069,Nagaland,,,,25.865472,94.049944,,,,uploaded landslide_report.pdf
24920,NAG/KOH/83K1/2016/070,Nagaland,,,,25.865722,94.048806,,,,uploaded landslide_report.pdf
24921,NAG/ZUN/83K5/2016/020,Nagaland,,,,20.0,94.372639,,,,uploaded landslide_report.pdf
24922,NAG/ZUN/83K09/2016/093,Nagaland,,,,25.867083,94.614828,,,,uploaded landslide_report.pdf
24923,NAG/KOH/83K1/2016/108,Nagaland,,,,25.867778,94.168056,,,,uploaded landslide_report.pdf
24924,NAG/ZUN/83K5/2016/024,Nagaland,,,,24.0,94.324889,,,,uploaded landslide_report.pdf
24925,NAG/KIP/83K13/2016/087,Nagaland,,,,25.872444,94.950069,,,,uploaded landslide_report.pdf
24926,NAG/KOH/83K1/2016/071,Nagaland,,,,25.875639,94.0395,,,,uploaded landslide_report.pdf
24927,NAG/ZUN/83K5/2016/018,Nagaland,,,,25.876778,94.462028,,,,uploaded landslide_report.pdf
24928,NAG/ZUN/83K5/2016/023,Nagaland,,,,23.0,94.34325,,,,uploaded landslide_report.pdf
24929,NAG/KIP/83K13/2016/084,Nagaland,,,,25.878183,94.946942,,,,uploaded landslide_report.pdf
24930,NAG/KIP/83K13/2016/085,Nagaland,,,,25.878525,94.947372,,,,uploaded landslide_report.pdf
24931,NAG/KOH/83K1/2016/112,Nagaland,,,,25.878861,94.221333,,,,uploaded landslide_report.pdf
24932,NAG/KOH/83K1/2016/113,Nagaland,,,,25.878917,94.223889,,,,uploaded landslide_report.pdf
24933,NAG/ZUN/83K5/2016/022,Nagaland,,,,22.0,94.358722,,,,uploaded landslide_report.pdf
24934,NAG/KOH/83K1/2016/084,Nagaland,,,,25.879889,94.035417,,,,uploaded landslide_report.pdf
24935,NAG/ZUN/83K09/2016/091,Nagaland,,,,25.879925,94.632275,,,,uploaded landslide_report.pdf
24936,NAG/ZUN/83K09/2016/092,Nagaland,,,,25.880069,94.628103,,,,uploaded landslide_report.pdf
24937,NAG/KOH/83K1/2016/114,Nagaland,,,,25.880083,94.234167,,,,uploaded landslide_report.pdf
24938,NAG/KOH/83K1/2016/085,Nagaland,,,,25.880533,94.035325,,,,uploaded landslide_report.pdf
24939,NAG/KOH/83K1/2016/117,Nagaland,,,,25.880861,94.300667,,,,uploaded landslide_report.pdf
24940,NAG/ZUN/83K09/2016/043,Nagaland,,,,25.880908,94.653542,,,,uploaded landslide_report.pdf
24941,NAG/KIP/83K13/2016/086,Nagaland,,,,25.881489,94.962525,,,,uploaded landslide_report.pdf
24942,NAG/KOH/83K1/2016/111,Nagaland,,,,25.881639,94.212861,,,,uploaded landslide_report.pdf
24943,NAG/ZUN/83K09/2016/044,Nagaland,,,,25.881797,94.654425,,,,uploaded landslide_report.pdf
24944,NAG/KOH/83K1/2016/086,Nagaland,,,,25.881917,94.035694,,,,uploaded landslide_report.pdf
24945,NAG/KIP/83K13/2016/039,Nagaland,,,,25.883108,94.919106,,,,uploaded landslide_report.pdf
24946,NAG/KIP/83K13/2016/027,Nagaland,,,,27.0,94.792711,,,,uploaded landslide_report.pdf
24947,NAG/KOH/83K1/2016/156,Nagaland,,,,25.884206,94.026203,,,,uploaded landslide_report.pdf
24948,NAG/WOK/83K1/2016/137,Nagaland,,,,25.885208,94.244494,,,,uploaded landslide_report.pdf
24949,NAG/ZUN/83K09/2016/116,Nagaland,,,,25.886089,94.542711,,,,uploaded landslide_report.pdf
24950,NAG/KIPH/83K13/2009/F-8,Nagaland,,,,25.88667,94.78639,,,,uploaded landslide_report.pdf
24951,NAG/KIP/83K13/2016/114,Nagaland,,,,25.887303,94.788144,,,,uploaded landslide_report.pdf
24952,NAG/KIP/83K13/2016/017,Nagaland,,,,25.887525,94.797508,,,,uploaded landslide_report.pdf
24953,NAG/KIP/83K13/2016/018,Nagaland,,,,25.887917,94.795558,,,,uploaded landslide_report.pdf
24954,NAG/KOH/83K1/2016/116,Nagaland,,,,25.889056,94.278361,,,,uploaded landslide_report.pdf
24955,NAG/KOH/83K1/2016/109,Nagaland,,,,25.889361,94.200583,,,,uploaded landslide_report.pdf
24956,NAG/KIP/83K13/2016/019,Nagaland,,,,25.889897,94.811111,,,,uploaded landslide_report.pdf
24957,NAG/KOH/83K1/2016/110,Nagaland,,,,25.89125,94.202306,,,,uploaded landslide_report.pdf
24958,NAG/KOH/83K1/2016/115,Nagaland,,,,25.892028,94.274528,,,,uploaded landslide_report.pdf
24959,NAG/ZUN/83K5/2016/149,Nagaland,,,,25.893042,94.45835,,,,uploaded landslide_report.pdf
24960,NAG/KIP/83K13/2016/020,Nagaland,,,,20.0,94.821944,,,,uploaded landslide_report.pdf
24961,NAG/ZUN/83K09/2016/045,Nagaland,,,,25.895111,94.650258,,,,uploaded landslide_report.pdf
24962,NAG/KIP/83K13/2016/031,Nagaland,,,,25.896244,94.758128,,,,uploaded landslide_report.pdf
24963,NAG/KOH/83K1/2016/118,Nagaland,,,,25.896389,94.203556,,,,uploaded landslide_report.pdf
24964,NAG/ZUN/83K09/2016/098,Nagaland,,,,25.896511,94.646325,,,,uploaded landslide_report.pdf
24965,NAG/ZUN/83K09/2016/089,Nagaland,,,,25.898825,94.629367,,,,uploaded landslide_report.pdf
24966,NAG/ZUN/83K09/2016/090,Nagaland,,,,25.899767,94.640067,,,,uploaded landslide_report.pdf
24967,NAG/ZUN/83K09/2016/088,Nagaland,,,,25.899894,94.624047,,,,uploaded landslide_report.pdf
24968,NAG/KIPH/83K13/2009/F-7,Nagaland,,,,25.9,94.78917,,,,uploaded landslide_report.pdf
24969,NAG/KIP/83K13/2016/055,Nagaland,,,,25.901125,94.82785,,,,uploaded landslide_report.pdf
24970,NAG/ZUN/83K5/2016/016,Nagaland,,,,25.901611,94.393694,,,,uploaded landslide_report.pdf
24971,NAG/WOK/83K1/2016/165,Nagaland,,,,25.905433,94.097386,,,,uploaded landslide_report.pdf
24972,NAG/KIP/83K13/2016/029,Nagaland,,,,29.0,94.769017,,,,uploaded landslide_report.pdf
24973,NAG/KIP/83K13/2016/028,Nagaland,,,,28.0,94.768481,,,,uploaded landslide_report.pdf
24974,NAG/KOH/83K5/2016/146,Nagaland,,,,25.905953,94.427414,,,,uploaded landslide_report.pdf
24975,NAG/KOH/83K5/2016/145,Nagaland,,,,25.906472,94.428039,,,,uploaded landslide_report.pdf
24976,NAG/KOH/83K5/2016/144,Nagaland,,,,25.90665,94.428758,,,,uploaded landslide_report.pdf
24977,NAG/KOH/83K1/2016/087,Nagaland,,,,25.907167,94.041583,,,,uploaded landslide_report.pdf
24978,NAG/KOH/83K5/2016/143,Nagaland,,,,25.907417,94.429519,,,,uploaded landslide_report.pdf
24979,NAG/ZUN/83K5/2016/150,Nagaland,,,,25.909153,94.477497,,,,uploaded landslide_report.pdf
24980,NAG/KOH/83K1/2016/128,Nagaland,,,,25.910583,94.206417,,,,uploaded landslide_report.pdf
24981,NAG/ZUN/83K5/2016/013,Nagaland,,,,25.910917,94.416361,,,,uploaded landslide_report.pdf
24982,NAG/KIP/83K13/2016/008,Nagaland,,,,25.911931,94.793292,,,,uploaded landslide_report.pdf
24983,NAG/KIP/83K13/2016/037,Nagaland,,,,25.914247,94.841489,,,,uploaded landslide_report.pdf
24984,NAG/KIP/83K13/2016/038,Nagaland,,,,25.915092,94.844003,,,,uploaded landslide_report.pdf
24985,NAG/KIP/83K13/2016/034,Nagaland,,,,25.915344,94.828308,,,,uploaded landslide_report.pdf
24986,NAG/KOH/83K1/2016/125,Nagaland,,,,25.915444,94.119639,,,,uploaded landslide_report.pdf
24987,NAG/KIP/83K13/2016/033,Nagaland,,,,25.915925,94.824992,,,,uploaded landslide_report.pdf
24988,NAG/ZUN/83K5/2016/017,Nagaland,,,,25.917361,94.452556,,,,uploaded landslide_report.pdf
24989,NAG/ZUN/83K5/2016/014,Nagaland,,,,25.91775,94.415028,,,,uploaded landslide_report.pdf
24990,NAG/ZUN/83K5/2016/015,Nagaland,,,,25.918194,94.409611,,,,uploaded landslide_report.pdf
24991,NAG/KIP/83K13/2016/036,Nagaland,,,,25.919689,94.839167,,,,uploaded landslide_report.pdf
24992,NAG/ZUN/83K09/2016/046,Nagaland,,,,25.920367,94.641739,,,,uploaded landslide_report.pdf
24993,NAG/KIP/83K13/2016/035,Nagaland,,,,25.920811,94.838889,,,,uploaded landslide_report.pdf
24994,NAG/ZUN/83K09/2016/115,Nagaland,,,,25.922767,94.565056,,,,uploaded landslide_report.pdf
24995,NAG/KIP/83K13/2016/030,Nagaland,,,,30.0,94.760419,,,,uploaded landslide_report.pdf
24996,NAG/KOH/83K1/2016/157,Nagaland,,,,25.929733,94.072478,,,,uploaded landslide_report.pdf
24997,NAG/KOH/83K1/2016/126,Nagaland,,,,25.930611,94.112139,,,,uploaded landslide_report.pdf
24998,NAG/KOH/83K1/2016/088,Nagaland,,,,25.930722,94.048417,,,,uploaded landslide_report.pdf
24999,NAG/KOH/83K1/2016/089,Nagaland,,,,25.931167,94.048889,,,,uploaded landslide_report.pdf
25000,NAG/KIP/83K13/2016/009,Nagaland,,,,25.934647,94.787967,,,,uploaded landslide_report.pdf
25001,NAG/KOH/83K1/2016/127,Nagaland,,,,25.935694,94.111472,,,,uploaded landslide_report.pdf
25002,NAG/KOH/83K1/2016/119,Nagaland,,,,25.936056,94.216444,,,,uploaded landslide_report.pdf
25003,NAG/KOH/83K1/2016/090,Nagaland,,,,25.9365,94.047694,,,,uploaded landslide_report.pdf
25004,NAG/KIP/83K13/2016/016,Nagaland,,,,25.938447,94.7843,,,,uploaded landslide_report.pdf
25005,NAG/ZUN/83K09/2016/099,Nagaland,,,,25.939139,94.649311,,,,uploaded landslide_report.pdf
25006,NAG/KIP/83K13/2016/013,Nagaland,,,,25.940053,94.797197,,,,uploaded landslide_report.pdf
25007,NAG/ZUN/83K09/2016/100,Nagaland,,,,25.940317,94.650583,,,,uploaded landslide_report.pdf
25008,NAG/KIP/83K13/2016/032,Nagaland,,,,25.940703,94.750969,,,,uploaded landslide_report.pdf
25009,NAG/ZUN/83K09/2016/107,Nagaland,,,,25.940872,94.586361,,,,uploaded landslide_report.pdf
25010,NAG/ZUN/83K09/2016/101,Nagaland,,,,25.941056,94.651019,,,,uploaded landslide_report.pdf
25011,NAG/ZUN/83K09/2016/102,Nagaland,,,,25.941525,94.652408,,,,uploaded landslide_report.pdf
25012,NAG/KOH/83K1/2016/091,Nagaland,,,,25.942111,94.04625,,,,uploaded landslide_report.pdf
25013,NAG/KOH/83K1/2016/094,Nagaland,,,,25.943944,94.026556,,,,uploaded landslide_report.pdf
25014,NAG/KIP/83K13/2016/012,Nagaland,,,,25.944008,94.789414,,,,uploaded landslide_report.pdf
25015,NAG/KOH/83K1/2016/095,Nagaland,,,,25.944361,94.023222,,,,uploaded landslide_report.pdf
25016,NAG/KIP/83K13/2016/011,Nagaland,,,,25.944475,94.7888,,,,uploaded landslide_report.pdf
25017,NAG/KOH/83K1/2016/102,Nagaland,,,,25.945639,94.016417,,,,uploaded landslide_report.pdf
25018,NAG/KOH/83K1/2016/096,Nagaland,,,,25.947583,94.023861,,,,uploaded landslide_report.pdf
25019,NAG/KOH/83K1/2016/101,Nagaland,,,,25.948222,94.014361,,,,uploaded landslide_report.pdf
25020,NAG/KOH/83K1/2016/097,Nagaland,,,,25.948833,94.025667,,,,uploaded landslide_report.pdf
25021,NAG/KIP/83K13/2016/010,Nagaland,,,,25.948886,94.706133,,,,uploaded landslide_report.pdf
25022,NAG/KOH/83K1/2016/098,Nagaland,,,,25.949278,94.025528,,,,uploaded landslide_report.pdf
25023,NAG/KOH/83K1/2016/103,Nagaland,,,,25.950944,94.019611,,,,uploaded landslide_report.pdf
25024,NAG/KOH/83K1/2016/099,Nagaland,,,,25.951139,94.024194,,,,uploaded landslide_report.pdf
25025,NAG/KOH/83K1/2016/100,Nagaland,,,,25.951583,94.023667,,,,uploaded landslide_report.pdf
25026,NAG/ZUN/83K5/2016/011,Nagaland,,,,25.952722,94.430278,,,,uploaded landslide_report.pdf
25027,NAG/KOH/83K1/2016/104,Nagaland,,,,25.952861,94.021028,,,,uploaded landslide_report.pdf
25028,NAG/KOH/83K1/2016/105,Nagaland,,,,25.954389,94.022778,,,,uploaded landslide_report.pdf
25029,NAG/KOH/83K1/2016/092,Nagaland,,,,25.9545,94.040083,,,,uploaded landslide_report.pdf
25030,NAG/ZUN/83K09/2016/108,Nagaland,,,,25.954636,94.607456,,,,uploaded landslide_report.pdf
25031,NAG/ZUN/83K09/2016/106,Nagaland,,,,25.955769,94.605419,,,,uploaded landslide_report.pdf
25032,NAG/ZUN/83K09/2016/048,Nagaland,,,,25.956083,94.719475,,,,uploaded landslide_report.pdf
25033,NAG/KOH/83K1/2016/093,Nagaland,,,,25.957472,94.036278,,,,uploaded landslide_report.pdf
25034,NAG/ZUN/83K09/2016/103,Nagaland,,,,25.958047,94.597519,,,,uploaded landslide_report.pdf
25035,NAG/KOH/83K1/2016/120,Nagaland,,,,25.961917,94.216194,,,,uploaded landslide_report.pdf
25036,NAG/KIP/83K13/2016/015,Nagaland,,,,25.962494,94.818667,,,,uploaded landslide_report.pdf
25037,NAG/KIP/83K13/2016/014,Nagaland,,,,25.962689,94.816972,,,,uploaded landslide_report.pdf
25038,NAG/ZUN/83K09/2016/109,Nagaland,,,,25.963,94.614097,,,,uploaded landslide_report.pdf
25039,NAG/ZUN/83K09/2016/105,Nagaland,,,,25.964283,94.619592,,,,uploaded landslide_report.pdf
25040,NAG/ZUN/83K09/2016/104,Nagaland,,,,25.9645,94.632583,,,,uploaded landslide_report.pdf
25041,NAG/ZUN/83K09/2016/130,Nagaland,,,,25.964631,94.574406,,,,uploaded landslide_report.pdf
25042,NAG/ZUN/83K5/2016/012,Nagaland,,,,25.965083,94.426806,,,,uploaded landslide_report.pdf
25043,NAG/ZUN/83K09/2016/131,Nagaland,,,,25.965394,94.571428,,,,uploaded landslide_report.pdf
25044,NAG/KOH/83K1/2016/122,Nagaland,,,,25.965944,94.216972,,,,uploaded landslide_report.pdf
25045,NAG/ZUN/83K09/2016/132,Nagaland,,,,25.966581,94.565806,,,,uploaded landslide_report.pdf
25046,NAG/ZUN/83K09/2016/136,Nagaland,,,,25.966742,94.502006,,,,uploaded landslide_report.pdf
25047,NAG/KOH/83K1/2016/106,Nagaland,,,,25.96675,94.031917,,,,uploaded landslide_report.pdf
25048,NAG/KOH/83K1/2016/121,Nagaland,,,,25.966861,94.2215,,,,uploaded landslide_report.pdf
25049,NAG/ZUN/83K09/2016/122,Nagaland,,,,25.968006,94.574256,,,,uploaded landslide_report.pdf
25050,NAG/ZUN/83K09/2016/047,Nagaland,,,,25.968233,94.684364,,,,uploaded landslide_report.pdf
25051,NAG/ZUN/83K09/2016/110,Nagaland,,,,25.969225,94.634053,,,,uploaded landslide_report.pdf
25052,NAG/ZUN/83K09/2016/111,Nagaland,,,,25.969628,94.634169,,,,uploaded landslide_report.pdf
25053,NAG/KOH/83K1/2016/123,Nagaland,,,,25.970083,94.213639,,,,uploaded landslide_report.pdf
25054,NAG/ZUN/83K09/2016/137,Nagaland,,,,25.970169,94.503803,,,,uploaded landslide_report.pdf
25055,NAG/ZUN/83K09/2016/123,Nagaland,,,,25.970531,94.574903,,,,uploaded landslide_report.pdf
25056,NAG/KOH/83K1/2016/124,Nagaland,,,,25.970917,94.214028,,,,uploaded landslide_report.pdf
25057,NAG/KIP/83K13/2016/112,Nagaland,,,,25.971456,94.818392,,,,uploaded landslide_report.pdf
25058,NAG/ZUN/83K09/2016/145,Nagaland,,,,25.971569,94.511647,,,,uploaded landslide_report.pdf
25059,NAG/ZUN/83K09/2016/129,Nagaland,,,,25.971736,94.576933,,,,uploaded landslide_report.pdf
25060,NAG/ZUN/83K09/2016/138,Nagaland,,,,25.97175,94.504619,,,,uploaded landslide_report.pdf
25061,NAG/ZUN/83K09/2016/139,Nagaland,,,,25.972325,94.509267,,,,uploaded landslide_report.pdf
25062,NAG/ZUN/83K09/2016/140,Nagaland,,,,25.972636,94.511444,,,,uploaded landslide_report.pdf
25063,NAG/ZUN/83K09/2016/124,Nagaland,,,,25.976625,94.579939,,,,uploaded landslide_report.pdf
25064,NAG/KOH/83K5/2016/141,Nagaland,,,,25.977569,94.322217,,,,uploaded landslide_report.pdf
25065,NAG/ZUN/83K09/2016/141,Nagaland,,,,25.978975,94.512064,,,,uploaded landslide_report.pdf
25066,NAG/WOK/83K1/2016/138,Nagaland,,,,25.979897,94.152281,,,,uploaded landslide_report.pdf
25067,NAG/ZUN/83K09/2016/125,Nagaland,,,,25.980008,94.580747,,,,uploaded landslide_report.pdf
25068,NAG/ZUN/83K09/2016/126,Nagaland,,,,25.981228,94.572292,,,,uploaded landslide_report.pdf
25069,NAG/WOK/83K1/2016/151,Nagaland,,,,25.984456,94.031639,,,,uploaded landslide_report.pdf
25070,NAG/WOK/83K1/2016/154,Nagaland,,,,25.985317,94.021903,,,,uploaded landslide_report.pdf
25071,NAG/ZUN/83K09/2016/127,Nagaland,,,,25.9899,94.5679,,,,uploaded landslide_report.pdf
25072,NAG/ZUN/83K09/2016/143,Nagaland,,,,25.990158,94.508392,,,,uploaded landslide_report.pdf
25073,NAG/ZUN/83K09/2016/144,Nagaland,,,,25.990339,94.507711,,,,uploaded landslide_report.pdf
25074,NAG/WOK/83K1/2016/152,Nagaland,,,,25.993164,94.034803,,,,uploaded landslide_report.pdf
25075,NAG/ZUN/83K5/2016/142,Nagaland,,,,25.993981,94.474467,,,,uploaded landslide_report.pdf
25076,NAG/WOK/83K1/2016/139,Nagaland,,,,25.995333,94.031361,,,,uploaded landslide_report.pdf
25077,NAG/ZUN/83K09/2016/128,Nagaland,,,,25.998183,94.5975,,,,uploaded landslide_report.pdf
25078,NAG/ZUN/83K09/2016/142,Nagaland,,,,25.998217,94.504756,,,,uploaded landslide_report.pdf
25079,NAG/WOK/83K1/2016/155,Nagaland,,,,25.99875,94.026203,,,,uploaded landslide_report.pdf
25080,NAG/WOK/83K1/2016/140,Nagaland,,,,25.998778,94.264853,,,,uploaded landslide_report.pdf
25081,NAG/WOK/83K1/2016/153,Nagaland,,,,25.999744,94.030058,,,,uploaded landslide_report.pdf
25082,NAG/KMA/83K2/2017/01,Nagaland,,,,26.001972,94.183667,,,,uploaded landslide_report.pdf
25083,NAG/WOKH/83J08/2015/0042,Nagaland,,,,26.002139,94.253972,,,,uploaded landslide_report.pdf
25084,NAG/ZUN/83J12/2016/0053,Nagaland,,,,26.002188,94.623681,,,,uploaded landslide_report.pdf
25085,NL/WOK/83F16/2018/11,Nagaland,,,,26.0034,93.9855,,,,uploaded landslide_report.pdf
25086,NL/WOK/83F16/2018/5,Nagaland,,,,26.0037,93.9862,,,,uploaded landslide_report.pdf
25087,NL/WOK/83F16/2018/13,Nagaland,,,,26.0038,93.9873,,,,uploaded landslide_report.pdf
25088,NL/WOK/83F16/2018/3,Nagaland,,,,26.0039,93.9807,,,,uploaded landslide_report.pdf
25089,NL/WOK/83F16/2018/4,Nagaland,,,,26.0043,93.9803,,,,uploaded landslide_report.pdf
25090,NL/WOK/83F16/2018/8,Nagaland,,,,26.0044,93.9789,,,,uploaded landslide_report.pdf
25091,NL/WOK/83F16/2018/10,Nagaland,,,,26.0045,93.9828,,,,uploaded landslide_report.pdf
25092,NAG/WOK/83J/4/2016/0097,Nagaland,,,,26.004528,94.039583,,,,uploaded landslide_report.pdf
25093,NL/WOK/83F16/2018/9,Nagaland,,,,26.0046,93.9814,,,,uploaded landslide_report.pdf
25094,NL/WOK/83F16/2018/12,Nagaland,,,,26.0049,93.9901,,,,uploaded landslide_report.pdf
25095,NL/WOK/83F16/2018/6,Nagaland,,,,26.0049,93.9914,,,,uploaded landslide_report.pdf
25096,NL/WOK/83F16/2018/2,Nagaland,,,,26.0051,93.9795,,,,uploaded landslide_report.pdf
25097,NL/WOK/83F16/2018/14,Nagaland,,,,26.0052,93.9927,,,,uploaded landslide_report.pdf
25098,NL/WOK/83F16/2018/1,Nagaland,,,,26.0054,93.9794,,,,uploaded landslide_report.pdf
25099,NAG/WOK/83J/4/2016/0098,Nagaland,,,,26.005917,94.039667,,,,uploaded landslide_report.pdf
25100,NAG/WOK/83J/4/2016/0105,Nagaland,,,,26.006028,94.003194,,,,uploaded landslide_report.pdf
25101,NL/WOK/83F16/2018/15,Nagaland,,,,26.0073,93.9983,,,,uploaded landslide_report.pdf
25102,NL/WOK/83F16/2018/7,Nagaland,,,,26.0074,93.9988,,,,uploaded landslide_report.pdf
25103,NAG/WOK/83J/4/2016/0101,Nagaland,,,,26.0075,94.021444,,,,uploaded landslide_report.pdf
25104,NAG/WOK/83J/4/2016/0100,Nagaland,,,,26.008333,94.032333,,,,uploaded landslide_report.pdf
25105,NAG/ZUN/83J12/2016/0009,Nagaland,,,,26.011075,94.523236,,,,uploaded landslide_report.pdf
25106,NAG/WOK/83J/4/2016/0102,Nagaland,,,,26.011389,94.022722,,,,uploaded landslide_report.pdf
25107,NAG/ZUNB/83J12/2016/0007,Nagaland,,,,26.012139,94.523667,,,,uploaded landslide_report.pdf
25108,NAG/WOK/83J/4/2016/0099,Nagaland,,,,26.012889,94.044222,,,,uploaded landslide_report.pdf
25109,NAG/WOKH/83J08/2015/0041,Nagaland,,,,26.013556,94.255139,,,,uploaded landslide_report.pdf
25110,NAG/WOK/83J/4/2016/0104,Nagaland,,,,26.013722,94.009083,,,,uploaded landslide_report.pdf
25111,NAG/ZUN/83J12/2016/0011,Nagaland,,,,26.013806,94.530111,,,,uploaded landslide_report.pdf
25112,NAG/WOKH/83J08/2015/0040,Nagaland,,,,26.016333,94.254306,,,,uploaded landslide_report.pdf
25113,NAG/WOK/83J/4/2016/0029,Nagaland,,,,29.0,94.171056,,,,uploaded landslide_report.pdf
25114,NAG/WOKH/83J08/2015/0039,Nagaland,,,,26.017,94.254306,,,,uploaded landslide_report.pdf
25115,NAG/WOKH/83J08/2015/0038,Nagaland,,,,26.017472,94.254389,,,,uploaded landslide_report.pdf
25116,NAG/ZUN/83J12/2016/0008,Nagaland,,,,26.020603,94.50632,,,,uploaded landslide_report.pdf
25117,NAG/WOK/83J/4/2016/0103,Nagaland,,,,26.021083,94.040361,,,,uploaded landslide_report.pdf
25118,NAG/WOKH/83J08/2015/0037,Nagaland,,,,26.022278,94.257556,,,,uploaded landslide_report.pdf
25119,NAG/WOK/83J/4/2016/0107,Nagaland,,,,26.0225,94.004444,,,,uploaded landslide_report.pdf
25120,NAG/WOKH/83J08/2015/0008,Nagaland,,,,24.0,94.331722,,,,uploaded landslide_report.pdf
25121,NAG/TUN/83J16/2016/0024,Nagaland,,,,24.0,94.847806,,,,uploaded landslide_report.pdf
25122,NAG/ZUN/83J12/2016/0054,Nagaland,,,,26.028806,94.638389,,,,uploaded landslide_report.pdf
25123,NAG/TUN/83J16/2016/0023,Nagaland,,,,23.0,94.863993,,,,uploaded landslide_report.pdf
25124,NAG/ZUNB/83J12/2016/0010,Nagaland,,,,26.031742,94.547354,,,,uploaded landslide_report.pdf
25125,NAG/ZUN/83J12/2016/0055,Nagaland,,,,26.031786,94.634392,,,,uploaded landslide_report.pdf
25126,NAG/WOKH/83J08/2015/0036,Nagaland,,,,26.0325,94.256,,,,uploaded landslide_report.pdf
25127,NAG/ZUN/83J12/2016/0056,Nagaland,,,,26.032992,94.633639,,,,uploaded landslide_report.pdf
25128,NAG/ZUNB/83J12/2016/0018,Nagaland,,,,26.033098,94.542753,,,,uploaded landslide_report.pdf
25129,NAG/WOKH/83J08/2015/0035,Nagaland,,,,26.033361,94.257111,,,,uploaded landslide_report.pdf
25130,NAG/WOKH/83J08/2015/0034,Nagaland,,,,26.033528,94.257306,,,,uploaded landslide_report.pdf
25131,NAG/ZUN/83J12/2016/0003,Nagaland,,,,26.034806,94.519889,,,,uploaded landslide_report.pdf
25133,NAG/WOKH/83J08/2015/0033,Nagaland,,,,26.037139,94.258306,,,,uploaded landslide_report.pdf
25134,NAG/WOK/83J/4/2016/0106,Nagaland,,,,26.037381,94.037386,,,,uploaded landslide_report.pdf
25135,NAG/ZUN/83J12/2016/0057,Nagaland,,,,26.037847,94.635525,,,,uploaded landslide_report.pdf
25136,NAG/ZUN/83J12/2016/0019,Nagaland,,,,26.03853,94.58648,,,,uploaded landslide_report.pdf
25137,NAG/ZUN/83J12/2016/0004,Nagaland,,,,26.0415,94.522444,,,,uploaded landslide_report.pdf
25138,NAG/ZUN/83J12/2016/0005,Nagaland,,,,26.041525,94.523238,,,,uploaded landslide_report.pdf
25139,NG/NOK/83N04/2017/53,Nagaland,,,,26.041611,95.075806,,,,uploaded landslide_report.pdf
25140,NAG/ZUN/83J12/2016/0006,Nagaland,,,,26.041658,94.5241,,,,uploaded landslide_report.pdf
25141,NG/NOK/83N04/2017/54,Nagaland,,,,26.045083,95.054833,,,,uploaded landslide_report.pdf
25142,NAG/ZUN/83J12/2016/0002,Nagaland,,,,26.046444,94.526194,,,,uploaded landslide_report.pdf
25143,NAG/ZUN/83J12/2016/0058,Nagaland,,,,26.049285,94.635198,,,,uploaded landslide_report.pdf
25144,NAG/WOK/83J/4/2016/0090,Nagaland,,,,26.053164,94.045167,,,,uploaded landslide_report.pdf
25145,NAG/WOK/83J/4/2016/0089,Nagaland,,,,26.053519,94.044361,,,,uploaded landslide_report.pdf
25146,NAG/WOKH/83J08/2015/0006,Nagaland,,,,26.053667,94.307917,,,,uploaded landslide_report.pdf
25147,NAG/WOK/83J/4/2016/0088,Nagaland,,,,26.055011,94.044322,,,,uploaded landslide_report.pdf
25148,NAG/WOKH/83J08/2015/0007,Nagaland,,,,26.056167,94.3065,,,,uploaded landslide_report.pdf
25149,NAG/WOK/83J/4/2016/0070,Nagaland,,,,26.059222,94.2445,,,,uploaded landslide_report.pdf
25150,NAG/WOKH/83J08/2015/0015,Nagaland,,,,26.05925,94.244472,,,,uploaded landslide_report.pdf
25151,NAG/WOKH/83J08/2015/0016,Nagaland,,,,26.05925,94.251972,,,,uploaded landslide_report.pdf
25152,NG/NOK/83N04/2017/52,Nagaland,,,,26.064111,95.03975,,,,uploaded landslide_report.pdf
25153,NAG/WOKH/83J08/2015/0014,Nagaland,,,,26.065972,94.270389,,,,uploaded landslide_report.pdf
25154,NG/NOK/83N04/2017/51,Nagaland,,,,26.066583,95.033361,,,,uploaded landslide_report.pdf
25155,NAG/WOKH/83J08/2015/0004,Nagaland,,,,26.067194,94.317611,,,,uploaded landslide_report.pdf
25156,NAG/WOK/83J/4/2016/0068,Nagaland,,,,26.067889,94.224889,,,,uploaded landslide_report.pdf
25157,NAG/WOKH/83J08/2015/0005,Nagaland,,,,26.068028,94.317833,,,,uploaded landslide_report.pdf
25158,NG/NOK/83N04/2017/50,Nagaland,,,,26.068111,95.025972,,,,uploaded landslide_report.pdf
25159,NG/NOK/83N04/2017/49,Nagaland,,,,26.069278,95.023806,,,,uploaded landslide_report.pdf
25160,NAG/WOK/83J/4/2016/0069,Nagaland,,,,26.069722,94.223444,,,,uploaded landslide_report.pdf
25162,NAG/WOKH/83J08/2015/0031,Nagaland,,,,26.070306,94.280586,,,,uploaded landslide_report.pdf
25164,NL/DMR/83F16/2019/01,Nagaland,,,,26.07256,93.928,,,,uploaded landslide_report.pdf
25165,NG/NOK/83N04/2017/42,Nagaland,,,,26.073167,95.0785,,,,uploaded landslide_report.pdf
25168,NG/NOK/83N04/2017/43,Nagaland,,,,26.074,95.083833,,,,uploaded landslide_report.pdf
25172,NAG/ZUN/83J12/2016/0020,Nagaland,,,,20.0,94.558611,,,,uploaded landslide_report.pdf
25173,NAG/ZUN/83J12/2016/0068,Nagaland,,,,26.077122,94.559107,,,,uploaded landslide_report.pdf
25174,NAG/ZUN/83J12/2016/0001,Nagaland,,,,26.077167,94.542306,,,,uploaded landslide_report.pdf
25176,NG/NOK/83N04/2017/48,Nagaland,,,,26.081472,95.02625,,,,uploaded landslide_report.pdf
25177,NAG/WOKH/83J08/2015/0013,Nagaland,,,,26.082972,94.267528,,,,uploaded landslide_report.pdf
25178,NAG/WOK/83J/4/2016/0087,Nagaland,,,,26.084444,94.09,,,,uploaded landslide_report.pdf
25179,NAG/WOKH/83J08/2015/0002,Nagaland,,,,26.084806,94.263083,,,,uploaded landslide_report.pdf
25181,NAG/WOKH/83J08/2015/0059,Nagaland,,,,26.085389,94.258,,,,uploaded landslide_report.pdf
25182,NAG/WOKH/83J08/2015/0058,Nagaland,,,,26.085528,94.257556,,,,uploaded landslide_report.pdf
25183,NAG/ZUN/83J12/2016/0014,Nagaland,,,,26.085597,94.559075,,,,uploaded landslide_report.pdf
25184,NAG/ZUN/83J12/2016/0069,Nagaland,,,,26.086444,94.564667,,,,uploaded landslide_report.pdf
25185,NAG/WOK/83J/4/2016/0086,Nagaland,,,,26.087917,94.098056,,,,uploaded landslide_report.pdf
25186,NAG/WOKH/83J08/2015/0025,Nagaland,,,,25.0,94.264222,,,,uploaded landslide_report.pdf
25187,NAG/WOKH/83J08/2015/0012,Nagaland,,,,26.0885,94.263944,,,,uploaded landslide_report.pdf
25188,NAG/WOKH/83J08/2015/0009,Nagaland,,,,26.088722,94.349833,,,,uploaded landslide_report.pdf
25189,NAG/WOK/83J/4/2016/0074,Nagaland,,,,26.08875,94.202444,,,,uploaded landslide_report.pdf
25190,NAG/WOKH/83J08/2015/0030,Nagaland,,,,30.0,94.349306,,,,uploaded landslide_report.pdf
25191,NAG/WOKH/83J08/2015/0057,Nagaland,,,,26.090056,94.256167,,,,uploaded landslide_report.pdf
25192,NAG/WOK/83J/4/2016/0073,Nagaland,,,,26.0905,94.204583,,,,uploaded landslide_report.pdf
25193,NAG/WOKH/83J08/2015/0029,Nagaland,,,,29.0,94.349083,,,,uploaded landslide_report.pdf
25194,NAG/WOK/83J/4/2016/0085,Nagaland,,,,26.091528,94.100806,,,,uploaded landslide_report.pdf
25195,NAG/WOK/83J/4/2016/0084,Nagaland,,,,26.091861,94.101333,,,,uploaded landslide_report.pdf
25196,NG/NOK/83N04/2017/47,Nagaland,,,,26.093083,95.036278,,,,uploaded landslide_report.pdf
25197,NAG/WOK/83J/4/2016/0072,Nagaland,,,,26.093972,94.217417,,,,uploaded landslide_report.pdf
25198,NG/NOK/83N04/2017/46,Nagaland,,,,26.094083,95.043389,,,,uploaded landslide_report.pdf
25200,NAG/WOKH/83J08/2015/0032,Nagaland,,,,26.094778,94.259278,,,,uploaded landslide_report.pdf
25201,NAG/WOKH/83J08/2015/0056,Nagaland,,,,26.096722,94.253694,,,,uploaded landslide_report.pdf
25202,NAG/WOKH/83J08/2015/0055,Nagaland,,,,26.096778,94.252611,,,,uploaded landslide_report.pdf
25203,NAG/WOK/83J/4/2016/0083,Nagaland,,,,26.098056,94.105472,,,,uploaded landslide_report.pdf
25204,NAG/WOKH/83J08/2015/0001,Nagaland,,,,26.101583,94.253222,,,,uploaded landslide_report.pdf
25205,NAG/ZUN/83J12/2016/0012,Nagaland,,,,26.101907,94.537237,,,,uploaded landslide_report.pdf
25206,NG/NOK/83N04/2017/41,Nagaland,,,,26.10325,95.060361,,,,uploaded landslide_report.pdf
25207,NAG/WOKH/83J08/2015/0020,Nagaland,,,,20.0,94.363139,,,,uploaded landslide_report.pdf
25208,NAG/WOKH/83J08/2015/0019,Nagaland,,,,26.104528,94.353833,,,,uploaded landslide_report.pdf
25209,NAG/WOKH/83J08/2015/0010,Nagaland,,,,26.104944,94.3375,,,,uploaded landslide_report.pdf
25210,NAG/WOKH/83J08/2015/0003,Nagaland,,,,26.105583,94.257778,,,,uploaded landslide_report.pdf
25211,NL/WKH/83J04/2021/01,Nagaland,,,,26.10694722,94.25328889,,,,uploaded landslide_report.pdf
25212,NAG/WOKH/83J08/2015/0011,Nagaland,,,,26.107333,94.339139,,,,uploaded landslide_report.pdf
25213,NAG/WOK/83J/4/2016/0082,Nagaland,,,,26.109167,94.116167,,,,uploaded landslide_report.pdf
25214,NAG/ZUN/83J12/2016/0022,Nagaland,,,,22.0,94.870921,,,,uploaded landslide_report.pdf
25215,NAG/WOKH/83J08/2015/0052,Nagaland,,,,26.111278,94.257194,,,,uploaded landslide_report.pdf
25216,NAG/WOK/83J/4/2016/0081,Nagaland,,,,26.111389,94.119028,,,,uploaded landslide_report.pdf
25217,NAG/ZUN/83J12/2016/0059,Nagaland,,,,26.111529,94.634066,,,,uploaded landslide_report.pdf
25218,NAG/WOKH/83J08/2015/0053,Nagaland,,,,26.112194,94.259111,,,,uploaded landslide_report.pdf
25219,NAG/WOKH/83J08/2015/0028,Nagaland,,,,28.0,94.347556,,,,uploaded landslide_report.pdf
25220,NG/NOK/83N04/2017/45,Nagaland,,,,26.112611,95.039028,,,,uploaded landslide_report.pdf
25222,NG/NOK/83N04/2017/40,Nagaland,,,,26.112806,95.051944,,,,uploaded landslide_report.pdf
25223,NAG/WOKH/83J08/2015/0027,Nagaland,,,,27.0,94.338611,,,,uploaded landslide_report.pdf
25224,NAG/WOKH/83J08/2015/0021,Nagaland,,,,21.0,94.254417,,,,uploaded landslide_report.pdf
25226,NG/NOK/83N04/2017/39,Nagaland,,,,26.114861,95.052417,,,,uploaded landslide_report.pdf
25227,NAG/ZUN/83J12/2016/0060,Nagaland,,,,26.114866,94.63475,,,,uploaded landslide_report.pdf
25228,NAG/WOKH/83J08/2015/0026,Nagaland,,,,26.0,94.33075,,,,uploaded landslide_report.pdf
25229,NAG/WOKH/83J08/2015/0018,Nagaland,,,,26.116361,94.323778,,,,uploaded landslide_report.pdf
25230,NAG/WOKH/83J08/2015/0017,Nagaland,,,,26.117194,94.336972,,,,uploaded landslide_report.pdf
25231,NG/NOK/83N04/2017/38,Nagaland,,,,26.117583,95.049806,,,,uploaded landslide_report.pdf
25232,NAG/ZUN/83J12/2016/0061,Nagaland,,,,26.119,94.637639,,,,uploaded landslide_report.pdf
25233,NAG/WOK/83J/4/2016/0080,Nagaland,,,,26.122167,94.131528,,,,uploaded landslide_report.pdf
25234,NG/NOK/83N04/2017/55,Nagaland,,,,26.122694,95.076861,,,,uploaded landslide_report.pdf
25235,NAG/ZUN/83J12/2016/0062,Nagaland,,,,26.122864,94.638388,,,,uploaded landslide_report.pdf
25236,NAG/WOKH/83J08/2015/0022,Nagaland,,,,22.0,94.294889,,,,uploaded landslide_report.pdf
25237,NAG/WOKH/83J08/2015/0023,Nagaland,,,,23.0,94.294694,,,,uploaded landslide_report.pdf
25238,NAG/WOK/83J/4/2016/0079,Nagaland,,,,26.125556,94.134639,,,,uploaded landslide_report.pdf
25239,NAG/WOKH/83J08/2015/0054,Nagaland,,,,26.127222,94.306444,,,,uploaded landslide_report.pdf
25240,NAG/WOK/83J/4/2016/0078,Nagaland,,,,26.1295,94.136111,,,,uploaded landslide_report.pdf
25241,NAG/WOK/83J/4/2016/0109,Nagaland,,,,26.129722,94.019194,,,,uploaded landslide_report.pdf
25242,NAG/WOK/83J/4/2016/0077,Nagaland,,,,26.130417,94.138889,,,,uploaded landslide_report.pdf
25243,NAG/WOKH/83J08/2015/0024,Nagaland,,,,24.0,94.323611,,,,uploaded landslide_report.pdf
25244,NG/NOK/83N04/2017/44,Nagaland,,,,26.132333,95.01675,,,,uploaded landslide_report.pdf
25245,NAG/ZUN/83J12/2016/0063,Nagaland,,,,26.13379,94.632141,,,,uploaded landslide_report.pdf
25246,NAG/WOK/83J/4/2016/0108,Nagaland,,,,26.134639,94.049278,,,,uploaded landslide_report.pdf
25247,NAG/ZUN/83J12/2016/0064,Nagaland,,,,26.134722,94.631639,,,,uploaded landslide_report.pdf
25248,NAG/ZUN/83J12/2016/0013,Nagaland,,,,26.135361,94.502167,,,,uploaded landslide_report.pdf
25249,NAG/ZUN/83J12/2016/0065,Nagaland,,,,26.13961,94.634561,,,,uploaded landslide_report.pdf
25250,NAG/ZUN/83J12/2016/0066,Nagaland,,,,26.1434,94.633527,,,,uploaded landslide_report.pdf
25251,NAG/WOK/83J/4/2016/0076,Nagaland,,,,26.143722,94.151111,,,,uploaded landslide_report.pdf
25252,NAG/ZUNB/83J12/2016/0015,Nagaland,,,,26.143985,94.579865,,,,uploaded landslide_report.pdf
25253,NAG/WOK/83J/4/2016/0071,Nagaland,,,,26.14425,94.246194,,,,uploaded landslide_report.pdf
25254,NAG/ZUN/83J12/2016/0067,Nagaland,,,,26.148727,94.626957,,,,uploaded landslide_report.pdf
25255,NAG/ZUN/83J12/2016/0021,Nagaland,,,,21.0,94.603363,,,,uploaded landslide_report.pdf
25256,NAG/ZUN/83J12/2016/0016,Nagaland,,,,26.150578,94.602548,,,,uploaded landslide_report.pdf
25257,NAG/WOK/83J/4/2016/0065,Nagaland,,,,26.152278,94.241056,,,,uploaded landslide_report.pdf
25258,NAG/WOK/83J/4/2016/0067,Nagaland,,,,26.153306,94.240611,,,,uploaded landslide_report.pdf
25259,NAG/ZUN/83J12/2016/0070,Nagaland,,,,26.153418,94.590819,,,,uploaded landslide_report.pdf
25260,NAG/WOKH/83J08/2015/0043,Nagaland,,,,26.154917,94.250194,,,,uploaded landslide_report.pdf
25261,NAG/ZUN/83J12/2016/0017,Nagaland,,,,26.154944,94.614503,,,,uploaded landslide_report.pdf
25262,NAG/WOK/83J/4/2016/0066,Nagaland,,,,26.155083,94.250361,,,,uploaded landslide_report.pdf
25263,NAG/ZUN/83J12/2016/0071,Nagaland,,,,26.156333,94.593611,,,,uploaded landslide_report.pdf
25264,NAG/TUN/83J16/2016/0049,Nagaland,,,,26.156611,94.621778,,,,uploaded landslide_report.pdf
25267,NAG/TUN/83J16/2016/0025,Nagaland,,,,25.0,94.873417,,,,uploaded landslide_report.pdf
25268,NAG/TUN/83J16/2016/0048,Nagaland,,,,26.161639,94.6215,,,,uploaded landslide_report.pdf
25269,NAG/ZUN/83J12/2017/0072,Nagaland,,,,26.161955,94.594693,,,,uploaded landslide_report.pdf
25270,NG/NOK/83N04/2017/32,Nagaland,,,,26.163778,95.056722,,,,uploaded landslide_report.pdf
25271,NG/NOK/83N04/2017/34,Nagaland,,,,26.165417,95.020444,,,,uploaded landslide_report.pdf
25272,NG/NOK/83N04/2017/35,Nagaland,,,,26.165972,95.021667,,,,uploaded landslide_report.pdf
25273,NAG/TUN/83J16/2016/0026,Nagaland,,,,26.0,94.876367,,,,uploaded landslide_report.pdf
25274,NG/NOK/83N04/2017/37,Nagaland,,,,26.167861,95.026694,,,,uploaded landslide_report.pdf
25275,NG/NOK/83N04/2017/31,Nagaland,,,,26.168556,95.04825,,,,uploaded landslide_report.pdf
25276,NG/NOK/83N04/2017/29,Nagaland,,,,29.0,95.041361,,,,uploaded landslide_report.pdf
25277,NAG/WOK/83J/4/2016/0064,Nagaland,,,,26.169389,94.24675,,,,uploaded landslide_report.pdf
25278,NG/NOK/83N04/2017/30,Nagaland,,,,30.0,95.048583,,,,uploaded landslide_report.pdf
25279,NG/NOK/83N04/2017/33,Nagaland,,,,26.173917,95.025556,,,,uploaded landslide_report.pdf
25280,NG/NOK/83N04/2017/28,Nagaland,,,,28.0,95.029722,,,,uploaded landslide_report.pdf
25281,NG/NOK/83N04/2017/27,Nagaland,,,,27.0,95.027972,,,,uploaded landslide_report.pdf
25282,NAG/TUN/83J16/2016/0027,Nagaland,,,,27.0,94.888105,,,,uploaded landslide_report.pdf
25283,NG/NOK/83N04/2017/23,Nagaland,,,,23.0,95.030222,,,,uploaded landslide_report.pdf
25284,NG/NOK/83N04/2017/22,Nagaland,,,,22.0,95.030472,,,,uploaded landslide_report.pdf
25285,NG/NOK/83N04/2017/26,Nagaland,,,,26.0,95.023639,,,,uploaded landslide_report.pdf
25286,NG/NOK/83N04/2017/21,Nagaland,,,,21.0,95.009889,,,,uploaded landslide_report.pdf
25290,NAG/TUN/83J16/2016/0047,Nagaland,,,,26.178889,94.638139,,,,uploaded landslide_report.pdf
25291,NAG/WOK/83J/4/2016/0075,Nagaland,,,,26.179,94.182611,,,,uploaded landslide_report.pdf
25292,NAG/ZUN/83J12/2017/0073,Nagaland,,,,26.179226,94.557166,,,,uploaded landslide_report.pdf
25293,NAG/WOK/83J/4/2016/0110,Nagaland,,,,26.180639,94.101028,,,,uploaded landslide_report.pdf
25294,NAG/WOK/83J/4/2016/0063,Nagaland,,,,26.180944,94.249472,,,,uploaded landslide_report.pdf
25295,NAG/TUN/83J16/2016/0037,Nagaland,,,,26.18096,94.81309,,,,uploaded landslide_report.pdf
25297,NAG/TUN/83J16/2016/0028,Nagaland,,,,28.0,94.891382,,,,uploaded landslide_report.pdf
25298,NAG/ZUN/83J12/2017/0083,Nagaland,,,,26.182283,94.586087,,,,uploaded landslide_report.pdf
25299,NAG/WOKH/83J08/2015/0046,Nagaland,,,,26.182583,94.263361,,,,uploaded landslide_report.pdf
25300,NAG/WOKH/83J08/2015/0045,Nagaland,,,,26.182611,94.264861,,,,uploaded landslide_report.pdf
25301,NAG/TUN/83J16/2016/0036,Nagaland,,,,26.183504,94.812894,,,,uploaded landslide_report.pdf
25302,NAG/WOKH/83J08/2015/0044,Nagaland,,,,26.183889,94.265472,,,,uploaded landslide_report.pdf
25304,NAG/ZUN/83J12/2017/0082,Nagaland,,,,26.185479,94.577522,,,,uploaded landslide_report.pdf
25305,NAG/TUN/83J16/2016/0038,Nagaland,,,,26.185491,94.814241,,,,uploaded landslide_report.pdf
25306,NAG/TUN/83J16/2016/0035,Nagaland,,,,26.188227,94.812988,,,,uploaded landslide_report.pdf
25307,NAG/ZUN/83J12/2017/0074,Nagaland,,,,26.18971,94.549818,,,,uploaded landslide_report.pdf
25308,NAG/ZUN/83J12/2017/0075,Nagaland,,,,26.190598,94.549514,,,,uploaded landslide_report.pdf
25309,NAG/TUN/83J16/2016/0034,Nagaland,,,,26.190833,94.813722,,,,uploaded landslide_report.pdf
25311,NAG/ZUN/83J12/2017/0081,Nagaland,,,,26.191306,94.569611,,,,uploaded landslide_report.pdf
25312,NAG/ZUN/83J12/2017/0076,Nagaland,,,,26.191463,94.549524,,,,uploaded landslide_report.pdf
25313,NAG/WOKH/83J08/2015/0049,Nagaland,,,,26.191611,94.284361,,,,uploaded landslide_report.pdf
25315,NAG/ZUN/83J12/2017/0080,Nagaland,,,,26.19257,94.558955,,,,uploaded landslide_report.pdf
25316,NAG/WOKH/83J08/2015/0050,Nagaland,,,,26.192667,94.282194,,,,uploaded landslide_report.pdf
25317,NAG/WOKH/83J08/2015/0051,Nagaland,,,,26.192972,94.283222,,,,uploaded landslide_report.pdf
25318,NAG/WOKH/83J08/2015/0048,Nagaland,,,,26.193,94.292972,,,,uploaded landslide_report.pdf
25319,NAG/WOK/83J/4/2016/0062,Nagaland,,,,26.193056,94.2465,,,,uploaded landslide_report.pdf
25320,NAG/WOKH/83J08/2015/0047,Nagaland,,,,26.193278,94.295222,,,,uploaded landslide_report.pdf
25321,NAG/ZUN/83J12/2017/0079,Nagaland,,,,26.194204,94.554867,,,,uploaded landslide_report.pdf
25322,NG/NOK/83N04/2017/36,Nagaland,,,,26.194406,95.020358,,,,uploaded landslide_report.pdf
25324,NG/NOK/83N04/2017/24,Nagaland,,,,24.0,95.020722,,,,uploaded landslide_report.pdf
25326,NG/NOK/83N04/2017/25,Nagaland,,,,25.0,95.019417,,,,uploaded landslide_report.pdf
25327,NAG/TUN/83J16/2016/0039,Nagaland,,,,26.197444,94.856955,,,,uploaded landslide_report.pdf
25328,NG/NOK/83N04/2017/19,Nagaland,,,,26.197944,95.015972,,,,uploaded landslide_report.pdf
25330,NAG/TUN/83J16/2016/0033,Nagaland,,,,26.200056,94.81905,,,,uploaded landslide_report.pdf
25331,NG/NOK/83N04/2017/20,Nagaland,,,,20.0,95.017889,,,,uploaded landslide_report.pdf
25332,NAG/WOK/83J/4/2016/0035,Nagaland,,,,26.202972,94.213417,,,,uploaded landslide_report.pdf
25333,NAG/WOK/83J/4/2016/0061,Nagaland,,,,26.204028,94.238389,,,,uploaded landslide_report.pdf
25334,NAG/WOK/83J/4/2016/0041,Nagaland,,,,26.204472,94.214861,,,,uploaded landslide_report.pdf
25335,NAG/TUN/83J16/2016/0032,Nagaland,,,,26.205135,94.811625,,,,uploaded landslide_report.pdf
25336,NAG/WOK/83J/4/2016/0037,Nagaland,,,,26.205889,94.221583,,,,uploaded landslide_report.pdf
25337,NAG/WOK/83J/4/2016/0038,Nagaland,,,,26.206111,94.223333,,,,uploaded landslide_report.pdf
25338,NAG/WOK/83J/4/2016/0034,Nagaland,,,,26.206528,94.223333,,,,uploaded landslide_report.pdf
25339,NAG/WOK/83J/4/2016/0036,Nagaland,,,,26.206778,94.215,,,,uploaded landslide_report.pdf
25340,NG/TUE/83N4/2017/1,Nagaland,,,,26.207833,95.001083,,,,uploaded landslide_report.pdf
25341,NAG/WOK/83J/4/2016/0042,Nagaland,,,,26.208417,94.204389,,,,uploaded landslide_report.pdf
25342,NAG/WOK/83J/4/2016/0113,Nagaland,,,,26.209389,94.116411,,,,uploaded landslide_report.pdf
25343,NAG/WOK/83J/4/2016/0033,Nagaland,,,,26.2095,94.232083,,,,uploaded landslide_report.pdf
25344,NAG/TUN/83J16/2016/0045,Nagaland,,,,26.210043,94.683989,,,,uploaded landslide_report.pdf
25345,NAG/TUN/83J16/2016/0051,Nagaland,,,,26.210306,94.810333,,,,uploaded landslide_report.pdf
25346,NAG/WOK/83J/4/2016/0060,Nagaland,,,,26.211028,94.241389,,,,uploaded landslide_report.pdf
25347,NG/TUE/83N4/2017/2,Nagaland,,,,26.212028,95.000417,,,,uploaded landslide_report.pdf
25348,NAG/WOK/83J/4/2016/0039,Nagaland,,,,26.212222,94.234,,,,uploaded landslide_report.pdf
25349,NAG/WOK/83J/4/2016/0032,Nagaland,,,,26.212861,94.235889,,,,uploaded landslide_report.pdf
25350,NAG/WOK/83J/4/2016/0112,Nagaland,,,,26.212972,94.116583,,,,uploaded landslide_report.pdf
25351,NAG/WOK/83J/4/2016/0043,Nagaland,,,,26.213111,94.208917,,,,uploaded landslide_report.pdf
25352,NAG/WOK/83J/4/2016/0031,Nagaland,,,,26.213389,94.235778,,,,uploaded landslide_report.pdf
25353,NAG/WOK/83J/4/2016/0044,Nagaland,,,,26.213889,94.211111,,,,uploaded landslide_report.pdf
25354,NAG/WOK/83J/4/2016/0040,Nagaland,,,,26.214389,94.236694,,,,uploaded landslide_report.pdf
25355,NG/TUE/83N4/2017/5,Nagaland,,,,26.21475,95.010667,,,,uploaded landslide_report.pdf
25356,NAG/TUN/83J16/2016/0050,Nagaland,,,,26.214972,94.812056,,,,uploaded landslide_report.pdf
25357,NAG/WOK/83J/4/2016/0045,Nagaland,,,,26.215889,94.212083,,,,uploaded landslide_report.pdf
25358,NAG/TUN/83J16/2016/0046,Nagaland,,,,26.216456,94.681866,,,,uploaded landslide_report.pdf
25359,NAG/WOK/83J/4/2016/0030,Nagaland,,,,30.0,94.240556,,,,uploaded landslide_report.pdf
25360,NG/TUE/83N4/2017/4,Nagaland,,,,26.216778,95.006139,,,,uploaded landslide_report.pdf
25361,NG/TUE/83N4/2017/3,Nagaland,,,,26.216861,95.002889,,,,uploaded landslide_report.pdf
25364,NG/TUE/83N4/2017/9,Nagaland,,,,26.220028,95.034417,,,,uploaded landslide_report.pdf
25365,NAG/TUN/83J16/2016/0040,Nagaland,,,,26.220449,94.898329,,,,uploaded landslide_report.pdf
25366,NAG/MOK/83J12/2017/0077,Nagaland,,,,26.220506,94.550504,,,,uploaded landslide_report.pdf
25367,NG/TUE/83N4/2017/6,Nagaland,,,,26.221083,95.030139,,,,uploaded landslide_report.pdf
25370,NAG/WOK/83J/4/2016/0046,Nagaland,,,,26.222306,94.214056,,,,uploaded landslide_report.pdf
25371,NAG/WOK/83J/4/2016/0117,Nagaland,,,,26.222492,94.167267,,,,uploaded landslide_report.pdf
25372,NG/TUE/83N4/2017/8,Nagaland,,,,26.223,95.033417,,,,uploaded landslide_report.pdf
25373,NG/TUE/83N4/2017/7,Nagaland,,,,26.223528,95.03275,,,,uploaded landslide_report.pdf
25374,NG/TUE/83N4/2017/10,Nagaland,,,,26.226028,95.043389,,,,uploaded landslide_report.pdf
25375,NAG/TUN/83J16/2016/0031,Nagaland,,,,26.226778,94.801583,,,,uploaded landslide_report.pdf
25376,NAG/WOK/83J/4/2016/0047,Nagaland,,,,26.226972,94.211806,,,,uploaded landslide_report.pdf
25377,NAG/MOK/83J12/2017/0078,Nagaland,,,,26.227896,94.55032,,,,uploaded landslide_report.pdf
25378,NG/TUE/83N4/2017/11,Nagaland,,,,26.229389,95.051694,,,,uploaded landslide_report.pdf
25379,NG/TUE/83N4/2017/12,Nagaland,,,,26.229861,95.0515,,,,uploaded landslide_report.pdf
25380,NAG/WOK/83J/4/2016/0111,Nagaland,,,,26.230083,94.198,,,,uploaded landslide_report.pdf
25381,NAG/WOK/83J/4/2016/0048,Nagaland,,,,26.231028,94.217083,,,,uploaded landslide_report.pdf
25382,NAG/TUN/83J16/2016/0041,Nagaland,,,,26.231694,94.941056,,,,uploaded landslide_report.pdf
25385,NAG/WOK/83J/4/2016/0116,Nagaland,,,,26.232722,94.130806,,,,uploaded landslide_report.pdf
25387,NAG/WOK/83J/4/2016/0115,Nagaland,,,,26.232944,94.130639,,,,uploaded landslide_report.pdf
25388,NAG/TUN/83J16/2016/0043,Nagaland,,,,26.233444,94.795278,,,,uploaded landslide_report.pdf
25390,NAG/WOK/83J/4/2016/0049,Nagaland,,,,26.234722,94.21525,,,,uploaded landslide_report.pdf
25391,NAG/TUN/83J16/2016/0044,Nagaland,,,,26.234778,94.782333,,,,uploaded landslide_report.pdf
25392,NAG/WOK/83J/4/2016/0050,Nagaland,,,,26.235278,94.215556,,,,uploaded landslide_report.pdf
25393,NAG/WOK/83J/4/2016/0051,Nagaland,,,,26.235639,94.213417,,,,uploaded landslide_report.pdf
25394,NAG/TUN/83J16/2016/0042,Nagaland,,,,26.235678,94.942004,,,,uploaded landslide_report.pdf
25395,NAG/TUN/83J16/2016/0030,Nagaland,,,,30.0,94.805011,,,,uploaded landslide_report.pdf
25396,NAG/WOK/83J/4/2016/0052,Nagaland,,,,26.236111,94.212639,,,,uploaded landslide_report.pdf
25397,NAG/TUN/83J16/2016/0029,Nagaland,,,,29.0,94.809694,,,,uploaded landslide_report.pdf
25398,NAG/WOK/83J/4/2016/0054,Nagaland,,,,26.236336,94.212222,,,,uploaded landslide_report.pdf
25399,NAG/WOK/83J/4/2016/0055,Nagaland,,,,26.23675,94.209639,,,,uploaded landslide_report.pdf
25400,NAG/WOK/83J/4/2016/0053,Nagaland,,,,26.237,94.212611,,,,uploaded landslide_report.pdf
25401,NAG/WOK/83J/4/2016/0056,Nagaland,,,,26.237861,94.205028,,,,uploaded landslide_report.pdf
25402,NAG/WOK/83J/4/2016/0057,Nagaland,,,,26.238694,94.203944,,,,uploaded landslide_report.pdf
25403,NG/TUE/83N4/2017/15,Nagaland,,,,26.239056,95.058194,,,,uploaded landslide_report.pdf
25404,NAG/WOK/83J/4/2016/0059,Nagaland,,,,26.239167,94.200611,,,,uploaded landslide_report.pdf
25405,NAG/WOK/83J/4/2016/0114,Nagaland,,,,26.239167,94.071111,,,,uploaded landslide_report.pdf
25406,NAG/WOK/83J/4/2016/0058,Nagaland,,,,26.23925,94.202222,,,,uploaded landslide_report.pdf
25407,NG/TUE/83N4/2017/16,Nagaland,,,,26.239444,95.0655,,,,uploaded landslide_report.pdf
25408,NG/TUE/83N4/2017/17,Nagaland,,,,26.240556,95.065694,,,,uploaded landslide_report.pdf
25409,NG/TUE/83N4/2017/14,Nagaland,,,,26.24075,95.056722,,,,uploaded landslide_report.pdf
25410,NAG/TUE/83J16/2009/F-5,Nagaland,,,,26.24139,94.82056,,,,uploaded landslide_report.pdf
25411,NG/TUE/83N4/2017/13,Nagaland,,,,26.242944,95.048417,,,,uploaded landslide_report.pdf
25412,NG/TUE/83N4/2017/18,Nagaland,,,,26.24325,95.073167,,,,uploaded landslide_report.pdf
25414,NAG/TUN/83J16/2016/0052,Nagaland,,,,26.249,94.819778,,,,uploaded landslide_report.pdf
25415,NG/TUE/83J15/2017/55,Nagaland,,,,26.251111,94.808889,,,,uploaded landslide_report.pdf
25416,NG/TUE/83N3/2017/6,Nagaland,,,,26.251778,95.072111,,,,uploaded landslide_report.pdf
25418,NG/TUE/83N3/2017/8,Nagaland,,,,26.256833,95.096639,,,,uploaded landslide_report.pdf
25419,NG/TUE/83N3/2017/9,Nagaland,,,,26.257028,95.099528,,,,uploaded landslide_report.pdf
25420,NG/TUE/83J15/2017/14,Nagaland,,,,26.258889,94.8175,,,,uploaded landslide_report.pdf
25421,NG/TUE/83N3/2017/7,Nagaland,,,,26.259083,95.085972,,,,uploaded landslide_report.pdf
25422,NA/WOK/83J03/2020/9,Nagaland,,,,26.26,94.15,,,,uploaded landslide_report.pdf
25423,NA/WOK/83J03/2020/10,Nagaland,,,,26.26,94.15,,,,uploaded landslide_report.pdf
25424,NG/NOK/83N3/2017/21,Nagaland,,,,21.0,95.104806,,,,uploaded landslide_report.pdf
25425,NG/TUE/83J15/2017/4,Nagaland,,,,26.260556,94.813333,,,,uploaded landslide_report.pdf
25426,NG/TUE/83J15/2017/5,Nagaland,,,,26.260556,94.809444,,,,uploaded landslide_report.pdf
25427,NG/TUE/83J15/2017/54,Nagaland,,,,26.260556,94.813333,,,,uploaded landslide_report.pdf
25428,NG/TUE/83J15/2017/6,Nagaland,,,,26.261111,94.809444,,,,uploaded landslide_report.pdf
25429,NG/NOK/83N3/2017/22,Nagaland,,,,22.0,95.103444,,,,uploaded landslide_report.pdf
25430,NG/NOK/83N3/2017/20,Nagaland,,,,20.0,95.084667,,,,uploaded landslide_report.pdf
25431,NG/TUE/83J15/2017/7,Nagaland,,,,26.263889,94.812222,,,,uploaded landslide_report.pdf
25432,NG/TUE/83J15/2017/53,Nagaland,,,,26.264444,94.815556,,,,uploaded landslide_report.pdf
25433,NA/WOK/83J03/2020/8,Nagaland,,,,26.27,94.14,,,,uploaded landslide_report.pdf
25434,NAG/TUE/83J11/2009/F-9,Nagaland,,,,26.27028,94.75,,,,uploaded landslide_report.pdf
25435,NAG/MOK/83J/7/2016/0003,Nagaland,,,,26.271389,94.453972,,,,uploaded landslide_report.pdf
25438,NG/TUE/83J15/2017/8,Nagaland,,,,26.273333,94.83,,,,uploaded landslide_report.pdf
25439,NG/TUE/83J15/2017/24,Nagaland,,,,24.0,94.770278,,,,uploaded landslide_report.pdf
25440,NG/TUE/83J15/2017/16,Nagaland,,,,26.275167,94.770472,,,,uploaded landslide_report.pdf
25442,Nagaland/Wokha/83J03/2019/0,Nagaland,,,,26.27647222,94.13175,,,,uploaded landslide_report.pdf
25443,NG/TUE/83J15/2017/15,Nagaland,,,,26.276667,94.8275,,,,uploaded landslide_report.pdf
25444,NA/WOK/83J03/2020/6,Nagaland,,,,26.28,94.13,,,,uploaded landslide_report.pdf
25445,NA/WOK/83J03/2020/7,Nagaland,,,,26.28,94.13,,,,uploaded landslide_report.pdf
25446,NAG/MOK/83J/7/2016/0004,Nagaland,,,,26.282667,94.475667,,,,uploaded landslide_report.pdf
25447,NAG/MOK/83J/7/2016/0001,Nagaland,,,,26.286222,94.364167,,,,uploaded landslide_report.pdf
25448,NA/WOK/83J03/2020/2,Nagaland,,,,26.29,94.11,,,,uploaded landslide_report.pdf
25449,NA/WOK/83J03/2020/4,Nagaland,,,,26.29,94.11,,,,uploaded landslide_report.pdf
25450,NA/WOK/83J03/2020/5,Nagaland,,,,26.29,94.11,,,,uploaded landslide_report.pdf
25451,NAG/MOK/83J/7/2016/0002,Nagaland,,,,26.2905,94.393222,,,,uploaded landslide_report.pdf
25452,NG/TUE/83J15/2017/17,Nagaland,,,,26.293056,94.839167,,,,uploaded landslide_report.pdf
25453,NAG/WOK/83J/7/2016/0095,Nagaland,,,,26.29325,94.251806,,,,uploaded landslide_report.pdf
25454,NG/TUE/83J15/2017/23,Nagaland,,,,23.0,94.835556,,,,uploaded landslide_report.pdf
25455,NAG/WOK/83J/7/2016/0096,Nagaland,,,,26.299889,94.249667,,,,uploaded landslide_report.pdf
25456,NA/WOK/83J03/2020/1,Nagaland,,,,26.3,94.11,,,,uploaded landslide_report.pdf
25457,NA/WOK/83J03/2020/3,Nagaland,,,,26.3,94.11,,,,uploaded landslide_report.pdf
25458,NG/TUE/83J15/2017/18,Nagaland,,,,26.300556,94.844722,,,,uploaded landslide_report.pdf
25464,NG/TUE/83J15/2017/38,Nagaland,,,,26.305833,94.875833,,,,uploaded landslide_report.pdf
25465,NG/TUE/83J15/2017/1,Nagaland,,,,26.311944,94.877778,,,,uploaded landslide_report.pdf
25466,NAG/MOK/83J/7/2016/0010,Nagaland,,,,26.316056,94.403972,,,,uploaded landslide_report.pdf
25467,NG/TUE/83J15/2017/19,Nagaland,,,,26.317778,94.849722,,,,uploaded landslide_report.pdf
25468,NAG/MOK/83J/7/2016/0005,Nagaland,,,,26.318806,94.453611,,,,uploaded landslide_report.pdf
25469,NAG/MOK/83J/7/2016/0009,Nagaland,,,,26.320639,94.398806,,,,uploaded landslide_report.pdf
25473,NG/TUE/83J15/2017/2,Nagaland,,,,26.326111,94.866111,,,,uploaded landslide_report.pdf
25474,NG/TUE/83J15/2017/20,Nagaland,,,,20.0,94.858056,,,,uploaded landslide_report.pdf
25475,NG/TUE/83J15/2017/3,Nagaland,,,,26.326944,94.896667,,,,uploaded landslide_report.pdf
25477,NG/MON/83J15/2017/9,Nagaland,,,,26.3275,94.917222,,,,uploaded landslide_report.pdf
25479,NAG/WOK/83J/7/2016/0094,Nagaland,,,,26.33,94.279833,,,,uploaded landslide_report.pdf
25480,NG/TUE/83J15/2017/22,Nagaland,,,,22.0,94.875833,,,,uploaded landslide_report.pdf
25481,NAG/WOK/83J/7/2016/0093,Nagaland,,,,26.331028,94.279167,,,,uploaded landslide_report.pdf
25482,NAG/WOK/83J/7/2016/0092,Nagaland,,,,26.331333,94.280389,,,,uploaded landslide_report.pdf
25483,NAG/WOK/83J/7/2016/0091,Nagaland,,,,26.333833,94.284333,,,,uploaded landslide_report.pdf
25484,NG/TUE/83J15/2017/21,Nagaland,,,,21.0,94.866944,,,,uploaded landslide_report.pdf
25485,NG/MON/83J15/2017/13,Nagaland,,,,26.336667,94.9275,,,,uploaded landslide_report.pdf
25486,NG/MON/83J15/2017/10,Nagaland,,,,26.337778,94.929167,,,,uploaded landslide_report.pdf
25487,NAG/TUE/83J15/2009/F-14,Nagaland,,,,26.34417,94.83333,,,,uploaded landslide_report.pdf
25488,NG/MON/83J15/2017/12,Nagaland,,,,26.359722,94.935556,,,,uploaded landslide_report.pdf
25489,NG/MON/83J15/2017/11,Nagaland,,,,26.360556,94.933056,,,,uploaded landslide_report.pdf
25490,NAG/TUE/83J15/2009/F-13,Nagaland,,,,26.36083,94.84,,,,uploaded landslide_report.pdf
25491,NAG/MOK/83J/7/2016/0006,Nagaland,,,,26.367056,94.472861,,,,uploaded landslide_report.pdf
25493,NG/TUE/83J15/2017/40,Nagaland,,,,26.371667,94.943333,,,,uploaded landslide_report.pdf
25494,NG/MON/83N3/2017/16,Nagaland,,,,26.37175,95.000806,,,,uploaded landslide_report.pdf
25496,NG/TUE/83J15/2017/41,Nagaland,,,,26.373056,94.941389,,,,uploaded landslide_report.pdf
25497,NG/TUE/83J15/2017/39,Nagaland,,,,26.375278,94.936389,,,,uploaded landslide_report.pdf
25498,NAG/MOK/83J/7/2016/0007,Nagaland,,,,26.376,94.463389,,,,uploaded landslide_report.pdf
25499,NAG/TUE/83J15/2009/F-12,Nagaland,,,,26.37639,94.84056,,,,uploaded landslide_report.pdf
25500,NG/MON/83N3/2017/18,Nagaland,,,,26.3765,95.011139,,,,uploaded landslide_report.pdf
25501,NG/MON/83N3/2017/19,Nagaland,,,,26.378222,95.009,,,,uploaded landslide_report.pdf
25502,NAG/MOK/83J/7/2016/0008,Nagaland,,,,26.379167,94.44625,,,,uploaded landslide_report.pdf
25503,NG/MON/83N3/2017/17,Nagaland,,,,26.379361,95.003444,,,,uploaded landslide_report.pdf
25505,NAG/TUE/83J15/2009/F-10,Nagaland,,,,26.38778,94.82583,,,,uploaded landslide_report.pdf
25506,NAG/TUE/83J15/2009/F-11,Nagaland,,,,26.38778,94.82583,,,,uploaded landslide_report.pdf
25507,NAG/MOK/83J/7/2016/0014,Nagaland,,,,26.389028,94.434889,,,,uploaded landslide_report.pdf
25508,NAG/MOK/83J/7/2016/0015,Nagaland,,,,26.389028,94.434556,,,,uploaded landslide_report.pdf
25510,NG/TUE/83J15/2017/42,Nagaland,,,,26.389722,94.920556,,,,uploaded landslide_report.pdf
25512,NAG/MOK/83J/7/2016/0013,Nagaland,,,,26.390833,94.437417,,,,uploaded landslide_report.pdf
25513,NL/MON/83J15/2014/08,Nagaland,,,,26.39094,94.94406,,,,uploaded landslide_report.pdf
25514,NAG/MOK/83J/7/2016/0012,Nagaland,,,,26.390972,94.438111,,,,uploaded landslide_report.pdf
25516,NG/TUE/83J15/2017/43,Nagaland,,,,26.3925,94.918611,,,,uploaded landslide_report.pdf
25517,NG/TUE/83J15/2017/44,Nagaland,,,,26.393889,94.919444,,,,uploaded landslide_report.pdf
25519,NAG/MOK/83J/7/2016/0016,Nagaland,,,,26.39425,94.444333,,,,uploaded landslide_report.pdf
25520,NAG/MOK/83J/7/2016/0017,Nagaland,,,,26.395139,94.451194,,,,uploaded landslide_report.pdf
25521,NAG/MOK/83J/7/2016/0011,Nagaland,,,,26.395389,94.454528,,,,uploaded landslide_report.pdf
25522,NAG/MOK/83J/7/2016/0018,Nagaland,,,,26.395944,94.460056,,,,uploaded landslide_report.pdf
25523,NL/MON/83J15/2014/09,Nagaland,,,,26.39936,94.94553,,,,uploaded landslide_report.pdf
25524,NG/LON/83J15/2017/35,Nagaland,,,,26.404167,94.870278,,,,uploaded landslide_report.pdf
25525,NL/MON/83J15/2014/10,Nagaland,,,,26.40653,94.95814,,,,uploaded landslide_report.pdf
25526,NL/MON/83J15/2014/11,Nagaland,,,,26.40908,94.96308,,,,uploaded landslide_report.pdf
25527,NA/MOK/83J07/2020/6,Nagaland,,,,26.41,94.37,,,,uploaded landslide_report.pdf
25528,NA/MOK/83J07/2020/7,Nagaland,,,,29.0,94.37,,,,uploaded landslide_report.pdf
25529,NG/TUE/83J15/2017/45,Nagaland,,,,26.410556,94.961944,,,,uploaded landslide_report.pdf
25531,NG/MON/83N3/2017/15,Nagaland,,,,26.413056,95.048278,,,,uploaded landslide_report.pdf
25532,NG/MON/83N3/2017/14,Nagaland,,,,26.415417,95.053667,,,,uploaded landslide_report.pdf
25533,NG/TUE/83J15/2017/49,Nagaland,,,,26.417222,94.960833,,,,uploaded landslide_report.pdf
25534,NG/TUE/83J15/2017/50,Nagaland,,,,26.4175,94.960278,,,,uploaded landslide_report.pdf
25535,NG/TUE/83J15/2017/51,Nagaland,,,,26.418333,94.967778,,,,uploaded landslide_report.pdf
25536,NG/TUE/83J15/2017/52,Nagaland,,,,26.418333,94.968056,,,,uploaded landslide_report.pdf
25537,NG/TUE/83J15/2017/48,Nagaland,,,,26.418611,94.966111,,,,uploaded landslide_report.pdf
25538,NL/MON/83J15/2014/12,Nagaland,,,,26.41931,94.97369,,,,uploaded landslide_report.pdf
25539,NA/MOK/83J07/2020/5,Nagaland,,,,26.42,94.38,,,,uploaded landslide_report.pdf
25540,NG/MON/83N3/2017/13,Nagaland,,,,26.420167,95.053833,,,,uploaded landslide_report.pdf
25541,NG/TUE/83J15/2017/47,Nagaland,,,,26.420556,94.973056,,,,uploaded landslide_report.pdf
25542,NG/TUE/83J15/2017/46,Nagaland,,,,26.421389,94.975,,,,uploaded landslide_report.pdf
25543,NG/MON/83N3/2017/1,Nagaland,,,,26.421667,95.011306,,,,uploaded landslide_report.pdf
25544,NG/LON/83J15/2017/36,Nagaland,,,,26.424167,94.863889,,,,uploaded landslide_report.pdf
25546,NG/MON/83N3/2017/2,Nagaland,,,,26.425222,95.021694,,,,uploaded landslide_report.pdf
25550,NG/MON/83N3/2017/12,Nagaland,,,,26.427222,95.052389,,,,uploaded landslide_report.pdf
25552,NG/MON/83N3/2017/3,Nagaland,,,,26.4285,95.0185,,,,uploaded landslide_report.pdf
25554,NA/MOK/83J07/2020/4,Nagaland,,,,26.43,94.38,,,,uploaded landslide_report.pdf
25556,NG/MON/83N3/2017/11,Nagaland,,,,26.431639,95.048417,,,,uploaded landslide_report.pdf
25557,NG/LON/83J15/2017/34,Nagaland,,,,26.433889,94.864444,,,,uploaded landslide_report.pdf
25558,NG/LON/83J15/2017/33,Nagaland,,,,26.434722,94.863056,,,,uploaded landslide_report.pdf
25559,NG/LON/83J15/2017/32,Nagaland,,,,26.435278,94.863333,,,,uploaded landslide_report.pdf
25560,NG/LON/83J15/2017/31,Nagaland,,,,26.435556,94.863056,,,,uploaded landslide_report.pdf
25561,NG/MON/83N3/2017/5,Nagaland,,,,26.439389,95.031806,,,,uploaded landslide_report.pdf
25562,NG/MON/83N3/2017/4,Nagaland,,,,26.439528,95.032278,,,,uploaded landslide_report.pdf
25563,NG/MON/83N3/2017/10,Nagaland,,,,26.441056,95.046111,,,,uploaded landslide_report.pdf
25564,NG/LON/83J15/2017/30,Nagaland,,,,30.0,94.852222,,,,uploaded landslide_report.pdf
25565,NG/LON/83J15/2017/28,Nagaland,,,,28.0,94.855,,,,uploaded landslide_report.pdf
25566,NG/LON/83J15/2017/29,Nagaland,,,,29.0,94.8575,,,,uploaded landslide_report.pdf
25567,NG/LON/83J15/2017/37,Nagaland,,,,26.468611,94.806389,,,,uploaded landslide_report.pdf
25568,NAG/MOK/83J/7/2016/0020,Nagaland,,,,20.0,94.454667,,,,uploaded landslide_report.pdf
25569,NAG/MOK/83J/7/2016/0019,Nagaland,,,,26.475333,94.454833,,,,uploaded landslide_report.pdf
25571,NAG/MOK/83J/7/2016/0021,Nagaland,,,,21.0,94.448389,,,,uploaded landslide_report.pdf
25572,NG/LON/83J15/2017/26,Nagaland,,,,26.0,94.821389,,,,uploaded landslide_report.pdf
25573,NA/MOK/83J07/2020/1,Nagaland,,,,26.49,94.37,,,,uploaded landslide_report.pdf
25574,NA/MOK/83J07/2020/2,Nagaland,,,,26.49,94.36,,,,uploaded landslide_report.pdf
25575,NA/MOK/83J07/2020/3,Nagaland,,,,26.49,94.36,,,,uploaded landslide_report.pdf
25576,NG/LON/83J15/2017/25,Nagaland,,,,25.0,94.82,,,,uploaded landslide_report.pdf
25577,NG/LON/83J15/2017/27,Nagaland,,,,27.0,94.824444,,,,uploaded landslide_report.pdf
25578,NG/LON/83J14/2017/1,Nagaland,,,,26.494722,94.824722,,,,uploaded landslide_report.pdf
25579,NA/MOK/83J06/2020/21,Nagaland,,,,21.0,94.43,,,,uploaded landslide_report.pdf
25580,NG/MOK/83J10/2017/1,Nagaland,,,,26.504917,94.662417,,,,uploaded landslide_report.pdf
25581,NG/LON/83J14/2017/5,Nagaland,,,,26.506111,94.794167,,,,uploaded landslide_report.pdf
25582,NG/LON/83J14/2017/4,Nagaland,,,,26.506389,94.796111,,,,uploaded landslide_report.pdf
25583,NG/LON/83J14/2017/6,Nagaland,,,,26.506389,94.787222,,,,uploaded landslide_report.pdf
25584,NG/LON/83J14/2017/2,Nagaland,,,,26.510833,94.836944,,,,uploaded landslide_report.pdf
25585,NG/LON/83J14/2017/7,Nagaland,,,,26.516111,94.785833,,,,uploaded landslide_report.pdf
25586,NG/LON/83J14/2017/3,Nagaland,,,,26.529444,94.837778,,,,uploaded landslide_report.pdf
25587,NG/LON/83J14/2017/8,Nagaland,,,,26.535556,94.788056,,,,uploaded landslide_report.pdf
25588,NA/MOK/83J06/2020/22,Nagaland,,,,22.0,94.44,,,,uploaded landslide_report.pdf
25589,NG/MON/83J14/2017/22,Nagaland,,,,22.0,94.946389,,,,uploaded landslide_report.pdf
25590,NG/MON/83J14/2017/21,Nagaland,,,,21.0,94.944167,,,,uploaded landslide_report.pdf
25591,NG/MON/83J14/2017/20,Nagaland,,,,20.0,94.941389,,,,uploaded landslide_report.pdf
25592,NG/MON/83N2/2017/45,Nagaland,,,,26.547167,95.092167,,,,uploaded landslide_report.pdf
25593,NG/MON/83N2/2017/44,Nagaland,,,,26.548056,95.0905,,,,uploaded landslide_report.pdf
25594,NA/MOK/83J06/2020/23,Nagaland,,,,23.0,94.44,,,,uploaded landslide_report.pdf
25595,NA/MOK/83J06/2020/24,Nagaland,,,,24.0,94.44,,,,uploaded landslide_report.pdf
25596,NG/MON/83N2/2017/48,Nagaland,,,,26.550472,95.101889,,,,uploaded landslide_report.pdf
25597,NG/MON/83N2/2017/47,Nagaland,,,,26.550528,95.099583,,,,uploaded landslide_report.pdf
25598,NG/MON/83N2/2017/46,Nagaland,,,,26.55075,95.098083,,,,uploaded landslide_report.pdf
25599,NG/LON/83J14/2017/9,Nagaland,,,,26.551111,94.79,,,,uploaded landslide_report.pdf
25600,NG/LON/83J14/2017/10,Nagaland,,,,26.552222,94.788611,,,,uploaded landslide_report.pdf
25601,NG/MON/83J14/2017/23,Nagaland,,,,23.0,94.9525,,,,uploaded landslide_report.pdf
25602,NG/MOK/83J10/2017/2,Nagaland,,,,26.556,94.680167,,,,uploaded landslide_report.pdf
25603,NG/LON/83J14/2017/11,Nagaland,,,,26.556111,94.783333,,,,uploaded landslide_report.pdf
25604,NG/MOK/83J10/2017/7,Nagaland,,,,26.556861,94.680944,,,,uploaded landslide_report.pdf
25605,NG/MON/83N2/2017/49,Nagaland,,,,26.5585,95.097417,,,,uploaded landslide_report.pdf
25606,NG/MOK/83J10/2017/8,Nagaland,,,,26.561861,94.686611,,,,uploaded landslide_report.pdf
25607,NG/LON/83J14/2017/12,Nagaland,,,,26.562222,94.773056,,,,uploaded landslide_report.pdf
25608,NG/MON/83N2/2017/50,Nagaland,,,,26.563667,95.090139,,,,uploaded landslide_report.pdf
25609,NG/MON/83N2/2017/51,Nagaland,,,,26.571222,95.096361,,,,uploaded landslide_report.pdf
25610,NG/MON/83N2/2017/53,Nagaland,,,,26.571417,95.0985,,,,uploaded landslide_report.pdf
25611,NG/MON/83N2/2017/52,Nagaland,,,,26.5715,95.097639,,,,uploaded landslide_report.pdf
25612,NG/MON/83N2/2017/54,Nagaland,,,,26.572889,95.098944,,,,uploaded landslide_report.pdf
25613,NG/MON/83N2/2017/39,Nagaland,,,,26.57625,95.095842,,,,uploaded landslide_report.pdf
25614,NG/MON/83N2/2017/42,Nagaland,,,,26.576417,95.092972,,,,uploaded landslide_report.pdf
25615,NG/MON/83N2/2017/55,Nagaland,,,,26.576806,95.096889,,,,uploaded landslide_report.pdf
25616,NG/MON/83N2/2017/41,Nagaland,,,,26.57725,95.095694,,,,uploaded landslide_report.pdf
25617,NG/MON/83N2/2017/40,Nagaland,,,,26.577389,95.096306,,,,uploaded landslide_report.pdf
25618,NG/MON/83N2/2017/59,Nagaland,,,,26.578028,95.028278,,,,uploaded landslide_report.pdf
25619,NG/MON/83N2/2017/43,Nagaland,,,,26.580667,95.093056,,,,uploaded landslide_report.pdf
25620,NG/MON/83N2/2017/58,Nagaland,,,,26.582861,95.020306,,,,uploaded landslide_report.pdf
25621,NG/MOK/83J10/2017/24,Nagaland,,,,24.0,94.549111,,,,uploaded landslide_report.pdf
25622,NG/MON/83N2/2017/57,Nagaland,,,,26.588806,95.017667,,,,uploaded landslide_report.pdf
25623,NG/MON/83J14/2017/18,Nagaland,,,,26.59,94.983056,,,,uploaded landslide_report.pdf
25624,NG/LON/83J14/2017/13,Nagaland,,,,26.590556,94.764167,,,,uploaded landslide_report.pdf
25625,NG/MON/83N2/2017/56,Nagaland,,,,26.592167,95.012111,,,,uploaded landslide_report.pdf
25626,NG/MON/83J14/2017/19,Nagaland,,,,26.596389,94.990833,,,,uploaded landslide_report.pdf
25627,NA/MOK/83J06/2020/25,Nagaland,,,,25.0,94.49,,,,uploaded landslide_report.pdf
25628,NG/MOK/83J10/2017/9,Nagaland,,,,26.608167,94.645139,,,,uploaded landslide_report.pdf
25629,NA/MOK/83J06/2020/27,Nagaland,,,,27.0,94.5,,,,uploaded landslide_report.pdf
25630,NA/MOK/83J06/2020/26,Nagaland,,,,26.0,94.5,,,,uploaded landslide_report.pdf
25631,NG/MON/83N2/2017/33,Nagaland,,,,26.62125,95.12575,,,,uploaded landslide_report.pdf
25632,NG/MON/83J14/2017/17,Nagaland,,,,26.625556,94.970833,,,,uploaded landslide_report.pdf
25633,NG/MON/83N2/2017/34,Nagaland,,,,26.62625,95.120139,,,,uploaded landslide_report.pdf
25634,NG/MOK/83J10/2017/18,Nagaland,,,,26.635667,94.703611,,,,uploaded landslide_report.pdf
25635,NG/MON/83J14/2017/16,Nagaland,,,,26.637222,94.981389,,,,uploaded landslide_report.pdf
25636,NG/MON/83N2/2017/35,Nagaland,,,,26.638861,95.123333,,,,uploaded landslide_report.pdf
25637,NG/MON/83J14/2017/15,Nagaland,,,,26.639167,94.989444,,,,uploaded landslide_report.pdf
25638,NG/MON/83N2/2017/60,Nagaland,,,,26.639472,95.075083,,,,uploaded landslide_report.pdf
25639,NG/MON/83J14/2017/14,Nagaland,,,,26.641111,94.990278,,,,uploaded landslide_report.pdf
25640,NG/MON/83N2/2017/61,Nagaland,,,,26.641861,95.07475,,,,uploaded landslide_report.pdf
25641,NG/MON/83N2/2017/62,Nagaland,,,,26.642694,95.075306,,,,uploaded landslide_report.pdf
25642,NG/MON/83N2/2017/63,Nagaland,,,,26.6435,95.075444,,,,uploaded landslide_report.pdf
25643,NG/MON/83N2/2017/64,Nagaland,,,,26.644083,95.075167,,,,uploaded landslide_report.pdf
25644,NG/MON/83N2/2017/65,Nagaland,,,,26.646917,95.074944,,,,uploaded landslide_report.pdf
25645,NG/MON/83N2/2017/36,Nagaland,,,,26.650333,95.125194,,,,uploaded landslide_report.pdf
25646,NG/MON/83N2/2017/37,Nagaland,,,,26.651389,95.12525,,,,uploaded landslide_report.pdf
25647,NG/MON/83N2/2017/66,Nagaland,,,,26.6575,95.012028,,,,uploaded landslide_report.pdf
25648,NAG/MOK/83J10/2017/26,Nagaland,,,,26.0,94.617083,,,,uploaded landslide_report.pdf
25649,NG/MON/83N2/2017/30,Nagaland,,,,30.0,95.200833,,,,uploaded landslide_report.pdf
25650,NG/MON/83N2/2017/29,Nagaland,,,,29.0,95.203583,,,,uploaded landslide_report.pdf
25651,NG/MOK/83J10/2017/25,Nagaland,,,,25.0,94.614028,,,,uploaded landslide_report.pdf
25652,NG/MOK/83J10/2017/3,Nagaland,,,,26.673278,94.743833,,,,uploaded landslide_report.pdf
25653,NG/MOK/83J10/2017/6,Nagaland,,,,26.673639,94.744139,,,,uploaded landslide_report.pdf
25654,NG/MOK/83J10/2017/4,Nagaland,,,,26.674139,94.74625,,,,uploaded landslide_report.pdf
25655,NG/MOK/83J10/2017/5,Nagaland,,,,26.674306,94.746306,,,,uploaded landslide_report.pdf
25656,NG/MON/83N2/2017/31,Nagaland,,,,26.678833,95.19475,,,,uploaded landslide_report.pdf
25657,NG/MOK/83J10/2017/21,Nagaland,,,,21.0,94.534661,,,,uploaded landslide_report.pdf
25658,NG/MOK/83J10/2017/10,Nagaland,,,,26.680722,94.639306,,,,uploaded landslide_report.pdf
25659,NG/MOK/83J10/2017/11,Nagaland,,,,26.684139,94.639083,,,,uploaded landslide_report.pdf
25660,NG/MOK/83J10/2017/22,Nagaland,,,,22.0,94.544,,,,uploaded landslide_report.pdf
25661,NG/MOK/83J10/2017/23,Nagaland,,,,23.0,94.546019,,,,uploaded landslide_report.pdf
25662,NG/MON/83N2/2017/32,Nagaland,,,,26.693167,95.17475,,,,uploaded landslide_report.pdf
25663,NG/MON/83N2/2017/21,Nagaland,,,,21.0,95.07275,,,,uploaded landslide_report.pdf
25664,NG/MOK/83J10/2017/12,Nagaland,,,,26.695194,94.636194,,,,uploaded landslide_report.pdf
25665,NG/MON/83N2/2017/20,Nagaland,,,,20.0,95.077083,,,,uploaded landslide_report.pdf
25666,NG/MOK/83J10/2017/13,Nagaland,,,,26.697833,94.635056,,,,uploaded landslide_report.pdf
25667,NG/MOK/83J10/2017/14,Nagaland,,,,26.698583,94.635167,,,,uploaded landslide_report.pdf
25668,NG/MON/83N2/2017/22,Nagaland,,,,22.0,95.079417,,,,uploaded landslide_report.pdf
25669,NL/MOK/83J10/2014/05,Nagaland,,,,26.70069,94.64383,,,,uploaded landslide_report.pdf
25670,NG/MOK/83J10/2017/15,Nagaland,,,,26.701222,94.635083,,,,uploaded landslide_report.pdf
25671,NG/MON/83N2/2017/23,Nagaland,,,,23.0,95.079361,,,,uploaded landslide_report.pdf
25672,NG/MOK/83J10/2017/16,Nagaland,,,,26.703194,94.633917,,,,uploaded landslide_report.pdf
25673,NG/MON/83N2/2017/19,Nagaland,,,,26.706028,95.078361,,,,uploaded landslide_report.pdf
25674,NG/MON/83N2/2017/38,Nagaland,,,,26.706194,95.110333,,,,uploaded landslide_report.pdf
25675,NG/MOK/83J10/2017/17,Nagaland,,,,26.706389,94.631167,,,,uploaded landslide_report.pdf
25676,NL/MOK/83J10/2014/06,Nagaland,,,,26.70675,94.70475,,,,uploaded landslide_report.pdf
25677,NL/MOK/83J10/2014/07,Nagaland,,,,26.70744,94.70858,,,,uploaded landslide_report.pdf
25678,NG/MON/83N2/2017/67,Nagaland,,,,26.710611,95.020278,,,,uploaded landslide_report.pdf
25679,NG/MON/83N2/2017/9,Nagaland,,,,26.711222,95.074222,,,,uploaded landslide_report.pdf
25680,NG/MON/83N2/2017/70,Nagaland,,,,26.71125,95.016722,,,,uploaded landslide_report.pdf
25681,NG/MON/83N2/2017/68,Nagaland,,,,26.711639,95.014944,,,,uploaded landslide_report.pdf
25682,NG/MON/83N2/2017/69,Nagaland,,,,26.712306,95.012583,,,,uploaded landslide_report.pdf
25683,NG/MON/83N2/2017/5,Nagaland,,,,26.7175,95.03125,,,,uploaded landslide_report.pdf
25684,NG/MON/83N2/2017/4,Nagaland,,,,26.718556,95.033222,,,,uploaded landslide_report.pdf
25685,NG/MOK/83J10/2017/20,Nagaland,,,,20.0,94.657528,,,,uploaded landslide_report.pdf
25686,NG/MOK/83J10/2017/19,Nagaland,,,,26.719417,94.660667,,,,uploaded landslide_report.pdf
25687,NG/MON/83N2/2017/10,Nagaland,,,,26.722722,95.043361,,,,uploaded landslide_report.pdf
25688,NG/MON/83N2/2017/16,Nagaland,,,,26.723,95.029139,,,,uploaded landslide_report.pdf
25689,NG/MON/83N2/2017/11,Nagaland,,,,26.724278,95.042833,,,,uploaded landslide_report.pdf
25690,NG/MON/83N2/2017/12,Nagaland,,,,26.724278,95.042833,,,,uploaded landslide_report.pdf
25691,NG/MON/83N2/2017/6,Nagaland,,,,26.724639,95.031528,,,,uploaded landslide_report.pdf
25692,NG/MON/83N2/2017/7,Nagaland,,,,26.724833,95.025861,,,,uploaded landslide_report.pdf
25693,NG/MON/83N2/2017/17,Nagaland,,,,26.725083,95.023861,,,,uploaded landslide_report.pdf
25694,NG/MON/83N2/2017/18,Nagaland,,,,26.725444,95.022,,,,uploaded landslide_report.pdf
25695,NG/MON/83N2/2017/8,Nagaland,,,,26.726667,95.027278,,,,uploaded landslide_report.pdf
25696,NG/MON/83N2/2017/1,Nagaland,,,,26.727722,95.033056,,,,uploaded landslide_report.pdf
25697,NG/MON/83N2/2017/13,Nagaland,,,,26.727889,95.040389,,,,uploaded landslide_report.pdf
25698,NG/MON/83N2/2017/15,Nagaland,,,,26.728167,95.029889,,,,uploaded landslide_report.pdf
25699,NG/MON/83N2/2017/2,Nagaland,,,,26.728556,95.031944,,,,uploaded landslide_report.pdf
25700,NG/MON/83N2/2017/3,Nagaland,,,,26.728556,95.032306,,,,uploaded landslide_report.pdf
25701,NG/MON/83N2/2017/14,Nagaland,,,,26.72875,95.031194,,,,uploaded landslide_report.pdf
25702,NG/MON/83N2/2017/24,Nagaland,,,,24.0,95.018778,,,,uploaded landslide_report.pdf
25703,NG/MON/83N2/2017/26,Nagaland,,,,26.0,95.02025,,,,uploaded landslide_report.pdf
25704,NG/MON/83N2/2017/25,Nagaland,,,,25.0,95.018361,,,,uploaded landslide_report.pdf
25705,NG/MON/83N2/2017/28,Nagaland,,,,28.0,95.055722,,,,uploaded landslide_report.pdf
25706,NG/MON/83N2/2017/27,Nagaland,,,,27.0,95.062,,,,uploaded landslide_report.pdf
25707,NG/MON/83J14/2017/24,Nagaland,,,,24.0,94.999444,,,,uploaded landslide_report.pdf
25708,NG/TUE/83J14/2017/25,Nagaland,,,,25.0,94.827222,,,,uploaded landslide_report.pdf
25709,NG/MON/83N01/2017/1,Nagaland,,,,26.749972,95.064389,,,,uploaded landslide_report.pdf
25710,NG/MON/83N01/2017/2,Nagaland,,,,26.750028,95.064417,,,,uploaded landslide_report.pdf
25711,NG/MON/83N01/2017/10,Nagaland,,,,26.758056,95.11175,,,,uploaded landslide_report.pdf
25712,NG/MON/83N01/2017/72,Nagaland,,,,26.758306,94.955806,,,,uploaded landslide_report.pdf
25713,NG/MON/83N01/2017/9,Nagaland,,,,26.758306,95.112889,,,,uploaded landslide_report.pdf
25714,NG/MON/83N01/2017/11,Nagaland,,,,26.759167,95.110972,,,,uploaded landslide_report.pdf
25715,NG/MON/83N01/2017/12,Nagaland,,,,26.759389,95.108944,,,,uploaded landslide_report.pdf
25716,NG/MON/83N01/2017/13,Nagaland,,,,26.760194,95.107778,,,,uploaded landslide_report.pdf
25717,NG/MON/83N01/2017/14,Nagaland,,,,26.767972,95.087028,,,,uploaded landslide_report.pdf
25718,NG/MON/83N01/2017/15,Nagaland,,,,26.768667,95.086222,,,,uploaded landslide_report.pdf
25719,NG/MON/83N01/2017/16,Nagaland,,,,26.768833,95.086194,,,,uploaded landslide_report.pdf
25720,NG/MON/83N01/2017/18,Nagaland,,,,26.773583,95.077389,,,,uploaded landslide_report.pdf
25721,NG/MON/83N01/2017/17,Nagaland,,,,26.773611,95.077611,,,,uploaded landslide_report.pdf
25722,NG/MON/83N01/2017/19,Nagaland,,,,26.775667,95.072917,,,,uploaded landslide_report.pdf
25723,NG/MON/83N01/2017/20,Nagaland,,,,20.0,95.072694,,,,uploaded landslide_report.pdf
25724,NG/MON/83N01/2017/21,Nagaland,,,,21.0,95.072583,,,,uploaded landslide_report.pdf
25725,NG/MON/83N01/2017/3,Nagaland,,,,26.777056,95.069361,,,,uploaded landslide_report.pdf
25726,NG/MON/83N01/2017/71,Nagaland,,,,26.777056,95.020361,,,,uploaded landslide_report.pdf
25727,NG/MON/83N01/2017/4,Nagaland,,,,26.778444,95.069083,,,,uploaded landslide_report.pdf
25728,NG/MON/83N01/2017/70,Nagaland,,,,26.782472,95.009028,,,,uploaded landslide_report.pdf
25729,NG/MON/83N01/2017/5,Nagaland,,,,26.784222,95.069944,,,,uploaded landslide_report.pdf
25730,NG/MON/83N01/2017/8,Nagaland,,,,26.784694,95.072222,,,,uploaded landslide_report.pdf
25731,NG/MON/83N01/2017/7,Nagaland,,,,26.784806,95.070833,,,,uploaded landslide_report.pdf
25732,NG/MON/83N01/2017/6,Nagaland,,,,26.785222,95.070556,,,,uploaded landslide_report.pdf
25733,NG/MON/83N01/2017/22,Nagaland,,,,22.0,95.071861,,,,uploaded landslide_report.pdf
25734,NG/MON/83N01/2017/23,Nagaland,,,,23.0,95.071889,,,,uploaded landslide_report.pdf
25735,NG/MON/83N01/2017/24,Nagaland,,,,24.0,95.071222,,,,uploaded landslide_report.pdf
25736,NG/MON/83N01/2017/25,Nagaland,,,,25.0,95.070083,,,,uploaded landslide_report.pdf
25737,NG/MON/83N01/2017/26,Nagaland,,,,26.0,95.068972,,,,uploaded landslide_report.pdf
25738,NG/MON/83N01/2017/27,Nagaland,,,,27.0,95.068917,,,,uploaded landslide_report.pdf
25739,NG/MON/83N01/2017/28,Nagaland,,,,28.0,95.068361,,,,uploaded landslide_report.pdf
25740,NG/MON/83N01/2017/29,Nagaland,,,,29.0,95.068194,,,,uploaded landslide_report.pdf
25741,NG/MON/83N01/2017/30,Nagaland,,,,30.0,95.072861,,,,uploaded landslide_report.pdf
25742,NG/MON/83N01/2017/31,Nagaland,,,,26.794472,95.072722,,,,uploaded landslide_report.pdf
25743,NG/MON/83N01/2017/69,Nagaland,,,,26.804028,95.003722,,,,uploaded landslide_report.pdf
25744,NG/MON/83N01/2017/32,Nagaland,,,,26.812389,95.076444,,,,uploaded landslide_report.pdf
25745,NG/MON/83N01/2017/33,Nagaland,,,,26.813917,95.075667,,,,uploaded landslide_report.pdf
25746,NG/MON/83N01/2017/34,Nagaland,,,,26.816056,95.074639,,,,uploaded landslide_report.pdf
25747,NG/MON/83N01/2017/35,Nagaland,,,,26.817417,95.072694,,,,uploaded landslide_report.pdf
25748,NG/MON/83N01/2017/36,Nagaland,,,,26.81775,95.072917,,,,uploaded landslide_report.pdf
25749,NG/MON/83N01/2017/37,Nagaland,,,,26.818167,95.072417,,,,uploaded landslide_report.pdf
25750,NG/MON/83N01/2017/38,Nagaland,,,,26.818889,95.072222,,,,uploaded landslide_report.pdf
25751,NG/MON/83N01/2017/40,Nagaland,,,,26.820528,95.078722,,,,uploaded landslide_report.pdf
25752,NG/MON/83N01/2017/39,Nagaland,,,,26.820806,95.077889,,,,uploaded landslide_report.pdf
25753,NG/MON/83N01/2017/41,Nagaland,,,,26.821722,95.078389,,,,uploaded landslide_report.pdf
25754,NG/MON/83N01/2017/42,Nagaland,,,,26.822139,95.078944,,,,uploaded landslide_report.pdf
25755,NG/MON/83N01/2017/43,Nagaland,,,,26.824278,95.077,,,,uploaded landslide_report.pdf
25756,NG/MON/83N01/2017/44,Nagaland,,,,26.824694,95.076889,,,,uploaded landslide_report.pdf
25757,NG/MON/83N01/2017/45,Nagaland,,,,26.825,95.076778,,,,uploaded landslide_report.pdf
25758,NG/MON/83N01/2017/46,Nagaland,,,,26.826194,95.075917,,,,uploaded landslide_report.pdf
25759,NG/MON/83N01/2017/47,Nagaland,,,,26.831417,95.077917,,,,uploaded landslide_report.pdf
25760,NG/MON/83N01/2017/48,Nagaland,,,,26.831778,95.078028,,,,uploaded landslide_report.pdf
25761,NG/MON/83N01/2017/49,Nagaland,,,,26.831889,95.077944,,,,uploaded landslide_report.pdf
25762,NG/MON/83N01/2017/51,Nagaland,,,,26.833889,95.080972,,,,uploaded landslide_report.pdf
25763,NG/MON/83N01/2017/50,Nagaland,,,,26.834,95.079806,,,,uploaded landslide_report.pdf
25764,NG/MON/83N01/2017/52,Nagaland,,,,26.834194,95.081639,,,,uploaded landslide_report.pdf
25765,NG/MON/83N01/2017/53,Nagaland,,,,26.834556,95.081111,,,,uploaded landslide_report.pdf
25766,NG/MON/83N01/2017/54,Nagaland,,,,26.834778,95.080639,,,,uploaded landslide_report.pdf
25767,NG/MON/83N01/2017/55,Nagaland,,,,26.834972,95.080528,,,,uploaded landslide_report.pdf
25768,NG/MON/83N01/2017/56,Nagaland,,,,26.835417,95.080444,,,,uploaded landslide_report.pdf
25769,NG/MON/83N01/2017/57,Nagaland,,,,26.8365,95.081306,,,,uploaded landslide_report.pdf
25770,NG/MON/83N01/2017/58,Nagaland,,,,26.840694,95.080333,,,,uploaded landslide_report.pdf
25771,NG/MON/83N01/2017/59,Nagaland,,,,26.841139,95.079694,,,,uploaded landslide_report.pdf
25772,NG/MON/83N01/2017/60,Nagaland,,,,26.841222,95.079556,,,,uploaded landslide_report.pdf
25773,NG/MON/83N01/2017/61,Nagaland,,,,26.841667,95.079333,,,,uploaded landslide_report.pdf
25774,NG/MON/83N01/2017/62,Nagaland,,,,26.84325,95.080306,,,,uploaded landslide_report.pdf
25775,NG/MON/83N01/2017/63,Nagaland,,,,26.844028,95.080972,,,,uploaded landslide_report.pdf
25776,NG/MON/83N01/2017/64,Nagaland,,,,26.84425,95.080278,,,,uploaded landslide_report.pdf
25777,NG/MON/83N01/2017/65,Nagaland,,,,26.844389,95.077667,,,,uploaded landslide_report.pdf
25778,NG/MON/83N01/2017/66,Nagaland,,,,26.845278,95.077167,,,,uploaded landslide_report.pdf
25779,NG/MON/83N01/2017/67,Nagaland,,,,26.845472,95.077639,,,,uploaded landslide_report.pdf
25780,NG/MON/83N01/2017/68,Nagaland,,,,26.846139,95.077861,,,,uploaded landslide_report.pdf
25781,3211,Nagaland,,,,25.7802266,93.936165,,,,uploaded landslide_report.pdf
25782,3212,Nagaland,,,,25.7746019,93.9148756,,,,uploaded landslide_report.pdf
25783,3378,Nagaland,,,,25.8817748,94.1887571,,,,uploaded landslide_report.pdf
25784,3310,Nagaland,,,,25.8816564,94.1902346,,,,uploaded landslide_report.pdf
25785,3380,Nagaland,,,,26.4231373,94.3822611,,,,uploaded landslide_report.pdf
25786,3375,Nagaland,,,,25.623067,94.114196,,,,uploaded landslide_report.pdf
25787,3379,Nagaland,,,,26.4527822,94.375268,,,,uploaded landslide_report.pdf
25788,3381,Nagaland,,,,26.4219453,94.3854377,,,,uploaded landslide_report.pdf
25789,3382,Nagaland,,,,26.4242282,94.3924136,,,,uploaded landslide_report.pdf
25790,3383,Nagaland,,,,26.42608,94.398916,,,,uploaded landslide_report.pdf
25791,NA/ZUN/83J12/2024/01,Nagaland,,,,26.017317,94.531348,,,,uploaded landslide_report.pdf
25792,NA/KOH/83K02/2024/01,Nagaland,,,,25.471526,94.151784,,,,uploaded landslide_report.pdf
25793,NA/KOH/83K02/2024/02,Nagaland,,,,25.6125,94.1272,,,,uploaded landslide_report.pdf
25794,NA/CHU/83G13/2024/01,Nagaland,,,,29.0,93.8014,,,,uploaded landslide_report.pdf
25795,NA/TUE/83J16/2024/01,Nagaland,,,,26.247414,94.819895,,,,uploaded landslide_report.pdf
25796,NA/WOK/83J08/2024/01,Nagaland,,,,26.111335,94.257114,,,,uploaded landslide_report.pdf
25797,NA/WKH/83J8/2024/02,Nagaland,,,,26.08945,94.264217,,,,uploaded landslide_report.pdf
25798,NL/KOH/83K02/2022/001,Nagaland,,,,25.71711111,94.08561111,,,,uploaded landslide_report.pdf
25799,NL/KOH/83K02/2022/002,Nagaland,,,,25.712031,94.089791,,,,uploaded landslide_report.pdf
25800,NL/KOH/83K02/2022/003,Nagaland,,,,25.7491204,94.0804548,,,,uploaded landslide_report.pdf
25801,NL/KOH/83K02/2022/004,Nagaland,,,,25.7179491,94.0917724,,,,uploaded landslide_report.pdf
25802,NL/KOH/83G13/2022/005,Nagaland,,,,25.770055,93.937873,,,,uploaded landslide_report.pdf
25803,NL/KOH/83G13/2022/006,Nagaland,,,,25.771451,93.907041,,,,uploaded landslide_report.pdf
25804,NL/KOH/83K02/2022/007,Nagaland,,,,25.660913,94.053659,,,,uploaded landslide_report.pdf
25805,NL/KOH/83K02/2022/008,Nagaland,,,,25.7491204,94.0804548,,,,uploaded landslide_report.pdf
25806,NL/KOH/83K02/2022/009,Nagaland,,,,25.7179491,94.0917724,,,,uploaded landslide_report.pdf
25807,NL/KOH/83K02/2022/010,Nagaland,,,,25.770064,93.937891,,,,uploaded landslide_report.pdf
25808,NL/KOH/83K02/2022/011,Nagaland,,,,25.771977,93.905846,,,,uploaded landslide_report.pdf
25809,NL/KOH/83K02/2022/012,Nagaland,,,,25.650352,94.026955,,,,uploaded landslide_report.pdf
25810,NL/KOH/83K02/2022/013,Nagaland,,,,25.552707,94.161461,,,,uploaded landslide_report.pdf
25811,NL/KOH/83K02/2022/014,Nagaland,,,,25.611096,94.216757,,,,uploaded landslide_report.pdf
25812,NL/KOH/83K02/2022/015,Nagaland,,,,25.617949,94.207166,,,,uploaded landslide_report.pdf
25813,NL/KOH/83K02/2022/016,Nagaland,,,,25.620164,94.207204,,,,uploaded landslide_report.pdf
25814,NL/KOH/83K02/2022/017,Nagaland,,,,25.627333,94.211735,,,,uploaded landslide_report.pdf
25815,NL/KOH/83K02/2022/018,Nagaland,,,,25.64501,94.032825,,,,uploaded landslide_report.pdf
25816,NL/KOH/83K02/2022/019,Nagaland,,,,25.645074,94.032741,,,,uploaded landslide_report.pdf
25817,NL/KOH/83K02/2022/020,Nagaland,,,,20.0,94.008403,,,,uploaded landslide_report.pdf
25818,NL/PER/83G14/2022/021,Nagaland,,,,21.0,93.919236,,,,uploaded landslide_report.pdf
25819,NL/PER/83G14/2022/022,Nagaland,,,,22.0,93.918397,,,,uploaded landslide_report.pdf
25820,NL/PER/83G14/2022/023,Nagaland,,,,23.0,93.912865,,,,uploaded landslide_report.pdf
25821,NL/PER/83G14/2022/024,Nagaland,,,,24.0,93.90642,,,,uploaded landslide_report.pdf
25822,NL/PER/83G14/2022/025,Nagaland,,,,25.0,93.898552,,,,uploaded landslide_report.pdf
25823,NL/PER/83G14/2022/026,Nagaland,,,,26.0,93.896846,,,,uploaded landslide_report.pdf
25824,NL/PER/83G14/2022/027,Nagaland,,,,27.0,93.897602,,,,uploaded landslide_report.pdf
25825,NL/KOH/83K01/2022/028,Nagaland,,,,28.0,94.075897,,,,uploaded landslide_report.pdf
25826,NL/KOH/83K01/2022/029,Nagaland,,,,29.0,94.042953,,,,uploaded landslide_report.pdf
25827,NL/KOH/83K01/2022/030,Nagaland,,,,30.0,94.036198,,,,uploaded landslide_report.pdf
25828,NL/KOH/83K01/2022/031,Nagaland,,,,25.884392,94.040381,,,,uploaded landslide_report.pdf
25829,NL/KOH/83K01/2022/032,Nagaland,,,,25.891043,94.041031,,,,uploaded landslide_report.pdf
25830,NL/KOH/83K01/2022/033,Nagaland,,,,25.895838,94.044886,,,,uploaded landslide_report.pdf
25831,NL/KOH/83K01/2022/034,Nagaland,,,,25.903907,94.041235,,,,uploaded landslide_report.pdf
25832,NL/PER/83G11/2022/035,Nagaland,,,,25.455672,93.737492,,,,uploaded landslide_report.pdf
25833,NL/PER/83G11/2022/036,Nagaland,,,,25.459292,93.737054,,,,uploaded landslide_report.pdf
25834,NL/PER/83G11/2022/037,Nagaland,,,,25.469296,93.728636,,,,uploaded landslide_report.pdf
25835,NL/PER/83G11/2022/038,Nagaland,,,,25.471854,93.726986,,,,uploaded landslide_report.pdf
25836,NL/PER/83G11/2022/039,Nagaland,,,,25.472566,93.727307,,,,uploaded landslide_report.pdf
25837,NL/PER/83G11/2022/040,Nagaland,,,,25.56335,93.737232,,,,uploaded landslide_report.pdf
25838,NL/PER/83G11/2022/041,Nagaland,,,,25.569543,93.736,,,,uploaded landslide_report.pdf
25839,NL/PER/83G11/2022/042,Nagaland,,,,25.568534,93.726285,,,,uploaded landslide_report.pdf
25840,NL/PER/83G14/2022/043,Nagaland,,,,25.576594,93.78377,,,,uploaded landslide_report.pdf
25841,NL/PER/83G14/2022/044,Nagaland,,,,25.569569,93.788068,,,,uploaded landslide_report.pdf
25842,NL/PER/83G14/2022/045,Nagaland,,,,25.578244,93.804478,,,,uploaded landslide_report.pdf
25843,NL/PER/83G14/2022/046,Nagaland,,,,25.576992,93.809083,,,,uploaded landslide_report.pdf
25844,NL/PER/83G14/2022/047,Nagaland,,,,25.576671,93.815779,,,,uploaded landslide_report.pdf
25845,NL/PER/83G14/2022/048,Nagaland,,,,25.595898,93.829722,,,,uploaded landslide_report.pdf
25846,NL/PER/83G14/2022/049,Nagaland,,,,25.591228,93.851831,,,,uploaded landslide_report.pdf
25847,NL/PER/83G10/2022/050,Nagaland,,,,25.590458,93.851498,,,,uploaded landslide_report.pdf
25848,NL/PER/83G10/2022/051,Nagaland,,,,25.514327,93.666041,,,,uploaded landslide_report.pdf
25849,NL/PER/83G10/2022/052,Nagaland,,,,25.493958,93.657962,,,,uploaded landslide_report.pdf
25850,NL/KOH/83G10/2022/053,Nagaland,,,,25.493218,93.657921,,,,uploaded landslide_report.pdf
25851,NL/KOH/83G13/2023/01,Nagaland,,,,29.0,93.94696111,,,,uploaded landslide_report.pdf
25852,NL/KOH/83G14/2023/02,Nagaland,,,,29.0,93.94213889,,,,uploaded landslide_report.pdf
25853,NL/KOH/83G13/2023/03,Nagaland,,,,29.0,93.94043611,,,,uploaded landslide_report.pdf
25854,NL/KOH/83K02/2023/04,Nagaland,,,,29.0,93.80424722,,,,uploaded landslide_report.pdf
25855,NL/KOH/83K02/2023/05,Nagaland,,,,25.646219,94.0334861,,,,uploaded landslide_report.pdf
25856,NL/KOH/83K01/2023/06,Nagaland,,,,25.7439067,94.0824993,,,,uploaded landslide_report.pdf
25857,NL/KOH/83K01/2023/07,Nagaland,,,,25.76305,94.078305,,,,uploaded landslide_report.pdf
25858,NL/KOH/83K02/2023/08,Nagaland,,,,25.7641421,94.0777917,,,,uploaded landslide_report.pdf
25859,NL/KOH/83K02/2023/09,Nagaland,,,,25.7641457,94.0781772,,,,uploaded landslide_report.pdf
25860,NL/KOH/83K02/2023/10,Nagaland,,,,25.67776,94.1390317,,,,uploaded landslide_report.pdf
25861,NL/KOH/83G13/2023/11,Nagaland,,,,25.6712978,94.1388109,,,,uploaded landslide_report.pdf
25862,NL/KOH/83K02/2023/12,Nagaland,,,,25.6625403,94.1437783,,,,uploaded landslide_report.pdf
25863,NL/KOH/83K02/2023/13,Nagaland,,,,25.65575291,94.1505873,,,,uploaded landslide_report.pdf
25864,NL/KOH/83K02/2023/14,Nagaland,,,,25.5407188,94.1334216,,,,uploaded landslide_report.pdf
25865,NL/KOH/83K01/2023/15,Nagaland,,,,25.8549806,94.1569166,,,,uploaded landslide_report.pdf
25866,NL/KOH/83K02/2023/17,Nagaland,,,,25.72508611,94.07130278,,,,uploaded landslide_report.pdf
25867,NL/KOH/83K02/2023/18,Nagaland,,,,25.71775556,94.07246667,,,,uploaded landslide_report.pdf
25868,NL/KOH/83K02/2023/19,Nagaland,,,,25.66754722,94.08075278,,,,uploaded landslide_report.pdf
25869,NL/KOH/83G14/2023/20,Nagaland,,,,20.0,93.92484444,,,,uploaded landslide_report.pdf
25870,NL/PER/83G14/2023/21,Nagaland,,,,21.0,93.92787222,,,,uploaded landslide_report.pdf
25871,NL/PER/83G14/2023/22,Nagaland,,,,22.0,93.92055833,,,,uploaded landslide_report.pdf
25872,NL/PER/83G14/2023/23,Nagaland,,,,23.0,93.92184722,,,,uploaded landslide_report.pdf
25873,NL/PER/83G14/2023/24,Nagaland,,,,24.0,93.92066111,,,,uploaded landslide_report.pdf
25874,NL/PER/83G14/2023/25,Nagaland,,,,25.0,93.91229167,,,,uploaded landslide_report.pdf
25875,NL/PER/83G14/2023/26,Nagaland,,,,26.0,93.91128889,,,,uploaded landslide_report.pdf
25876,NL/PER/83G14/2023/27,Nagaland,,,,27.0,93.90760556,,,,uploaded landslide_report.pdf
25877,NL/CMK/83G13/2023/28,Nagaland,,,,28.0,93.80462222,,,,uploaded landslide_report.pdf
25878,NL/CMK/83G13/2023/29,Nagaland,,,,29.0,93.80219722,,,,uploaded landslide_report.pdf
25879,NL/CMK/83G13/2023/30,Nagaland,,,,30.0,93.800875,,,,uploaded landslide_report.pdf
25880,NL/CMK/83G13/2023/31,Nagaland,,,,25.78017222,93.80064167,,,,uploaded landslide_report.pdf
25881,NL/CMK/83G13/2023/32,Nagaland,,,,25.77561389,93.80086111,,,,uploaded landslide_report.pdf
25882,NL/CMK/83G13/2023/33,Nagaland,,,,25.78117222,93.80404167,,,,uploaded landslide_report.pdf
25883,NL/KOH/83K02/2023/34,Nagaland,,,,25.6721,94.231075,,,,uploaded landslide_report.pdf
25884,NL/KOH/83K02/2023/35,Nagaland,,,,25.67186944,94.23065278,,,,uploaded landslide_report.pdf
25885,NL/KOH/83K02/2023/36,Nagaland,,,,25.67291111,94.23135278,,,,uploaded landslide_report.pdf
25886,NL/KOH/83K02/2023/37,Nagaland,,,,25.66874167,94.22856389,,,,uploaded landslide_report.pdf
25887,NL/KOH/83G13/2023/38,Nagaland,,,,25.67009167,94.22525278,,,,uploaded landslide_report.pdf
25888,NL/KOH/83K02/2023/39,Nagaland,,,,25.66883889,94.21054444,,,,uploaded landslide_report.pdf
25889,NL/KOH/83K02/2023/40,Nagaland,,,,25.68611667,94.04302778,,,,uploaded landslide_report.pdf
25890,NL/KOH/83K02/2023/41,Nagaland,,,,25.65587222,94.12442778,,,,uploaded landslide_report.pdf
25891,NL/KOH/83K02/2023/42,Nagaland,,,,25.65823056,94.12258333,,,,uploaded landslide_report.pdf
25892,NL/KOH/83K02/2023/43,Nagaland,,,,25.65852222,94.12213056,,,,uploaded landslide_report.pdf
25893,NL/KOH/83K02/2023/44,Nagaland,,,,25.65253889,94.11867222,,,,uploaded landslide_report.pdf
25894,NL/KOH/83K02/2023/45,Nagaland,,,,25.65137778,94.12166667,,,,uploaded landslide_report.pdf
25895,NL/KOH/83K01/2023/46,Nagaland,,,,25.77368056,94.03548611,,,,uploaded landslide_report.pdf
25896,NL/KOH/83K01/2023/47,Nagaland,,,,25.77601111,94.03071389,,,,uploaded landslide_report.pdf
25897,NL/KOH/83K01/2023/48,Nagaland,,,,25.79148889,94.01525556,,,,uploaded landslide_report.pdf
25898,NL/KOH/83K01/2023/49,Nagaland,,,,25.79835556,94.00099444,,,,uploaded landslide_report.pdf
25899,NL/KOH/83K01/2023/50,Nagaland,,,,25.79595,93.99585278,,,,uploaded landslide_report.pdf
25900,NL/KOH/83K01/2023/51,Nagaland,,,,25.795875,93.99373611,,,,uploaded landslide_report.pdf
25901,NL/KOH/83K01/2023/52,Nagaland,,,,25.79464167,93.99172222,,,,uploaded landslide_report.pdf
25902,NL/KOH/83K01/2023/53,Nagaland,,,,25.80414722,93.98611389,,,,uploaded landslide_report.pdf
25903,NL/KOH/83K02/2023/54,Nagaland,,,,25.60902222,94.12846944,,,,uploaded landslide_report.pdf
25904,NL/KOH/83K02/2023/55,Nagaland,,,,25.52246944,94.19153333,,,,uploaded landslide_report.pdf
25905,NL/KOH/83K02/2023/56,Nagaland,,,,25.87653333,94.13359167,,,,uploaded landslide_report.pdf
25906,NL/KOH/83K02/2023/57,Nagaland,,,,25.75056944,94.08058889,,,,uploaded landslide_report.pdf
25907,NL/KOH/83K02/2023/58,Nagaland,,,,25.85442778,94.15844444,,,,uploaded landslide_report.pdf
25908,NL/KOH/83K02/2023/59,Nagaland,,,,25.857991,94.159346,,,,uploaded landslide_report.pdf
25909,NL/KOH/83K02/2024/001,Nagaland,,,,25.472137,94.151037,,,,uploaded landslide_report.pdf
25910,NL/KOH/83K02/2024/002,Nagaland,,,,25.481594,94.141694,,,,uploaded landslide_report.pdf
25911,NL/KOH/83K02/2024/003,Nagaland,,,,25.52036,94.1311201,,,,uploaded landslide_report.pdf
25912,NL/KOH/83K02/2024/004,Nagaland,,,,25.52164,94.13426,,,,uploaded landslide_report.pdf
25913,NL/KOH/83K02/2024/005,Nagaland,,,,25.52426,94.1365,,,,uploaded landslide_report.pdf
25914,NL/KOH/83K02/2024/006,Nagaland,,,,25.525094,94.135798,,,,uploaded landslide_report.pdf
25915,NL/KOH/83K02/2024/007,Nagaland,,,,25.538422,94.136039,,,,uploaded landslide_report.pdf
25916,NL/KOH/83K02/2024/008,Nagaland,,,,25.5651,94.1390034,,,,uploaded landslide_report.pdf
25917,NL/KOH/83K02/2024/009,Nagaland,,,,25.6032619,94.1122188,,,,uploaded landslide_report.pdf
25918,NL/KOH/83K02/2024/010,Nagaland,,,,25.62154,94.1122,,,,uploaded landslide_report.pdf
25919,NL/KOH/83K02/2024/011,Nagaland,,,,25.6291966,94.10177,,,,uploaded landslide_report.pdf
25920,NL/KOH/83K02/2024/012,Nagaland,,,,25.6387,94.10979,,,,uploaded landslide_report.pdf
25921,NL/KOH/83K02/2024/013,Nagaland,,,,25.648759,94.10616,,,,uploaded landslide_report.pdf
25922,NL/KOH/83K02/2024/014,Nagaland,,,,25.6609,94.0536,,,,uploaded landslide_report.pdf
25923,NL/MOK/83J07/2025/01,Nagaland,,,,26.45278,94.37526,,,,uploaded landslide_report.pdf
25924,NL/MOK/83J07/2025/02,Nagaland,,,,26.423137,94.382261,,,,uploaded landslide_report.pdf
25925,NL/MOK/83J07/2025/03,Nagaland,,,,26.42186,94.3852,,,,uploaded landslide_report.pdf
25926,NL/MOK/83J07/2025/04,Nagaland,,,,26.425346,94.387013,,,,uploaded landslide_report.pdf
25927,NL/MOK/83J07/2025/05,Nagaland,,,,26.383648,94.440751,,,,uploaded landslide_report.pdf
25928,NL/MOK/83J07/2025/06,Nagaland,,,,26.384347,94.443397,,,,uploaded landslide_report.pdf
25929,NL/MOK/83J07/2025/07,Nagaland,,,,26.387181,94.444132,,,,uploaded landslide_report.pdf
25930,NL/MOK/83J07/2025/08,Nagaland,,,,26.379798,94.450751,,,,uploaded landslide_report.pdf
25931,NA/KOH/83K02/2025/01,Nagaland,,,,25.62083,94.11572,,,,uploaded landslide_report.pdf
25932,NL/TSE/83K01/2025/01,Nagaland,,,,25.88165,94.19023,,,,uploaded landslide_report.pdf
25939,NAG/KOH/83K2/2015/07,Nagaland,,,,29.0,94.09544444,,,,uploaded landslide_report.pdf
25940,NAG/KOH/83K2/2015/08,Nagaland,,,,25.62509167,94.11405278,,,,uploaded landslide_report.pdf
25942,Nagaland/Kohima/Meriema/83,Nagaland,,,,25.71711111,94.08561111,,,,uploaded landslide_report.pdf
25943,Nagaland/Kohima/83K-,Nagaland,,,,29.0,94.08908333,,,,uploaded landslide_report.pdf
25944,Nagaland/Kohima/83K-,Nagaland,,,,25.69172222,94.10319444,,,,uploaded landslide_report.pdf
25945,Nagaland/Kohima/83K-,Nagaland,,,,25.68077778,94.10619444,,,,uploaded landslide_report.pdf
25946,Nagaland/Kohima/83K02/2019/,Nagaland,,,,29.0,94.04130556,,,,uploaded landslide_report.pdf
25947,Nagaland/Kohima/83K02/2019/,Nagaland,,,,20.0,94.04538889,,,,uploaded landslide_report.pdf
25948,Nagaland/Kohima/83K02/2019/,Nagaland,,,,29.0,94.04538889,,,,uploaded landslide_report.pdf
25949,Nagaland/Kohima/83K02/2019/,Nagaland,,,,29.0,94.04666667,,,,uploaded landslide_report.pdf
25950,Nagaland/Kohima/83K02/2019/,Nagaland,,,,29.0,94.044275,,,,uploaded landslide_report.pdf
25951,Nagaland/Kohima/83K02/2019/,Nagaland,,,,29.0,94.04122222,,,,uploaded landslide_report.pdf
25952,Nagaland/Kohima/83K02/2019/,Nagaland,,,,29.0,94.03863889,,,,uploaded landslide_report.pdf
25953,Nagaland/Kohima/83K02/2019/,Nagaland,,,,29.0,94.04036111,,,,uploaded landslide_report.pdf
25954,Nagaland/Kohima/83K02/2019/,Nagaland,,,,29.0,94.03246944,,,,uploaded landslide_report.pdf
25955,Nagaland/Kohima/83K02/2019/,Nagaland,,,,29.0,94.02216667,,,,uploaded landslide_report.pdf
25956,Nagaland/Kohima/83K02/2019/,Nagaland,,,,29.0,94.02216667,,,,uploaded landslide_report.pdf
25957,Nagaland/Kohima/83K02/2019/,Nagaland,,,,29.0,94.01708333,,,,uploaded landslide_report.pdf
25958,Nagaland/Kohima/83K02/2019/,Nagaland,,,,29.0,94.00586111,,,,uploaded landslide_report.pdf
25959,NAG/DIM/NIT/83G13/2019/LS1,Nagaland,,,,25.68176111,94.06811944,,,,uploaded landslide_report.pdf
25960,Nagaland/Wokha/83J03/2019/0,Nagaland,,,,26.27647222,94.13175,,,,uploaded landslide_report.pdf
25961,NL/DMR/83F-16/2019/01,Nagaland,,,,26.07256,93.928,,,,uploaded landslide_report.pdf
25962,NL/DMP/NH-29/2021/01,Nagaland,,,,29.0,93.80180556,,,,uploaded landslide_report.pdf
25963,NL/WKH/83J04/2021/01,Nagaland,,,,26.10694722,94.25328889,,,,uploaded landslide_report.pdf
25964,Nagaland/Wokha/Chukitong/83,Nagaland,,,,26.09660278,94.368725,,,,uploaded landslide_report.pdf
25965,Nagaland/Wokha/Chukitong/83,Nagaland,,,,26.09686389,94.36771667,,,,uploaded landslide_report.pdf
25966,NL/LON/83J14/2022/01,Nagaland,,,,24.0,94.83911111,,,,uploaded landslide_report.pdf
25967,NA/CHU/83G13/2023/01,Nagaland,,,,25.791802,93.803309,,,,uploaded landslide_report.pdf
25968,NAG/KOM/83K/2/2017/01,Nagaland,,,,25.68866667,94.09733333,,,,uploaded landslide_report.pdf
25969,NAG/KOM/83K/2/2017/01,Nagaland,,,,29.0,94.18366667,,,,uploaded landslide_report.pdf
25970,NL-01/2012-13,Nagaland,,,,26.22633333,94.81302778,,,,uploaded landslide_report.pdf
25971,NL-02/2012-13,Nagaland,,,,26.22480556,94.81236111,,,,uploaded landslide_report.pdf
25972,NL-03/2012-13,Nagaland,,,,26.26336111,94.81563889,,,,uploaded landslide_report.pdf
25973,NL-04/2012-13,Nagaland,,,,26.18302778,94.81619444,,,,uploaded landslide_report.pdf
25974,NL-05/2012-13,Nagaland,,,,26.28908333,94.61005556,,,,uploaded landslide_report.pdf
25975,NL-06/2012-13,Nagaland,,,,25.68002778,94.07266667,,,,uploaded landslide_report.pdf
25976,NL-07/2012-13,Nagaland,,,,25.67005556,94.113,,,,uploaded landslide_report.pdf
25977,NL-08/2012-13,Nagaland,,,,25.68436111,94.20497222,,,,uploaded landslide_report.pdf
25978,NL-09/2012-13,Nagaland,,,,25.68133333,94.20877778,,,,uploaded landslide_report.pdf
25979,NL-10/2012-13,Nagaland,,,,25.67275,94.21136111,,,,uploaded landslide_report.pdf
25980,NL-11/2012-13,Nagaland,,,,25.66666667,94.19602778,,,,uploaded landslide_report.pdf
25981,3423,Nagaland,,,,25.687815,94.0474583,,,,uploaded landslide_report.pdf
25982,4704,Nagaland,,,,26.36245,94.562862,,,,uploaded landslide_report.pdf
25983,5723,Nagaland,,,,26.015488,94.535665,,,,uploaded landslide_report.pdf
25984,5740,Nagaland,,,,26.074645,94.423373,,,,uploaded landslide_report.pdf
25985,5741,Nagaland,,,,26.098268,94.392683,,,,uploaded landslide_report.pdf
25986,5742,Nagaland,,,,26.109352,94.387308,,,,uploaded landslide_report.pdf
25987,5743,Nagaland,,,,26.1085,94.386342,,,,uploaded landslide_report.pdf
25988,5744,Nagaland,,,,26.084065,94.398745,,,,uploaded landslide_report.pdf
25989,5753,Nagaland,,,,26.039817,94.588622,,,,uploaded landslide_report.pdf
25990,5755,Nagaland,,,,26.003224,94.611549,,,,uploaded landslide_report.pdf
25991,5756,Nagaland,,,,26.0178417,94.6092667,,,,uploaded landslide_report.pdf
25992,5757,Nagaland,,,,26.022983,94.582272,,,,uploaded landslide_report.pdf
25993,5760,Nagaland,,,,26.053525,94.636107,,,,uploaded landslide_report.pdf
25994,5761,Nagaland,,,,26.050603,94.634088,,,,uploaded landslide_report.pdf
25995,5762,Nagaland,,,,26.038755,94.63616,,,,uploaded landslide_report.pdf
25996,5763,Nagaland,,,,26.030802,94.634987,,,,uploaded landslide_report.pdf
25997,5764,Nagaland,,,,26.03145,94.595353,,,,uploaded landslide_report.pdf
25998,5765,Nagaland,,,,26.018177,94.577412,,,,uploaded landslide_report.pdf
25999,5766,Nagaland,,,,26.032223,94.590515,,,,uploaded landslide_report.pdf
26000,5767,Nagaland,,,,26.03228,94.591907,,,,uploaded landslide_report.pdf
26001,5768,Nagaland,,,,26.034642,94.570032,,,,uploaded landslide_report.pdf
26002,5769,Nagaland,,,,26.037672,94.572023,,,,uploaded landslide_report.pdf
26003,5770,Nagaland,,,,26.037575,94.589138,,,,uploaded landslide_report.pdf
26004,5771,Nagaland,,,,26.036262,94.591057,,,,uploaded landslide_report.pdf
26005,5772,Nagaland,,,,26.035793,94.593109,,,,uploaded landslide_report.pdf
26006,5773,Nagaland,,,,26.030632,94.593978,,,,uploaded landslide_report.pdf
26007,5774,Nagaland,,,,25.552544,93.732253,,,,uploaded landslide_report.pdf
26008,6787,Nagaland,,,,25.89751,94.463135,,,,uploaded landslide_report.pdf
26009,6788,Nagaland,,,,25.916527,94.461248,,,,uploaded landslide_report.pdf
26010,6789,Nagaland,,,,25.924744,94.454833,,,,uploaded landslide_report.pdf
26011,6790,Nagaland,,,,25.85973,94.425459,,,,uploaded landslide_report.pdf
26012,6791,Nagaland,,,,25.840229,94.435067,,,,uploaded landslide_report.pdf
26013,6792,Nagaland,,,,25.924954,94.458712,,,,uploaded landslide_report.pdf
26014,6793,Nagaland,,,,25.914367,94.458981,,,,uploaded landslide_report.pdf
26015,6797,Nagaland,,,,25.856018,94.427396,,,,uploaded landslide_report.pdf
26016,6798,Nagaland,,,,25.84021,94.435083,,,,uploaded landslide_report.pdf
26017,6799,Nagaland,,,,25.871453,94.450788,,,,uploaded landslide_report.pdf
26018,6800,Nagaland,,,,25.860335,94.450277,,,,uploaded landslide_report.pdf
26019,6864,Nagaland,,,,25.822859,94.397974,,,,uploaded landslide_report.pdf
26020,6865,Nagaland,,,,25.824038,94.397945,,,,uploaded landslide_report.pdf
26021,6867,Nagaland,,,,25.80344,94.399158,,,,uploaded landslide_report.pdf
26022,6868,Nagaland,,,,25.926408,94.469758,,,,uploaded landslide_report.pdf
26023,6869,Nagaland,,,,25.809925,94.398172,,,,uploaded landslide_report.pdf
26024,6870,Nagaland,,,,25.811395,94.401171,,,,uploaded landslide_report.pdf
26025,6871,Nagaland,,,,25.814013,94.402921,,,,uploaded landslide_report.pdf
26026,6872,Nagaland,,,,25.824828,94.397388,,,,uploaded landslide_report.pdf
26027,6873,Nagaland,,,,25.840342,94.435119,,,,uploaded landslide_report.pdf
26028,7029,Nagaland,,,,25.735478,93.686541,,,,uploaded landslide_report.pdf
26029,7030,Nagaland,,,,25.734508,93.685507,,,,uploaded landslide_report.pdf
26030,7031,Nagaland,,,,25.732909,93.685619,,,,uploaded landslide_report.pdf
26031,7032,Nagaland,,,,25.699496,93.682743,,,,uploaded landslide_report.pdf
26032,7033,Nagaland,,,,25.60512,93.706701,,,,uploaded landslide_report.pdf
26033,7036,Nagaland,,,,25.568372,93.733314,,,,uploaded landslide_report.pdf
26034,7037,Nagaland,,,,25.566242,93.716698,,,,uploaded landslide_report.pdf
26035,7038,Nagaland,,,,25.671957,94.231096,,,,uploaded landslide_report.pdf
26036,7040,Nagaland,,,,25.675017,94.229397,,,,uploaded landslide_report.pdf
26037,7041,Nagaland,,,,25.655776,94.233288,,,,uploaded landslide_report.pdf
26038,7043,Nagaland,,,,25.65119,94.234544,,,,uploaded landslide_report.pdf
26039,7044,Nagaland,,,,25.671439,94.225017,,,,uploaded landslide_report.pdf
26040,7408,Nagaland,,,,26.114159,94.338471,,,,uploaded landslide_report.pdf
26041,7409,Nagaland,,,,26.114227,94.338333,,,,uploaded landslide_report.pdf
26042,7592,Nagaland,,,,25.840228,94.15148,,,,uploaded landslide_report.pdf
26043,7593,Nagaland,,,,25.875007,94.17886,,,,uploaded landslide_report.pdf
26044,7594,Nagaland,,,,26.507639,94.688222,,,,uploaded landslide_report.pdf
26045,7596,Nagaland,,,,26.509718,94.68195,,,,uploaded landslide_report.pdf
26046,7597,Nagaland,,,,26.526817,94.675462,,,,uploaded landslide_report.pdf
26047,7599,Nagaland,,,,25.570159,94.253552,,,,uploaded landslide_report.pdf
26052,SKM/SS/78A08/2015/256,Sikkim,,,,27.08275,88.434778,,,,uploaded landslide_report.pdf
26053,SKM/SS/78A08/2015/254,Sikkim,,,,27.084222,88.446083,,,,uploaded landslide_report.pdf
26054,SKM/SS/78A08/2015/255,Sikkim,,,,27.084722,88.443833,,,,uploaded landslide_report.pdf
26055,SKM/SS/78A08/2015/257,Sikkim,,,,27.087667,88.416528,,,,uploaded landslide_report.pdf
26056,SKM/SS/78A08/2015/258,Sikkim,,,,27.090083,88.413139,,,,uploaded landslide_report.pdf
26057,SKM/SS/78A08/2015/259,Sikkim,,,,27.090944,88.406833,,,,uploaded landslide_report.pdf
26058,SKM/SS/78A08/2015/253,Sikkim,,,,27.093278,88.457444,,,,uploaded landslide_report.pdf
26059,SKM/SS/78A08/2015/248,Sikkim,,,,27.096444,88.433375,,,,uploaded landslide_report.pdf
26060,SKM/SS/78A08/2015/260,Sikkim,,,,27.097833,88.3785,,,,uploaded landslide_report.pdf
26061,SKM/SS/78A08/2015/245,Sikkim,,,,27.098417,88.400167,,,,uploaded landslide_report.pdf
26062,SKM/SS/78A08/2015/261,Sikkim,,,,27.101083,88.3615,,,,uploaded landslide_report.pdf
26063,SKM/SS/78A08/2015/244,Sikkim,,,,27.101083,88.400417,,,,uploaded landslide_report.pdf
26064,SKM/SS/78A08/2015/243,Sikkim,,,,27.101111,88.403333,,,,uploaded landslide_report.pdf
26065,SKM/SS/78A08/2015/247,Sikkim,,,,27.101194,88.394611,,,,uploaded landslide_report.pdf
26066,SKM/SS/78A08/2015/252,Sikkim,,,,27.102,88.458667,,,,uploaded landslide_report.pdf
26067,SKM/SS/78A08/2015/242,Sikkim,,,,27.1025,88.400778,,,,uploaded landslide_report.pdf
26068,SKM/SS/78A08/2015/246,Sikkim,,,,27.102639,88.394639,,,,uploaded landslide_report.pdf
26069,SKM/SS/78A08/2015/240,Sikkim,,,,27.102944,88.404667,,,,uploaded landslide_report.pdf
26070,SKM/SS/78A08/2015/241,Sikkim,,,,27.103111,88.402722,,,,uploaded landslide_report.pdf
26071,SKM/SS/78A08/2015/250,Sikkim,,,,27.105972,88.444556,,,,uploaded landslide_report.pdf
26072,SKM/SS/78A08/2015/251,Sikkim,,,,27.106694,88.449389,,,,uploaded landslide_report.pdf
26073,SKM/SS/78A08/2015/249,Sikkim,,,,27.106944,88.43375,,,,uploaded landslide_report.pdf
26074,SKM/SS/78A08/2015/262,Sikkim,,,,27.107417,88.363139,,,,uploaded landslide_report.pdf
26075,SKM/WS/78A08/2015/315,Sikkim,,,,27.110583,88.340472,,,,uploaded landslide_report.pdf
26076,SKM/NS/78A04/2017/130,Sikkim,,,,27.1205,88.152722,,,,uploaded landslide_report.pdf
26077,SKM/NS/78A04/2017/131,Sikkim,,,,27.121444,88.153417,,,,uploaded landslide_report.pdf
26078,SKM/NS/78A04/2017/128,Sikkim,,,,27.1215,88.142222,,,,uploaded landslide_report.pdf
26079,SKM/NS/78A04/2017/104,Sikkim,,,,27.121611,88.237,,,,uploaded landslide_report.pdf
26080,SKM/NS/78A04/2017/129,Sikkim,,,,27.121611,88.145528,,,,uploaded landslide_report.pdf
26081,SKM/NS/78A04/2017/127,Sikkim,,,,27.121917,88.139472,,,,uploaded landslide_report.pdf
26082,SKM/NS/78A04/2017/126,Sikkim,,,,27.122,88.139889,,,,uploaded landslide_report.pdf
26083,SKM/NS/78A04/2017/103,Sikkim,,,,27.122472,88.227611,,,,uploaded landslide_report.pdf
26084,SKM/SS/78A08/2015/320,Sikkim,,,,27.122611,88.343389,,,,uploaded landslide_report.pdf
26085,SKM/NS/78A04/2017/102,Sikkim,,,,27.123833,88.225333,,,,uploaded landslide_report.pdf
26086,SKM/WS/78A08/2015/316,Sikkim,,,,27.123889,88.319778,,,,uploaded landslide_report.pdf
26087,SKM/NS/78A04/2017/125,Sikkim,,,,27.124556,88.139778,,,,uploaded landslide_report.pdf
26088,SKM/SS/78A08/2015/314,Sikkim,,,,27.124778,88.445083,,,,uploaded landslide_report.pdf
26089,SKM/SS/78A08/2015/225,Sikkim,,,,27.125528,88.384556,,,,uploaded landslide_report.pdf
26090,SKM/NS/78A04/2017/123,Sikkim,,,,27.125861,88.14275,,,,uploaded landslide_report.pdf
26091,SKM/SS/78A08/2015/226,Sikkim,,,,27.126306,88.378667,,,,uploaded landslide_report.pdf
26092,SKM/SS/78A08/2015/322,Sikkim,,,,27.126444,88.340444,,,,uploaded landslide_report.pdf
26093,SKM/WS/78A08/2015/317,Sikkim,,,,27.126472,88.31675,,,,uploaded landslide_report.pdf
26094,SKM/WS/78A08/2015/318,Sikkim,,,,27.127194,88.308306,,,,uploaded landslide_report.pdf
26095,SKM/WS/78A08/2015/319,Sikkim,,,,27.12825,88.292194,,,,uploaded landslide_report.pdf
26096,SKM/NS/78A04/2017/124,Sikkim,,,,27.128333,88.148833,,,,uploaded landslide_report.pdf
26097,SKM/SS/78A08/2015/312,Sikkim,,,,27.128694,88.442778,,,,uploaded landslide_report.pdf
26098,SKM/NS/78A04/2017/122,Sikkim,,,,27.128694,88.141639,,,,uploaded landslide_report.pdf
26099,SKM/WS/78A08/2015/383,Sikkim,,,,27.128972,88.262111,,,,uploaded landslide_report.pdf
26100,SKM/SS/78A08/2015/313,Sikkim,,,,27.129,88.441361,,,,uploaded landslide_report.pdf
26101,SKM/WS/78A08/2015/382,Sikkim,,,,27.129861,88.266222,,,,uploaded landslide_report.pdf
26102,SKM/SS/78A08/2015/216,Sikkim,,,,27.130056,88.412944,,,,uploaded landslide_report.pdf
26103,SKM/SS/78A08/2015/323,Sikkim,,,,27.130444,88.340222,,,,uploaded landslide_report.pdf
26104,SKM/SS/78A08/2015/224,Sikkim,,,,27.131444,88.386,,,,uploaded landslide_report.pdf
26105,SKM/SS/78A08/2015/223,Sikkim,,,,27.131528,88.384417,,,,uploaded landslide_report.pdf
26106,SKM/SS/78A08/2015/221,Sikkim,,,,27.133556,88.39475,,,,uploaded landslide_report.pdf
26107,SKM/SS/78A08/2015/217,Sikkim,,,,27.133583,88.404583,,,,uploaded landslide_report.pdf
26108,SKM/SS/78A08/2015/222,Sikkim,,,,27.133722,88.390833,,,,uploaded landslide_report.pdf
26109,SKM/SS/78A08/2015/324,Sikkim,,,,27.133806,88.342778,,,,uploaded landslide_report.pdf
26110,SKM/SS/78A08/2015/227,Sikkim,,,,27.134306,88.370528,,,,uploaded landslide_report.pdf
26111,SKM/SS/78A08/2015/218,Sikkim,,,,27.134389,88.40425,,,,uploaded landslide_report.pdf
26112,SKM/SS/78A08/2015/220,Sikkim,,,,27.135833,88.391111,,,,uploaded landslide_report.pdf
26113,SKM/SS/78A08/2015/325,Sikkim,,,,27.137667,88.342694,,,,uploaded landslide_report.pdf
26114,SKM/SS/78A08/2015/219,Sikkim,,,,27.137694,88.401556,,,,uploaded landslide_report.pdf
26115,SKM/SS/78A08/2015/228,Sikkim,,,,27.139944,88.368167,,,,uploaded landslide_report.pdf
26116,SKM/SS/78A08/2015/229,Sikkim,,,,27.140889,88.368222,,,,uploaded landslide_report.pdf
26117,SKM/NS/78A04/2017/101,Sikkim,,,,27.141,88.211194,,,,uploaded landslide_report.pdf
26118,SKM/NS/78A04/2017/114,Sikkim,,,,27.141944,88.180222,,,,uploaded landslide_report.pdf
26119,SKM/NS/78A04/2017/115,Sikkim,,,,27.142028,88.172139,,,,uploaded landslide_report.pdf
26120,SKM/SS/78A08/2015/231,Sikkim,,,,27.143556,88.373083,,,,uploaded landslide_report.pdf
26121,SKM/NS/78A04/2017/139,Sikkim,,,,27.144056,88.127361,,,,uploaded landslide_report.pdf
26122,SKM/WS/78A08/2015/264,Sikkim,,,,27.144167,88.311083,,,,uploaded landslide_report.pdf
26123,SKM/SS/78A08/2015/230,Sikkim,,,,27.145056,88.370778,,,,uploaded landslide_report.pdf
26124,SKM/WS/78A08/2015/265,Sikkim,,,,27.145444,88.305694,,,,uploaded landslide_report.pdf
26125,SKM/SS/78A07/2015/326,Sikkim,,,,27.149722,88.348333,,,,uploaded landslide_report.pdf
26126,SKM/NS/78A04/2017/121,Sikkim,,,,27.149889,88.096861,,,,uploaded landslide_report.pdf
26127,SKM/NS/78A04/2017/109,Sikkim,,,,27.149972,88.184222,,,,uploaded landslide_report.pdf
26128,SKM/SS/78A08/2015/311,Sikkim,,,,27.150778,88.4385,,,,uploaded landslide_report.pdf
26129,SKM/WS/78A08/2015/266,Sikkim,,,,27.151028,88.309889,,,,uploaded landslide_report.pdf
26130,SKM/NS/78A04/2017/108,Sikkim,,,,27.152722,88.190833,,,,uploaded landslide_report.pdf
26131,SKM/SS/78A08/2015/232,Sikkim,,,,27.152861,88.390361,,,,uploaded landslide_report.pdf
26132,SKM/SS/78A08/2015/215,Sikkim,,,,27.153083,88.412056,,,,uploaded landslide_report.pdf
26133,SKM/WS/78A08/2015/267,Sikkim,,,,27.153306,88.3135,,,,uploaded landslide_report.pdf
26134,SKM/NS/78A04/2017/120,Sikkim,,,,27.153444,88.095639,,,,uploaded landslide_report.pdf
26135,SKM/SS/78A08/2015/175,Sikkim,,,,27.153528,88.494389,,,,uploaded landslide_report.pdf
26136,SKM/SS/78A08/2015/307,Sikkim,,,,27.15425,88.500333,,,,uploaded landslide_report.pdf
26137,SKM/WS/78A08/2015/379,Sikkim,,,,27.1545,88.275667,,,,uploaded landslide_report.pdf
26138,SKM/SS/78A08/2015/310,Sikkim,,,,27.154722,88.443056,,,,uploaded landslide_report.pdf
26139,SKM/SS/78A08/2015/176,Sikkim,,,,27.154889,88.493194,,,,uploaded landslide_report.pdf
26140,SKM/WS/78A08/2015/269,Sikkim,,,,27.155028,88.319556,,,,uploaded landslide_report.pdf
26141,SKM/SS/78A08/2015/233,Sikkim,,,,27.155306,88.390278,,,,uploaded landslide_report.pdf
26142,SKM/SS/78A08/2015/279,Sikkim,,,,27.15625,88.430722,,,,uploaded landslide_report.pdf
26143,SKM/ES/78A12/2015/162,Sikkim,,,,27.156806,88.5225,,,,uploaded landslide_report.pdf
26144,SKM/NS/78A04/2017/98,Sikkim,,,,27.156944,88.230778,,,,uploaded landslide_report.pdf
26145,SKM/ES/78A2/2015/167,Sikkim,,,,27.157056,88.512778,,,,uploaded landslide_report.pdf
26146,SKM/NS/78A04/2017/113,Sikkim,,,,27.157361,88.171667,,,,uploaded landslide_report.pdf
26147,SKM/WS/78A08/2015/293,Sikkim,,,,27.157694,88.306806,,,,uploaded landslide_report.pdf
26148,SKM/ES/78A12/2015/163,Sikkim,,,,27.157694,88.522194,,,,uploaded landslide_report.pdf
26149,SKM/NS/78A04/2017/119,Sikkim,,,,27.157694,88.092833,,,,uploaded landslide_report.pdf
26150,SKM/NS/78A04/2017/97,Sikkim,,,,27.157806,88.230306,,,,uploaded landslide_report.pdf
26151,SKM/NS/78A04/2017/116,Sikkim,,,,27.157861,88.090194,,,,uploaded landslide_report.pdf
26152,SKM/SS/78A08/2015/273,Sikkim,,,,27.158,88.347972,,,,uploaded landslide_report.pdf
26153,SKM/NS/78A04/2017/140,Sikkim,,,,27.158056,88.141528,,,,uploaded landslide_report.pdf
26154,SKM/SS/78A08/2015/177,Sikkim,,,,27.158111,88.491722,,,,uploaded landslide_report.pdf
26155,SKM/ES/78A2/2015/168,Sikkim,,,,27.158111,88.512472,,,,uploaded landslide_report.pdf
26156,SKM/WS/78A08/2015/271,Sikkim,,,,27.158139,88.344806,,,,uploaded landslide_report.pdf
26157,SKM/WS/78A08/2015/270,Sikkim,,,,27.158222,88.34325,,,,uploaded landslide_report.pdf
26158,SKM/NS/78A04/2017/134,Sikkim,,,,27.158222,88.100361,,,,uploaded landslide_report.pdf
26159,SKM/ES/78A12/2015/164,Sikkim,,,,27.158361,88.521833,,,,uploaded landslide_report.pdf
26160,SKM/SS/78A08/2015/276,Sikkim,,,,27.158417,88.420139,,,,uploaded landslide_report.pdf
26161,SKM/SS/78A08/2015/303,Sikkim,,,,27.158583,88.466306,,,,uploaded landslide_report.pdf
26162,SKM/SS/78A08/2015/278,Sikkim,,,,27.158944,88.427111,,,,uploaded landslide_report.pdf
26163,SKM/ES/78A2/2015/169,Sikkim,,,,27.158972,88.514611,,,,uploaded landslide_report.pdf
26164,SKM/NS/78A04/2017/117,Sikkim,,,,27.158972,88.090944,,,,uploaded landslide_report.pdf
26165,SKM/SS/78A08/2015/309,Sikkim,,,,27.159194,88.444361,,,,uploaded landslide_report.pdf
26166,SKM/NS/78A04/2017/118,Sikkim,,,,27.159361,88.09225,,,,uploaded landslide_report.pdf
26167,SKM/WS/78A08/2015/294,Sikkim,,,,27.159472,88.300028,,,,uploaded landslide_report.pdf
26168,SKM/WS/78A08/2015/268,Sikkim,,,,27.159639,88.318889,,,,uploaded landslide_report.pdf
26169,SKM/SS/78A08/2015/234,Sikkim,,,,27.159972,88.379083,,,,uploaded landslide_report.pdf
26170,SKM/SS/78A08/2015/277,Sikkim,,,,27.160056,88.423028,,,,uploaded landslide_report.pdf
26171,SKM/NS/78A04/2017/132,Sikkim,,,,27.160056,88.091806,,,,uploaded landslide_report.pdf
26172,SKM/SS/78A08/2015/272,Sikkim,,,,27.160194,88.415056,,,,uploaded landslide_report.pdf
26173,SKM/SS/78A12/2015/170,Sikkim,,,,27.160444,88.512472,,,,uploaded landslide_report.pdf
26174,SKM/SS/78A12/2015/174,Sikkim,,,,27.160722,88.505889,,,,uploaded landslide_report.pdf
26175,SKM/NS/78A04/2017/133,Sikkim,,,,27.161,88.094306,,,,uploaded landslide_report.pdf
26176,SKM/SS/78A12/2015/171,Sikkim,,,,27.161306,88.512944,,,,uploaded landslide_report.pdf
26177,SKM/SS/78A08/2015/274,Sikkim,,,,27.161444,88.410556,,,,uploaded landslide_report.pdf
26178,SKM/SS/78A12/2015/173,Sikkim,,,,27.161917,88.509639,,,,uploaded landslide_report.pdf
26179,SKM/SS/78A08/2015/181,Sikkim,,,,27.162111,88.491444,,,,uploaded landslide_report.pdf
26180,SKM/SS/78A12/2015/172,Sikkim,,,,27.162194,88.510611,,,,uploaded landslide_report.pdf
26181,SKM/SS/78A08/2015/212,Sikkim,,,,27.16275,88.383306,,,,uploaded landslide_report.pdf
26182,SKM/SS/78A08/2015/275,Sikkim,,,,27.162778,88.413222,,,,uploaded landslide_report.pdf
26183,SKM/SS/78A08/2015/179,Sikkim,,,,27.162781,88.484864,,,,uploaded landslide_report.pdf
26184,SKM/NS/78A04/2017/142,Sikkim,,,,27.163472,88.143083,,,,uploaded landslide_report.pdf
26185,SKM/SS/78A08/2015/282,Sikkim,,,,27.163556,88.458833,,,,uploaded landslide_report.pdf
26186,SKM/SS/78A08/2015/214,Sikkim,,,,27.16375,88.406417,,,,uploaded landslide_report.pdf
26187,SKM/SS/78A08/2015/281,Sikkim,,,,27.163861,88.462306,,,,uploaded landslide_report.pdf
26188,SKM/ES/78A12/2015/165,Sikkim,,,,27.163861,88.52,,,,uploaded landslide_report.pdf
26189,SKM/NS/78A04/2017/141,Sikkim,,,,27.163861,88.141361,,,,uploaded landslide_report.pdf
26190,SKM/NS/78A04/2017/100,Sikkim,,,,27.164472,88.213889,,,,uploaded landslide_report.pdf
26191,SKM/NS/78A04/2017/96,Sikkim,,,,27.1645,88.228444,,,,uploaded landslide_report.pdf
26192,SKM/SS/78A08/2015/396,Sikkim,,,,27.164528,88.348472,,,,uploaded landslide_report.pdf
26193,SKM/SS/78A08/2015/308,Sikkim,,,,27.165,88.444444,,,,uploaded landslide_report.pdf
26194,SKM/SS/78A08/2015/395,Sikkim,,,,27.165278,88.348528,,,,uploaded landslide_report.pdf
26195,SKM/NS/78A04/2017/112,Sikkim,,,,27.165333,88.162028,,,,uploaded landslide_report.pdf
26196,SKM/SS/78A08/2015/180,Sikkim,,,,27.165528,88.496556,,,,uploaded landslide_report.pdf
26197,SKM/SS/78A08/2015/178,Sikkim,,,,27.165586,88.488511,,,,uploaded landslide_report.pdf
26198,SKM/SS/78A08/2015/183,Sikkim,,,,27.165833,88.436667,,,,uploaded landslide_report.pdf
26199,SKM/NS/78A04/2017/143,Sikkim,,,,27.166278,88.144333,,,,uploaded landslide_report.pdf
26200,SKM/SS/78A08/2015/213,Sikkim,,,,27.166528,88.401333,,,,uploaded landslide_report.pdf
26201,SKM/SS/78A08/2015/304,Sikkim,,,,27.166611,88.417528,,,,uploaded landslide_report.pdf
26202,SKM/SS/78A08/2015/394,Sikkim,,,,27.167611,88.348889,,,,uploaded landslide_report.pdf
26203,SKM/NS/78A04/2017/99,Sikkim,,,,27.167972,88.224778,,,,uploaded landslide_report.pdf
26204,SKM/SS/78A08/2015/211,Sikkim,,,,27.168167,88.384556,,,,uploaded landslide_report.pdf
26205,SKM/SS/78A08/2015/302,Sikkim,,,,27.169028,88.486333,,,,uploaded landslide_report.pdf
26206,SKM/SS/78A08/2015/198,Sikkim,,,,27.169472,88.363778,,,,uploaded landslide_report.pdf
26207,SKM/SS/78A08/2015/280,Sikkim,,,,27.169583,88.462361,,,,uploaded landslide_report.pdf
26208,SKM/NS/78A04/2017/135,Sikkim,,,,27.170833,88.086361,,,,uploaded landslide_report.pdf
26209,SKM/NS/78A04/2017/95,Sikkim,,,,27.171083,88.245417,,,,uploaded landslide_report.pdf
26210,SKM/SS/78A08/2015/393,Sikkim,,,,27.171139,88.354611,,,,uploaded landslide_report.pdf
26211,SKM/NS/78A04/2017/110,Sikkim,,,,27.171639,88.159333,,,,uploaded landslide_report.pdf
26212,SKM/NS/78A04/2017/111,Sikkim,,,,27.171833,88.160861,,,,uploaded landslide_report.pdf
26213,SKM/NS/78A04/2017/137,Sikkim,,,,27.172083,88.090333,,,,uploaded landslide_report.pdf
26214,SKM/SOUTH/78A08/2017/001,Sikkim,,,,27.172228,88.372,,,,uploaded landslide_report.pdf
26215,SKM/SS/78A08/2015/210,Sikkim,,,,27.172333,88.381444,,,,uploaded landslide_report.pdf
26216,SKM/SS/78A08/2015/297,Sikkim,,,,27.172444,88.386972,,,,uploaded landslide_report.pdf
26217,SKM/NS/78A04/2017/136,Sikkim,,,,27.172444,88.089528,,,,uploaded landslide_report.pdf
26218,SKM/NS/78A04/2017/138,Sikkim,,,,27.173861,88.092111,,,,uploaded landslide_report.pdf
26219,SKM/SS/78A08/2015/296,Sikkim,,,,27.173917,88.38525,,,,uploaded landslide_report.pdf
26220,SKM/SS/78A08/2015/182,Sikkim,,,,27.174389,88.452028,,,,uploaded landslide_report.pdf
26221,SKM/SS/78A08/2015/295,Sikkim,,,,27.175,88.385028,,,,uploaded landslide_report.pdf
26222,SKM/SS/78A08/2015/300,Sikkim,,,,27.175778,88.402417,,,,uploaded landslide_report.pdf
26223,SKM/SS/78A08/2015/305,Sikkim,,,,27.176,88.429556,,,,uploaded landslide_report.pdf
26224,SKM/SS/78A08/2015/299,Sikkim,,,,27.176944,88.402056,,,,uploaded landslide_report.pdf
26225,SKM/SS/78A08/2015/301,Sikkim,,,,27.177056,88.402611,,,,uploaded landslide_report.pdf
26226,SKM/SS/78A08/2015/263,Sikkim,,,,27.177167,88.369611,,,,uploaded landslide_report.pdf
26227,SKM/SS/78A08/2015/306,Sikkim,,,,27.178111,88.430556,,,,uploaded landslide_report.pdf
26228,SKM/ES/78A12/2015/101,Sikkim,,,,27.178889,88.533097,,,,uploaded landslide_report.pdf
26229,SKM/NS/78A04/2017/106,Sikkim,,,,27.179278,88.190972,,,,uploaded landslide_report.pdf
26230,SKM/ES/78A12/2015/141,Sikkim,,,,27.179639,88.519778,,,,uploaded landslide_report.pdf
26231,SKM/ES/78A12/2015/143,Sikkim,,,,27.180417,88.51025,,,,uploaded landslide_report.pdf
26232,SKM/ES/78A12/2015/142,Sikkim,,,,27.180528,88.518611,,,,uploaded landslide_report.pdf
26233,SKM/NS/78A04/2017/105,Sikkim,,,,27.181167,88.192028,,,,uploaded landslide_report.pdf
26234,SKM/WS/78A08/2015/378,Sikkim,,,,27.181222,88.309528,,,,uploaded landslide_report.pdf
26235,SKM/SS/78A08/2015/298,Sikkim,,,,27.18175,88.395778,,,,uploaded landslide_report.pdf
26236,SKM/ES/78A12/2015/144,Sikkim,,,,27.182111,88.508,,,,uploaded landslide_report.pdf
26237,SKM/NS/78A03/2017/82,Sikkim,,,,27.185944,88.197944,,,,uploaded landslide_report.pdf
26238,SKM/NS/78A03/2017/83,Sikkim,,,,27.185972,88.205833,,,,uploaded landslide_report.pdf
26239,SKM/WS/78A08/2015/351,Sikkim,,,,27.186361,88.320417,,,,uploaded landslide_report.pdf
26240,SKM/NS/78A03/2017/84,Sikkim,,,,27.186611,88.206278,,,,uploaded landslide_report.pdf
26241,SKM/ES/78A12/2015/102,Sikkim,,,,27.18815,88.562083,,,,uploaded landslide_report.pdf
26242,SKM/ES/78A12/2015/145,Sikkim,,,,27.188528,88.501194,,,,uploaded landslide_report.pdf
26243,SKM/SS/78A08/2015/197,Sikkim,,,,27.189222,88.391056,,,,uploaded landslide_report.pdf
26244,SKM/ES/78A12/2015/103,Sikkim,,,,27.189261,88.595686,,,,uploaded landslide_report.pdf
26245,SKM/ES/78A12/2015/39,Sikkim,,,,27.19,88.564472,,,,uploaded landslide_report.pdf
26246,SKM/ES/78A12/2015/104,Sikkim,,,,27.190067,88.596483,,,,uploaded landslide_report.pdf
26247,SKM/ES/78A12/2015/105,Sikkim,,,,27.190833,88.596889,,,,uploaded landslide_report.pdf
26248,SKM/WS/78A08/2015/350,Sikkim,,,,27.191639,88.325861,,,,uploaded landslide_report.pdf
26249,SKM/WS/78A08/2015/374,Sikkim,,,,27.191917,88.2885,,,,uploaded landslide_report.pdf
26250,SKM/ES/78A12/2015/106,Sikkim,,,,27.192989,88.603083,,,,uploaded landslide_report.pdf
26251,SKM/ES/78A12/2015/135,Sikkim,,,,27.193794,88.650528,,,,uploaded landslide_report.pdf
26252,SKM/SS/78A08/2015/206,Sikkim,,,,27.194333,88.388889,,,,uploaded landslide_report.pdf
26253,SKM/ES/78A12/2015/108,Sikkim,,,,27.195083,88.631992,,,,uploaded landslide_report.pdf
26254,SKM/ES/78A12/2015/109,Sikkim,,,,27.195511,88.6342,,,,uploaded landslide_report.pdf
26255,SKM/ES/78A12/2015/107,Sikkim,,,,27.195703,88.625444,,,,uploaded landslide_report.pdf
26256,SKM/SS/78A08/2015/207,Sikkim,,,,27.195722,88.387472,,,,uploaded landslide_report.pdf
26257,SKM/NS/78A03/2017/81,Sikkim,,,,27.197111,88.208722,,,,uploaded landslide_report.pdf
26258,SKM/SS/78A12/2015/146,Sikkim,,,,27.197417,88.4905,,,,uploaded landslide_report.pdf
26259,SKM/ES/78A12/2015/110,Sikkim,,,,27.198856,88.638725,,,,uploaded landslide_report.pdf
26260,SKM/ES/78A12/2015/134,Sikkim,,,,27.198928,88.66095,,,,uploaded landslide_report.pdf
26261,SKM/SS/78A08/2015/385,Sikkim,,,,27.199028,88.350417,,,,uploaded landslide_report.pdf
26262,SKM/ES/78A12/2015/111,Sikkim,,,,27.199722,88.641633,,,,uploaded landslide_report.pdf
26263,SKM/SS/78A08/2015/386,Sikkim,,,,27.200389,88.3545,,,,uploaded landslide_report.pdf
26264,SKM/WS/78A08/2015/384,Sikkim,,,,27.200861,88.340861,,,,uploaded landslide_report.pdf
26265,SKM/ES/78A12/2015/133,Sikkim,,,,27.201278,88.665381,,,,uploaded landslide_report.pdf
26266,SKM/WS/78A08/2015/366,Sikkim,,,,27.20175,88.268194,,,,uploaded landslide_report.pdf
26267,SKM/ES/78A12/2015/132,Sikkim,,,,27.201875,88.667278,,,,uploaded landslide_report.pdf
26268,SKM/SS/78A08/2015/209,Sikkim,,,,27.202417,88.391583,,,,uploaded landslide_report.pdf
26269,SKM/ES/78A12/2015/113,Sikkim,,,,27.202433,88.656708,,,,uploaded landslide_report.pdf
26270,SKM/ES/78A12/2015/34,Sikkim,,,,27.203167,88.588667,,,,uploaded landslide_report.pdf
26271,SKM/ES/78A12/2015/38,Sikkim,,,,27.203194,88.600278,,,,uploaded landslide_report.pdf
26272,SKM/ES/78A12/2015/114,Sikkim,,,,27.203869,88.658333,,,,uploaded landslide_report.pdf
26273,SKM/ES/78A12/2015/112,Sikkim,,,,27.204556,88.647222,,,,uploaded landslide_report.pdf
26274,SKM/WS/78A08/2015/349,Sikkim,,,,27.204694,88.32375,,,,uploaded landslide_report.pdf
26275,SKM/ES/78A12/2015/33,Sikkim,,,,27.205,88.591722,,,,uploaded landslide_report.pdf
26276,SKM/SS/78A08/2015/56,Sikkim,,,,27.205,88.442122,,,,uploaded landslide_report.pdf
26277,SKM/ES/78A12/2015/115,Sikkim,,,,27.205047,88.689053,,,,uploaded landslide_report.pdf
26278,SKM/SS/78A08/2015/54,Sikkim,,,,27.206611,88.442814,,,,uploaded landslide_report.pdf
26279,SKM/ES/78A12/2015/118,Sikkim,,,,27.206653,88.679953,,,,uploaded landslide_report.pdf
26280,SKM/WS/78A08/2015/348,Sikkim,,,,27.206917,88.323278,,,,uploaded landslide_report.pdf
26281,SKM/SS/78A08/2015/55,Sikkim,,,,27.207039,88.446667,,,,uploaded landslide_report.pdf
26282,SKM/ES/78A12/2015/116,Sikkim,,,,27.207264,88.672817,,,,uploaded landslide_report.pdf
26283,SKM/ES/78A12/2015/117,Sikkim,,,,27.207606,88.676047,,,,uploaded landslide_report.pdf
26284,SKM/SS/78A08/2015/208,Sikkim,,,,27.20825,88.387667,,,,uploaded landslide_report.pdf
26285,SKM/ES/78A12/2015/35,Sikkim,,,,27.2115,88.58775,,,,uploaded landslide_report.pdf
26286,SKM/ES/78A12/2015/36,Sikkim,,,,27.212222,88.587889,,,,uploaded landslide_report.pdf
26287,SKM/SS/78A08/2015/196,Sikkim,,,,27.212583,88.399333,,,,uploaded landslide_report.pdf
26288,SKM/SS/78A08/2015/202,Sikkim,,,,27.21275,88.391444,,,,uploaded landslide_report.pdf
26289,SKM/WS/78A08/2015/347,Sikkim,,,,27.213556,88.321833,,,,uploaded landslide_report.pdf
26290,SKM/ES/78A11/2015/13,Sikkim,,,,27.214222,88.608361,,,,uploaded landslide_report.pdf
26291,SKM/SS/78A08/2015/203,Sikkim,,,,27.214639,88.392417,,,,uploaded landslide_report.pdf
26292,SKM/ES/78A12/2015/37,Sikkim,,,,27.214806,88.588083,,,,uploaded landslide_report.pdf
26293,SKM/SS/78A08/2015/205,Sikkim,,,,27.215056,88.393306,,,,uploaded landslide_report.pdf
26294,SKM/SS/78A08/2015/195,Sikkim,,,,27.21525,88.402278,,,,uploaded landslide_report.pdf
26295,SKM/NS/78A03/2017/85,Sikkim,,,,27.216361,88.199667,,,,uploaded landslide_report.pdf
26296,SKM/SS/78A08/2015/204,Sikkim,,,,27.216639,88.392361,,,,uploaded landslide_report.pdf
26297,SKM/WS/78A08/2015/367,Sikkim,,,,27.216722,88.274639,,,,uploaded landslide_report.pdf
26298,SKM/NS/78A04/2017/93,Sikkim,,,,27.217278,88.236944,,,,uploaded landslide_report.pdf
26299,SKM/NS/78A04/2017/91,Sikkim,,,,27.217667,88.233472,,,,uploaded landslide_report.pdf
26300,SKM/NS/78A04/2017/92,Sikkim,,,,27.217667,88.234639,,,,uploaded landslide_report.pdf
26301,SKM/NS/78A04/2017/90,Sikkim,,,,27.218278,88.232472,,,,uploaded landslide_report.pdf
26302,SKM/NS/78A04/2017/89,Sikkim,,,,27.21875,88.233694,,,,uploaded landslide_report.pdf
26303,SKM/SS/78A08/2015/200,Sikkim,,,,27.219444,88.391111,,,,uploaded landslide_report.pdf
26304,SKM/NS/78A04/2017/88,Sikkim,,,,27.219444,88.234361,,,,uploaded landslide_report.pdf
26305,SKM/NS/78A03/2017/80,Sikkim,,,,27.2195,88.210222,,,,uploaded landslide_report.pdf
26306,SKM/WS/78A08/2015/369,Sikkim,,,,27.219917,88.276306,,,,uploaded landslide_report.pdf
26307,SKM/WS/78A08/2015/370,Sikkim,,,,27.220306,88.261861,,,,uploaded landslide_report.pdf
26308,SKM/WS/78A08/2015/373,Sikkim,,,,27.220472,88.281028,,,,uploaded landslide_report.pdf
26309,SKM/ES/78A12/2015/131,Sikkim,,,,27.22075,88.699833,,,,uploaded landslide_report.pdf
26310,SKM/WS/78A08/2015/371,Sikkim,,,,27.220778,88.279917,,,,uploaded landslide_report.pdf
26311,SKM/NS/78A04/2017/87,Sikkim,,,,27.220806,88.237361,,,,uploaded landslide_report.pdf
26312,SKM/ES/78A11/2015/14,Sikkim,,,,27.220861,88.657111,,,,uploaded landslide_report.pdf
26313,SKM/ES/78A12/2015/27,Sikkim,,,,27.0,88.652278,,,,uploaded landslide_report.pdf
26314,SKM/SS/78A08/2015/199,Sikkim,,,,27.220917,88.385083,,,,uploaded landslide_report.pdf
26315,SKM/SS/78A08/2015/194,Sikkim,,,,27.220972,88.397639,,,,uploaded landslide_report.pdf
26316,SKM/SS/78A08/2015/189,Sikkim,,,,27.221444,88.376167,,,,uploaded landslide_report.pdf
26317,SKM/SS/78A08/2015/188,Sikkim,,,,27.2215,88.370667,,,,uploaded landslide_report.pdf
26318,SKM/SS/78A08/2015/201,Sikkim,,,,27.221778,88.390861,,,,uploaded landslide_report.pdf
26319,SKM/WS/78A08/2015/372,Sikkim,,,,27.222917,88.281972,,,,uploaded landslide_report.pdf
26320,SKM/SS/78A12/2015/147,Sikkim,,,,27.223833,88.491833,,,,uploaded landslide_report.pdf
26321,SKM/SS/78A08/2015/187,Sikkim,,,,27.224778,88.372083,,,,uploaded landslide_report.pdf
26322,SKM/SS/78A08/2015/186,Sikkim,,,,27.225083,88.373333,,,,uploaded landslide_report.pdf
26323,SKM/NS/78A04/2017/86,Sikkim,,,,27.225556,88.240333,,,,uploaded landslide_report.pdf
26324,SKM/SS/78A12/2015/148,Sikkim,,,,27.22575,88.49325,,,,uploaded landslide_report.pdf
26325,SKM/WS/78A08/2015/392,Sikkim,,,,27.226556,88.308861,,,,uploaded landslide_report.pdf
26326,SKM/NS/78A03/2017/79,Sikkim,,,,27.2275,88.220278,,,,uploaded landslide_report.pdf
26327,SKM/NS/78A04/2017/94,Sikkim,,,,27.227528,88.219639,,,,uploaded landslide_report.pdf
26328,SKM/SS/78A12/2015/149,Sikkim,,,,27.228556,88.493889,,,,uploaded landslide_report.pdf
26329,SKM/SS/78A08/2015/185,Sikkim,,,,27.229417,88.378444,,,,uploaded landslide_report.pdf
26330,SKM/ES/78A12/2015/28,Sikkim,,,,28.0,88.619361,,,,uploaded landslide_report.pdf
26331,SKM/WS/78A08/2015/391,Sikkim,,,,27.230583,88.306056,,,,uploaded landslide_report.pdf
26332,SKM/SS/78A08/2015/184,Sikkim,,,,27.232639,88.378417,,,,uploaded landslide_report.pdf
26333,SKM/NS/78A04/2017/68,Sikkim,,,,27.233194,88.246361,,,,uploaded landslide_report.pdf
26334,SKM/ES/78A12/2015/22,Sikkim,,,,22.0,88.5015,,,,uploaded landslide_report.pdf
26335,SKM/ES/78A12/2015/120,Sikkim,,,,27.233417,88.634806,,,,uploaded landslide_report.pdf
26336,SKM/SS/78A08/2015/235,Sikkim,,,,27.233667,88.348389,,,,uploaded landslide_report.pdf
26337,SKM/ES/78A12/2015/29,Sikkim,,,,29.0,88.6025,,,,uploaded landslide_report.pdf
26338,SKM/ES/78A12/2015/30,Sikkim,,,,30.0,88.602389,,,,uploaded landslide_report.pdf
26339,SKM/SS/78A12/2015/150,Sikkim,,,,27.23575,88.506472,,,,uploaded landslide_report.pdf
26340,SKM/SS/78A12/2015/151,Sikkim,,,,27.23575,88.507972,,,,uploaded landslide_report.pdf
26341,SKM/ES/78A12/2015/21,Sikkim,,,,21.0,88.506306,,,,uploaded landslide_report.pdf
26342,SKM/SS/78A08/2015/360,Sikkim,,,,27.235861,88.433167,,,,uploaded landslide_report.pdf
26343,SKM/ES/78A12/2015/121,Sikkim,,,,27.235917,88.645167,,,,uploaded landslide_report.pdf
26344,SKM/ES/78A12/2015/152,Sikkim,,,,27.236361,88.50875,,,,uploaded landslide_report.pdf
26345,SKM/ES/78A12/2015/20,Sikkim,,,,20.0,88.509611,,,,uploaded landslide_report.pdf
26346,SKM/NS/78A04/2017/69,Sikkim,,,,27.236889,88.235917,,,,uploaded landslide_report.pdf
26347,SKM/ES/78A12/2015/32,Sikkim,,,,27.237694,88.598806,,,,uploaded landslide_report.pdf
26348,SKM/EAS/78A12/2014/002,Sikkim,,,,27.23772,88.51384,,,,uploaded landslide_report.pdf
26349,SKM/SS/78A08/2015/236,Sikkim,,,,27.237889,88.346444,,,,uploaded landslide_report.pdf
26350,SKM/WS/78A08/2015/390,Sikkim,,,,27.237917,88.30475,,,,uploaded landslide_report.pdf
26351,SKM/ES/78A12/2015/31,Sikkim,,,,27.238111,88.601528,,,,uploaded landslide_report.pdf
26352,SKM/EAS/78A08/2014/003,Sikkim,,,,27.23924,88.48416,,,,uploaded landslide_report.pdf
26353,SKM/WS/78A08/2015/387,Sikkim,,,,27.239972,88.332778,,,,uploaded landslide_report.pdf
26354,SKM/ES/78A08/2015/49,Sikkim,,,,27.240028,88.486472,,,,uploaded landslide_report.pdf
26355,SKM/ES/78A08/2015/50,Sikkim,,,,27.240194,88.486278,,,,uploaded landslide_report.pdf
26356,SKM/NS/78A04/2017/71,Sikkim,,,,27.240389,88.234028,,,,uploaded landslide_report.pdf
26357,SKM/ES/78A08/2015/52,Sikkim,,,,27.240556,88.48025,,,,uploaded landslide_report.pdf
26358,SKM/WS/78A08/2015/389,Sikkim,,,,27.240639,88.306056,,,,uploaded landslide_report.pdf
26359,SKM/ES/78A08/2015/51,Sikkim,,,,27.240861,88.486278,,,,uploaded landslide_report.pdf
26360,SKM/NS/78A04/2017/70,Sikkim,,,,27.241333,88.233972,,,,uploaded landslide_report.pdf
26361,SK/ED/78A12/2017/01,Sikkim,,,,27.24144,88.60681,,,,uploaded landslide_report.pdf
26362,SKM/WS/78A08/2015/388,Sikkim,,,,27.242139,88.327389,,,,uploaded landslide_report.pdf
26363,SKM/SS/78A08/2015/237,Sikkim,,,,27.242917,88.354417,,,,uploaded landslide_report.pdf
26364,SKM/WS/78A08/2015/368,Sikkim,,,,27.243806,88.2725,,,,uploaded landslide_report.pdf
26365,SKM/SS/78A08/2015/239,Sikkim,,,,27.244056,88.348056,,,,uploaded landslide_report.pdf
26366,SKM/SS/78A08/2015/238,Sikkim,,,,27.244472,88.350472,,,,uploaded landslide_report.pdf
26367,SKM/ES/78A12/2015/153,Sikkim,,,,27.245028,88.524389,,,,uploaded landslide_report.pdf
26368,SKM/NS/78A04/2017/72,Sikkim,,,,27.245028,88.226861,,,,uploaded landslide_report.pdf
26369,SKM/ES/78A12/2015/19,Sikkim,,,,27.245139,88.524444,,,,uploaded landslide_report.pdf
26370,SKM/NS/78A04/2017/45,Sikkim,,,,27.245972,88.185278,,,,uploaded landslide_report.pdf
26371,SKM/ES/78A11/2015/16,Sikkim,,,,27.246056,88.62575,,,,uploaded landslide_report.pdf
26372,SKM/ES/78A12/2015/119,Sikkim,,,,27.246194,88.625694,,,,uploaded landslide_report.pdf
26373,SKM/NS/78A04/2017/44,Sikkim,,,,27.246944,88.184833,,,,uploaded landslide_report.pdf
26374,SKM/NS/78A04/2017/73,Sikkim,,,,27.247111,88.225222,,,,uploaded landslide_report.pdf
26375,SKM/NS/78A04/2017/01,Sikkim,,,,27.248583,88.117444,,,,uploaded landslide_report.pdf
26376,SKM/NS/78A04/2017/02,Sikkim,,,,27.248833,88.117194,,,,uploaded landslide_report.pdf
26377,SKM/WS/78A07/2015/346,Sikkim,,,,27.25,88.301889,,,,uploaded landslide_report.pdf
26378,SKM/ES/78A11/2015/154,Sikkim,,,,27.250556,88.53325,,,,uploaded landslide_report.pdf
26379,SKM/ES/78A11/2015/130,Sikkim,,,,27.250889,88.715444,,,,uploaded landslide_report.pdf
26380,SKM/ES/78A11/2015/122,Sikkim,,,,27.250972,88.659833,,,,uploaded landslide_report.pdf
26381,SKM/SS/78A07/2015/190,Sikkim,,,,27.251417,88.3845,,,,uploaded landslide_report.pdf
26382,SK/ESK/78A11/2019/03,Sikkim,,,,27.251639,88.531361,,,,uploaded landslide_report.pdf
26383,SKM/NS/78A03/2017/43,Sikkim,,,,27.251722,88.182972,,,,uploaded landslide_report.pdf
26384,SKM/NS/78A03/2017/42,Sikkim,,,,27.252139,88.176944,,,,uploaded landslide_report.pdf
26385,SKM/WS/78A07/2015/365,Sikkim,,,,27.252167,88.272778,,,,uploaded landslide_report.pdf
26386,SKM/ES/78A11/2015/123,Sikkim,,,,27.252667,88.694194,,,,uploaded landslide_report.pdf
26387,SKM/NS/78A15/2017/165,Sikkim,,,,27.253528,88.786111,,,,uploaded landslide_report.pdf
26388,SKM/NS/78A03/2017/67,Sikkim,,,,27.253889,88.210028,,,,uploaded landslide_report.pdf
26389,SKM/WS/78A07/2015/345,Sikkim,,,,27.254222,88.3005,,,,uploaded landslide_report.pdf
26390,SKM/NS/78A03/2017/34,Sikkim,,,,27.254389,88.145306,,,,uploaded landslide_report.pdf
26391,SKM/ES/78A11/2015/128,Sikkim,,,,27.25475,88.711,,,,uploaded landslide_report.pdf
26392,SKM/ES/78A11/2015/155,Sikkim,,,,27.254778,88.542444,,,,uploaded landslide_report.pdf
26393,SKM/SS/78A07/2015/192,Sikkim,,,,27.254917,88.390889,,,,uploaded landslide_report.pdf
26394,SKM/SS/78A07/2015/193,Sikkim,,,,27.255167,88.396944,,,,uploaded landslide_report.pdf
26395,SKM/ES/78A11/2015/17,Sikkim,,,,27.255278,88.543611,,,,uploaded landslide_report.pdf
26396,SKM/SS/78A07/2015/191,Sikkim,,,,27.255389,88.388944,,,,uploaded landslide_report.pdf
26397,SKM/NS/78A03/2017/38,Sikkim,,,,27.255861,88.156139,,,,uploaded landslide_report.pdf
26398,SKM/ES/78A11/2015/127,Sikkim,,,,27.256,88.706167,,,,uploaded landslide_report.pdf
26399,SKM/NS/78A03/2017/40,Sikkim,,,,27.256556,88.148722,,,,uploaded landslide_report.pdf
26400,SKM/NS/78A03/2017/37,Sikkim,,,,27.25675,88.148611,,,,uploaded landslide_report.pdf
26401,SKM/EAS/78A11/2014/001,Sikkim,,,,27.25677,88.55359,,,,uploaded landslide_report.pdf
26402,SKM/ES/78A11/2015/15,Sikkim,,,,27.257083,88.65975,,,,uploaded landslide_report.pdf
26403,SKM/ES/78A11/2015/124,Sikkim,,,,27.257083,88.696583,,,,uploaded landslide_report.pdf
26404,SKM/ES/78A11/2015/125,Sikkim,,,,27.257139,88.697556,,,,uploaded landslide_report.pdf
26405,SKM/WS/78A07/2015/363,Sikkim,,,,27.257194,88.305444,,,,uploaded landslide_report.pdf
26406,SKM/NS/78A03/2017/39,Sikkim,,,,27.257361,88.165333,,,,uploaded landslide_report.pdf
26407,SKM/SS/78A07/2015/327,Sikkim,,,,27.257417,88.418889,,,,uploaded landslide_report.pdf
26408,SKM/ES/78A11/2015/156,Sikkim,,,,27.257972,88.548861,,,,uploaded landslide_report.pdf
26409,SKM/ES/78A11/2015/126,Sikkim,,,,27.258222,88.704778,,,,uploaded landslide_report.pdf
26410,SKM/NS/78A03/2017/76,Sikkim,,,,27.258306,88.245306,,,,uploaded landslide_report.pdf
26411,SKM/NS/78A03/2017/78,Sikkim,,,,27.258389,88.246611,,,,uploaded landslide_report.pdf
26412,SKM/NS/78A03/2017/36,Sikkim,,,,27.258556,88.147028,,,,uploaded landslide_report.pdf
26413,SKM/NS/78A03/2017/74,Sikkim,,,,27.258778,88.202639,,,,uploaded landslide_report.pdf
26414,SKM/NS/78A03/2017/35,Sikkim,,,,27.258889,88.145611,,,,uploaded landslide_report.pdf
26415,SKM/SS/78A07/2015/328,Sikkim,,,,27.259306,88.423028,,,,uploaded landslide_report.pdf
26416,SKM/ES/78A11/2015/18,Sikkim,,,,27.259694,88.550417,,,,uploaded landslide_report.pdf
26417,SKM/NS/78A03/2017/77,Sikkim,,,,27.259722,88.248972,,,,uploaded landslide_report.pdf
26418,SKM/ES/78A11/2015/129,Sikkim,,,,27.259833,88.711722,,,,uploaded landslide_report.pdf
26419,SKM/SS/78A07/2015/289,Sikkim,,,,27.26,88.381361,,,,uploaded landslide_report.pdf
26420,SKM/NS/78A03/2017/41,Sikkim,,,,27.260167,88.171889,,,,uploaded landslide_report.pdf
26421,SKM/WS/78A07/2015/364,Sikkim,,,,27.260194,88.302417,,,,uploaded landslide_report.pdf
26422,SKM/NS/78A03/2017/75,Sikkim,,,,27.260861,88.233278,,,,uploaded landslide_report.pdf
26423,SKM/NS/78A15/2017/164,Sikkim,,,,27.2615,88.788778,,,,uploaded landslide_report.pdf
26424,SKM/WS/78A07/2015/344,Sikkim,,,,27.26175,88.2945,,,,uploaded landslide_report.pdf
26425,SKM/NS/78A03/2017/66,Sikkim,,,,27.261778,88.197194,,,,uploaded landslide_report.pdf
26426,SKM/SS/78A07/2015/329,Sikkim,,,,27.262056,88.4305,,,,uploaded landslide_report.pdf
26427,SKM/ES/78A11/2015/158,Sikkim,,,,27.262583,88.562389,,,,uploaded landslide_report.pdf
26428,SKM/SS/78A07/2015/290,Sikkim,,,,27.263194,88.377139,,,,uploaded landslide_report.pdf
26429,SKM/NS/78A15/2017/163,Sikkim,,,,27.263278,88.786667,,,,uploaded landslide_report.pdf
26430,SKM/ES/78A11/2015/157,Sikkim,,,,27.264361,88.558389,,,,uploaded landslide_report.pdf
26431,SKM/NS/78A15/2017/160,Sikkim,,,,27.264694,88.792667,,,,uploaded landslide_report.pdf
26432,SKM/NS/78A15/2017/161,Sikkim,,,,27.26525,88.789556,,,,uploaded landslide_report.pdf
26433,SKM/NS/78A15/2017/162,Sikkim,,,,27.265389,88.788278,,,,uploaded landslide_report.pdf
26434,SKM/ES/78A11/2015/40,Sikkim,,,,27.265944,88.534556,,,,uploaded landslide_report.pdf
26435,SKM/WS/78A07/2015/343,Sikkim,,,,27.268944,88.2875,,,,uploaded landslide_report.pdf
26436,SKM/NS/78A03/2017/19,Sikkim,,,,27.269556,88.137861,,,,uploaded landslide_report.pdf
26437,SKM/NS/78A03/2017/18,Sikkim,,,,27.269778,88.144278,,,,uploaded landslide_report.pdf
26438,SKM/NS/78A03/2017/31,Sikkim,,,,27.269861,88.178139,,,,uploaded landslide_report.pdf
26439,SKM/NS/78A03/2017/03,Sikkim,,,,27.269917,88.077111,,,,uploaded landslide_report.pdf
26440,SKM/NS/78A03/2017/30,Sikkim,,,,30.0,88.179944,,,,uploaded landslide_report.pdf
26441,SKM/SS/78A07/2015/330,Sikkim,,,,27.270056,88.430139,,,,uploaded landslide_report.pdf
26442,SKM/NS/78A03/2017/32,Sikkim,,,,27.270056,88.174444,,,,uploaded landslide_report.pdf
26443,SKM/NS/78A03/2017/17,Sikkim,,,,27.270667,88.142056,,,,uploaded landslide_report.pdf
26444,SKM/NS/78A03/2017/33,Sikkim,,,,27.27075,88.167417,,,,uploaded landslide_report.pdf
26445,SKM/SS/78A07/2015/331,Sikkim,,,,27.271583,88.430389,,,,uploaded landslide_report.pdf
26446,SKM/SS/78A07/2015/286,Sikkim,,,,27.272056,88.394139,,,,uploaded landslide_report.pdf
26447,SKM/SS/78A07/2015/285,Sikkim,,,,27.273083,88.389528,,,,uploaded landslide_report.pdf
26448,SKM/WS/78A07/2015/362,Sikkim,,,,27.27325,88.303417,,,,uploaded landslide_report.pdf
26449,SKM/SS/78A07/2015/287,Sikkim,,,,27.273861,88.398722,,,,uploaded landslide_report.pdf
26450,SKM/WS/78A07/2015/361,Sikkim,,,,27.2755,88.308056,,,,uploaded landslide_report.pdf
26451,SKM/NS/78A03/2017/04,Sikkim,,,,27.27575,88.084972,,,,uploaded landslide_report.pdf
26452,SKM/WS/78A07/2015/358,Sikkim,,,,27.275917,88.254278,,,,uploaded landslide_report.pdf
26453,SKM/SS/78A07/2015/288,Sikkim,,,,27.276167,88.398722,,,,uploaded landslide_report.pdf
26454,SKM/SS/78A07/2015/332,Sikkim,,,,27.279889,88.436472,,,,uploaded landslide_report.pdf
26455,SKM/NS/78A15/2017/159,Sikkim,,,,27.279972,88.804278,,,,uploaded landslide_report.pdf
26456,SKM/NS/78A03/2017/23,Sikkim,,,,23.0,88.186917,,,,uploaded landslide_report.pdf
26457,SKM/NS/78A03/2017/26,Sikkim,,,,26.0,88.190861,,,,uploaded landslide_report.pdf
26458,SKM/NS/78A03/2017/05,Sikkim,,,,27.280889,88.084333,,,,uploaded landslide_report.pdf
26459,SKM/NS/78A03/2017/28,Sikkim,,,,28.0,88.227667,,,,uploaded landslide_report.pdf
26460,SKM/NS/78A03/2017/22,Sikkim,,,,22.0,88.187833,,,,uploaded landslide_report.pdf
26461,SKM/NS/78A03/2017/29,Sikkim,,,,29.0,88.229556,,,,uploaded landslide_report.pdf
26462,SKM/SS/78A07/2015/334,Sikkim,,,,27.282,88.415028,,,,uploaded landslide_report.pdf
26463,SKM/ES/78A11/2015/97,Sikkim,,,,27.282444,88.598917,,,,uploaded landslide_report.pdf
26464,SKM/NS/78A03/2017/09,Sikkim,,,,27.282667,88.108278,,,,uploaded landslide_report.pdf
26465,SKM/NS/78A03/2017/21,Sikkim,,,,21.0,88.189556,,,,uploaded landslide_report.pdf
26466,SKM/NS/78A03/2017/08,Sikkim,,,,27.283194,88.106667,,,,uploaded landslide_report.pdf
26467,SKM/NS/78A03/2017/25,Sikkim,,,,25.0,88.192639,,,,uploaded landslide_report.pdf
26468,SKM/NS/78A03/2017/20,Sikkim,,,,20.0,88.189944,,,,uploaded landslide_report.pdf
26469,SK/EAS/78A11/2014/01,Sikkim,,,,27.28408,88.54611,,,,uploaded landslide_report.pdf
26470,SKM/WS/78A07/2015/359,Sikkim,,,,27.284139,88.264889,,,,uploaded landslide_report.pdf
26471,SKM/SS/78A07/2015/291,Sikkim,,,,27.28425,88.370056,,,,uploaded landslide_report.pdf
26472,SKM/NS/78A03/2017/24,Sikkim,,,,24.0,88.195583,,,,uploaded landslide_report.pdf
26473,SKM/NS/78A03/2017/10,Sikkim,,,,27.28475,88.106194,,,,uploaded landslide_report.pdf
26474,SKM/NS/78A03/2017/27,Sikkim,,,,27.0,88.197583,,,,uploaded landslide_report.pdf
26475,SKM/SS/78A07/2015/292,Sikkim,,,,27.287194,88.369444,,,,uploaded landslide_report.pdf
26476,SKM/NS/78A03/2017/11,Sikkim,,,,27.287361,88.102611,,,,uploaded landslide_report.pdf
26477,SKM/NS/78A03/2017/13,Sikkim,,,,27.288167,88.102778,,,,uploaded landslide_report.pdf
26478,SKM/NS/78A03/2017/12,Sikkim,,,,27.288444,88.102667,,,,uploaded landslide_report.pdf
26479,SKM/NS/78A15/2017/158,Sikkim,,,,27.288667,88.816111,,,,uploaded landslide_report.pdf
26480,SKM/NS/78A03/2017/06,Sikkim,,,,27.289861,88.084389,,,,uploaded landslide_report.pdf
26481,SKM/NS/78A15/2017/157,Sikkim,,,,27.292583,88.820417,,,,uploaded landslide_report.pdf
26482,SKM/ES/78A11/2015/159,Sikkim,,,,27.292944,88.589417,,,,uploaded landslide_report.pdf
26483,SKM/WS/78A07/2015/380,Sikkim,,,,27.293417,88.294917,,,,uploaded landslide_report.pdf
26484,SKM/ES/78A11/2015/98,Sikkim,,,,27.293556,88.642056,,,,uploaded landslide_report.pdf
26485,SKM/NS/78A03/2017/07,Sikkim,,,,27.294889,88.079944,,,,uploaded landslide_report.pdf
26486,SKM/NS/78A03/2017/14,Sikkim,,,,27.29525,88.102694,,,,uploaded landslide_report.pdf
26487,SKM/NS/78A03/2017/16,Sikkim,,,,27.295444,88.094583,,,,uploaded landslide_report.pdf
26488,SKM/NS/78A03/2017/15,Sikkim,,,,27.296028,88.10175,,,,uploaded landslide_report.pdf
26489,SKM/SS/78A07/2015/335,Sikkim,,,,27.297139,88.388472,,,,uploaded landslide_report.pdf
26490,SKM/SS/78A07/2015/338,Sikkim,,,,27.29975,88.419778,,,,uploaded landslide_report.pdf
26491,SKM/NS/78A03/2017/46,Sikkim,,,,27.301972,88.218778,,,,uploaded landslide_report.pdf
26492,SKM/SS/78A07/2015/284,Sikkim,,,,27.302861,88.373944,,,,uploaded landslide_report.pdf
26493,SKM/SS/78A07/2015/333,Sikkim,,,,27.303083,88.433167,,,,uploaded landslide_report.pdf
26494,SKM/NS/78A03/2017/107,Sikkim,,,,27.304028,88.178806,,,,uploaded landslide_report.pdf
26495,SKM/NS/78A03/2017/47,Sikkim,,,,27.30675,88.199083,,,,uploaded landslide_report.pdf
26496,SKM/SS/78A07/2015/336,Sikkim,,,,27.306806,88.375194,,,,uploaded landslide_report.pdf
26497,SKM/SS/78A07/2015/283,Sikkim,,,,27.306861,88.368444,,,,uploaded landslide_report.pdf
26498,SKM/SS/78A07/2015/337,Sikkim,,,,27.311667,88.418611,,,,uploaded landslide_report.pdf
26499,SKM/NS/78A03/2017/48,Sikkim,,,,27.313722,88.189917,,,,uploaded landslide_report.pdf
26500,SKM/ES/78A11/2015/42,Sikkim,,,,27.313917,88.557583,,,,uploaded landslide_report.pdf
26501,SKM/NS/78A15/2017/156,Sikkim,,,,27.3145,88.8365,,,,uploaded landslide_report.pdf
26502,SKM/SS/78A07/2015/340,Sikkim,,,,27.314694,88.417917,,,,uploaded landslide_report.pdf
26503,SKM/ES/78A11/2015/41,Sikkim,,,,27.315028,88.558139,,,,uploaded landslide_report.pdf
26504,SKM/ES/78A11/2015/43,Sikkim,,,,27.315028,88.558611,,,,uploaded landslide_report.pdf
26505,SKM/ES/78A11/2015/47,Sikkim,,,,27.315083,88.506056,,,,uploaded landslide_report.pdf
26506,SKM/NS/78A03/2017/62,Sikkim,,,,27.315778,88.178944,,,,uploaded landslide_report.pdf
26507,SKM/ES/78A11/2015/44,Sikkim,,,,27.316,88.559889,,,,uploaded landslide_report.pdf
26508,SKM/NS/78A03/2017/63,Sikkim,,,,27.316583,88.178917,,,,uploaded landslide_report.pdf
26509,SKM/ES/78A11/2015/45,Sikkim,,,,27.316944,88.560056,,,,uploaded landslide_report.pdf
26510,SKM/NS/78A03/2017/64,Sikkim,,,,27.317083,88.178556,,,,uploaded landslide_report.pdf
26511,SKM/NS/78A03/2017/61,Sikkim,,,,27.317417,88.182861,,,,uploaded landslide_report.pdf
26512,SK/WES/78A03/2014/02,Sikkim,,,,27.31892,88.16222,,,,uploaded landslide_report.pdf
26513,SKM/NS/78A03/2017/65,Sikkim,,,,27.320111,88.177833,,,,uploaded landslide_report.pdf
26514,SKM/NS/78A03/2017/49,Sikkim,,,,27.320611,88.219611,,,,uploaded landslide_report.pdf
26515,SKM/NS/78A03/2017/59,Sikkim,,,,27.324944,88.213861,,,,uploaded landslide_report.pdf
26516,SKM/NS/78A03/2017/52,Sikkim,,,,27.326444,88.219,,,,uploaded landslide_report.pdf
26517,SKM/ES/78A11/2015/100,Sikkim,,,,27.329361,88.649278,,,,uploaded landslide_report.pdf
26518,SKM/ES/78A11/2015/99,Sikkim,,,,27.329472,88.648917,,,,uploaded landslide_report.pdf
26519,SKM/NS/78A03/2017/58,Sikkim,,,,27.3305,88.215639,,,,uploaded landslide_report.pdf
26520,SKM/NS/78A03/2017/57,Sikkim,,,,27.33075,88.216333,,,,uploaded landslide_report.pdf
26521,SKM/ES/78A07/2015/48,Sikkim,,,,27.330778,88.49225,,,,uploaded landslide_report.pdf
26522,SKM/SS/78A07/2015/339,Sikkim,,,,27.330917,88.450528,,,,uploaded landslide_report.pdf
26523,SKM/NS/78A03/2017/56,Sikkim,,,,27.33325,88.213583,,,,uploaded landslide_report.pdf
26524,SKM/NS/78A03/2017/53,Sikkim,,,,27.333333,88.212972,,,,uploaded landslide_report.pdf
26525,SKM/NS/78A03/2017/54,Sikkim,,,,27.335,88.206722,,,,uploaded landslide_report.pdf
26526,SKM/ES/78A11/2015/417,Sikkim,,,,27.337194,88.621833,,,,uploaded landslide_report.pdf
26527,SKM/NS/78A03/2017/50,Sikkim,,,,27.339806,88.227361,,,,uploaded landslide_report.pdf
26528,SKM/ES/78A11/2015/416,Sikkim,,,,27.340917,88.628389,,,,uploaded landslide_report.pdf
26529,SKM/ES/78A11/2015/412,Sikkim,,,,27.341444,88.626194,,,,uploaded landslide_report.pdf
26530,SKM/NS/78A03/2017/51,Sikkim,,,,27.342,88.223722,,,,uploaded landslide_report.pdf
26531,SKM/NS/78A03/2017/60,Sikkim,,,,27.345028,88.246639,,,,uploaded landslide_report.pdf
26532,SKM/NS/78A03/2017/55,Sikkim,,,,27.347278,88.196833,,,,uploaded landslide_report.pdf
26533,SKM/ES/78A11/2015/46,Sikkim,,,,27.348722,88.600556,,,,uploaded landslide_report.pdf
26534,SKM/SS/78A07/2015/53,Sikkim,,,,27.351194,88.272417,,,,uploaded landslide_report.pdf
26535,SKM/WS/78A07/2015/381,Sikkim,,,,27.3515,88.273028,,,,uploaded landslide_report.pdf
26536,SKM/NS/78A15/2017/155,Sikkim,,,,27.358583,88.840194,,,,uploaded landslide_report.pdf
26537,SKM/NS/78A15/2017/154,Sikkim,,,,27.361583,88.839306,,,,uploaded landslide_report.pdf
26538,SKM/NS/78A15/2017/148,Sikkim,,,,27.364583,88.787333,,,,uploaded landslide_report.pdf
26539,SKM/NS/78A15/2017/153,Sikkim,,,,27.364722,88.834917,,,,uploaded landslide_report.pdf
26540,SKM/ES/78A11/2015/410,Sikkim,,,,27.365056,88.655167,,,,uploaded landslide_report.pdf
26541,SKM/SS/78A07/2015/342,Sikkim,,,,27.366944,88.449806,,,,uploaded landslide_report.pdf
26542,SKM/NS/78A15/2017/146,Sikkim,,,,27.367111,88.776028,,,,uploaded landslide_report.pdf
26543,SKM/ES/78A11/2015/161,Sikkim,,,,27.368194,88.711167,,,,uploaded landslide_report.pdf
26544,SKM/ES/78A11/2015/398,Sikkim,,,,27.368278,88.711278,,,,uploaded landslide_report.pdf
26545,SKM/NS/78A15/2017/149,Sikkim,,,,27.368917,88.794611,,,,uploaded landslide_report.pdf
26546,SKM/ES/78A11/2015/405,Sikkim,,,,27.369306,88.691583,,,,uploaded landslide_report.pdf
26547,SKM/ES/78A11/2015/160,Sikkim,,,,27.369333,88.714917,,,,uploaded landslide_report.pdf
26548,SKM/SS/78A07/2015/341,Sikkim,,,,27.369778,88.456833,,,,uploaded landslide_report.pdf
26549,SKM/ES/78A11/2015/415,Sikkim,,,,27.370083,88.67925,,,,uploaded landslide_report.pdf
26550,SKM/ES/78A11/2015/406,Sikkim,,,,27.370472,88.686417,,,,uploaded landslide_report.pdf
26551,SKM/ES/78A11/2015/408,Sikkim,,,,27.37075,88.679444,,,,uploaded landslide_report.pdf
26552,SKM/ES/78A11/2015/407,Sikkim,,,,27.370861,88.683167,,,,uploaded landslide_report.pdf
26553,SKM/ES/78A07/2015/166,Sikkim,,,,27.370972,88.710111,,,,uploaded landslide_report.pdf
26554,SKM/ES/78A11/2015/399,Sikkim,,,,27.371472,88.709722,,,,uploaded landslide_report.pdf
26555,SKM/ES/78A11/2015/409,Sikkim,,,,27.371806,88.677167,,,,uploaded landslide_report.pdf
26556,SKM/ES/78A11/2015/404,Sikkim,,,,27.372278,88.688944,,,,uploaded landslide_report.pdf
26557,SKM/ES/78A11/2015/57,Sikkim,,,,27.372333,88.617556,,,,uploaded landslide_report.pdf
26558,SKM/ES/78A11/2015/136,Sikkim,,,,27.372806,88.739139,,,,uploaded landslide_report.pdf
26559,SKM/ES/78A11/2015/140,Sikkim,,,,27.373083,88.720028,,,,uploaded landslide_report.pdf
26560,SKM/ES/78A11/2015/397,Sikkim,,,,27.373472,88.721944,,,,uploaded landslide_report.pdf
26561,SKM/ES/78A11/2015/137,Sikkim,,,,27.373472,88.731722,,,,uploaded landslide_report.pdf
26562,SKM/NS/78A11/2015/78,Sikkim,,,,27.374583,88.542444,,,,uploaded landslide_report.pdf
26563,SKM/NS/78A11/2015/02,Sikkim,,,,27.374583,88.542333,,,,uploaded landslide_report.pdf
26564,SKM/NS/78A15/2017/147,Sikkim,,,,27.37475,88.782889,,,,uploaded landslide_report.pdf
26565,SKM/ES/78A11/2015/138,Sikkim,,,,27.375028,88.728278,,,,uploaded landslide_report.pdf
26566,SKM/NS/78A11/2015/79,Sikkim,,,,27.375139,88.542833,,,,uploaded landslide_report.pdf
26567,SKM/ES/78A11/2015/400,Sikkim,,,,27.375139,88.708028,,,,uploaded landslide_report.pdf
26568,SKM/NS/78A11/2015/01,Sikkim,,,,27.375194,88.54275,,,,uploaded landslide_report.pdf
26569,SKM/ES/78A11/2015/58,Sikkim,,,,27.375806,88.625278,,,,uploaded landslide_report.pdf
26570,SKM/ES/78A11/2015/139,Sikkim,,,,27.375833,88.726722,,,,uploaded landslide_report.pdf
26571,SKM/NS/78A15/2017/150,Sikkim,,,,27.376222,88.799667,,,,uploaded landslide_report.pdf
26572,SKM/ES/78A11/2015/59,Sikkim,,,,27.376306,88.629583,,,,uploaded landslide_report.pdf
26573,SKM/NS/78A15/2017/144,Sikkim,,,,27.376861,88.766167,,,,uploaded landslide_report.pdf
26574,SKM/NS/78A15/2017/145,Sikkim,,,,27.378306,88.770083,,,,uploaded landslide_report.pdf
26575,SKM/ES/78A11/2015/402,Sikkim,,,,27.378417,88.697222,,,,uploaded landslide_report.pdf
26576,SKM/NS/78A11/2015/80,Sikkim,,,,27.378444,88.541667,,,,uploaded landslide_report.pdf
26577,SKM/ES/78A11/2015/60,Sikkim,,,,27.378611,88.631083,,,,uploaded landslide_report.pdf
26578,SKM/ES/78A11/2015/414,Sikkim,,,,27.378667,88.699611,,,,uploaded landslide_report.pdf
26579,SKM/WS/78A07/2015/357,Sikkim,,,,27.379639,88.315361,,,,uploaded landslide_report.pdf
26580,SKM/ES/78A11/2015/413,Sikkim,,,,27.380806,88.726,,,,uploaded landslide_report.pdf
26581,SKM/NS/78A15/2017/152,Sikkim,,,,27.380861,88.812361,,,,uploaded landslide_report.pdf
26582,SKM/ES/78A11/2015/61,Sikkim,,,,27.381278,88.632611,,,,uploaded landslide_report.pdf
26583,SKM/ES/78A11/2015/411,Sikkim,,,,27.381306,88.690444,,,,uploaded landslide_report.pdf
26584,SKM/ES/78A11/2015/403,Sikkim,,,,27.381556,88.691806,,,,uploaded landslide_report.pdf
26585,SKM/ES/78A11/2015/63,Sikkim,,,,27.381917,88.640333,,,,uploaded landslide_report.pdf
26586,SKM/ES/78A11/2015/401,Sikkim,,,,27.383361,88.702611,,,,uploaded landslide_report.pdf
26587,SKM/WS/78A07/2015/356,Sikkim,,,,27.383611,88.305806,,,,uploaded landslide_report.pdf
26588,SKM/NS/78A15/2017/151,Sikkim,,,,27.38375,88.808694,,,,uploaded landslide_report.pdf
26589,SKM/ES/78A11/2015/62,Sikkim,,,,27.383806,88.633083,,,,uploaded landslide_report.pdf
26590,SKM/ES/78A11/2015/64,Sikkim,,,,27.384444,88.639611,,,,uploaded landslide_report.pdf
26591,SKM/WS/78A07/2015/355,Sikkim,,,,27.389222,88.310972,,,,uploaded landslide_report.pdf
26592,SKM/WS/78A07/2015/354,Sikkim,,,,27.393139,88.310139,,,,uploaded landslide_report.pdf
26593,SKM/ES/78A11/2015/65,Sikkim,,,,27.394,88.62525,,,,uploaded landslide_report.pdf
26594,SKM/WS/78A07/2015/353,Sikkim,,,,27.395028,88.307389,,,,uploaded landslide_report.pdf
26595,SKM/ES/78A11/2015/66,Sikkim,,,,27.395444,88.623583,,,,uploaded landslide_report.pdf
26596,SKM/NS/78A11/2015/04,Sikkim,,,,27.3955,88.623556,,,,uploaded landslide_report.pdf
26597,SKM/WS/78A07/2015/352,Sikkim,,,,27.3955,88.306889,,,,uploaded landslide_report.pdf
26598,SKM/NS/78A11/2015/82,Sikkim,,,,27.395556,88.517528,,,,uploaded landslide_report.pdf
26599,SKM/ES/78A11/2015/67,Sikkim,,,,27.395639,88.621667,,,,uploaded landslide_report.pdf
26600,SKM/NS/78A11/2015/81,Sikkim,,,,27.397083,88.519167,,,,uploaded landslide_report.pdf
26601,SKM/WS/78A07/2015/375,Sikkim,,,,27.397389,88.356139,,,,uploaded landslide_report.pdf
26602,SKM/ES/78A11/2015/68,Sikkim,,,,27.398083,88.614583,,,,uploaded landslide_report.pdf
26603,SKM/WS/78A07/2015/377,Sikkim,,,,27.399806,88.329139,,,,uploaded landslide_report.pdf
26604,SKM/WS/78A07/2015/376,Sikkim,,,,27.400278,88.356861,,,,uploaded landslide_report.pdf
26605,SKM/NS/78A11/2015/76,Sikkim,,,,27.40825,88.571167,,,,uploaded landslide_report.pdf
26606,SKM/NS/78A11/2015/77,Sikkim,,,,27.409667,88.543722,,,,uploaded landslide_report.pdf
26607,SKM/NOR/78A11/2014/007,Sikkim,,,,27.4097,88.54371,,,,uploaded landslide_report.pdf
26608,SKM/NS/78A11/2015/09,Sikkim,,,,27.409861,88.543722,,,,uploaded landslide_report.pdf
26609,SKM/NS/78A11/2015/83,Sikkim,,,,27.411306,88.516611,,,,uploaded landslide_report.pdf
26610,SKM/NS/78A11/2015/69,Sikkim,,,,27.412111,88.627083,,,,uploaded landslide_report.pdf
26611,SKM/NS/78A11/2015/03,Sikkim,,,,27.412111,88.626944,,,,uploaded landslide_report.pdf
26612,SKM/NS/78A11/2015/24,Sikkim,,,,24.0,88.622361,,,,uploaded landslide_report.pdf
26613,SKM/NS/78A11/2015/71,Sikkim,,,,27.417389,88.621222,,,,uploaded landslide_report.pdf
26614,SKM/NS/78A11/2015/23,Sikkim,,,,23.0,88.621083,,,,uploaded landslide_report.pdf
26615,SKM/NS/78A11/2015/25,Sikkim,,,,25.0,88.623389,,,,uploaded landslide_report.pdf
26616,SKM/NS/78A11/2015/26,Sikkim,,,,26.0,88.623361,,,,uploaded landslide_report.pdf
26617,SKM/NS/78A11/2015/70,Sikkim,,,,27.418,88.623333,,,,uploaded landslide_report.pdf
26618,SKM/NS/78A11/2015/05,Sikkim,,,,27.418472,88.616083,,,,uploaded landslide_report.pdf
26619,SKM/NS/78A11/2015/06,Sikkim,,,,27.418667,88.616778,,,,uploaded landslide_report.pdf
26620,SKM/NS/78A11/2015/84,Sikkim,,,,27.420028,88.515944,,,,uploaded landslide_report.pdf
26621,SKM/NS/78A11/2015/85,Sikkim,,,,27.426,88.514,,,,uploaded landslide_report.pdf
26622,SKM/NS/78A11/2015/74,Sikkim,,,,27.426361,88.583028,,,,uploaded landslide_report.pdf
26623,SKM/NS/78A11/2015/75,Sikkim,,,,27.426361,88.583028,,,,uploaded landslide_report.pdf
26624,SKM/NS/78A11/2015/72,Sikkim,,,,27.429556,88.611667,,,,uploaded landslide_report.pdf
26625,SKM/NS/78A11/2015/86,Sikkim,,,,27.433083,88.514528,,,,uploaded landslide_report.pdf
26626,SKM/NS/78A11/2015/87,Sikkim,,,,27.435944,88.515167,,,,uploaded landslide_report.pdf
26627,SKM/NS/78A11/2015/10,Sikkim,,,,27.436556,88.526639,,,,uploaded landslide_report.pdf
26628,SKM/NS/78A11/2015/73,Sikkim,,,,27.437444,88.613972,,,,uploaded landslide_report.pdf
26629,SKM/NS/78A11/2015/07,Sikkim,,,,27.437889,88.601694,,,,uploaded landslide_report.pdf
26630,SKM/NS/78A11/2015/08,Sikkim,,,,27.437889,88.601694,,,,uploaded landslide_report.pdf
26631,SKM/NS/78A11/2015/11,Sikkim,,,,27.438139,88.527028,,,,uploaded landslide_report.pdf
26632,SKM/NS/78A11/2015/88,Sikkim,,,,27.438389,88.514389,,,,uploaded landslide_report.pdf
26633,SKM/NS/78A11/2015/12,Sikkim,,,,27.438778,88.527444,,,,uploaded landslide_report.pdf
26634,SKM/NS/78A11/2015/89,Sikkim,,,,27.441056,88.513694,,,,uploaded landslide_report.pdf
26635,SKM/NS/78A11/2015/90,Sikkim,,,,27.448306,88.519667,,,,uploaded landslide_report.pdf
26636,SKM/NS/78A11/2015/91,Sikkim,,,,27.461694,88.523472,,,,uploaded landslide_report.pdf
26637,SKM/NS/78A11/2015/92,Sikkim,,,,27.4795,88.528472,,,,uploaded landslide_report.pdf
26638,SKM/NS/78A11/2015/95,Sikkim,,,,27.480472,88.531194,,,,uploaded landslide_report.pdf
26639,SKM/NS/78A11/2015/96,Sikkim,,,,27.481083,88.530667,,,,uploaded landslide_report.pdf
26640,SKM/NS/78A11/2015/93,Sikkim,,,,27.482583,88.52875,,,,uploaded landslide_report.pdf
26641,SKM/NS/78A11/2015/94,Sikkim,,,,27.482583,88.529528,,,,uploaded landslide_report.pdf
26642,SKM/NOR/78A11/2014/006,Sikkim,,,,27.48603,88.53269,,,,uploaded landslide_report.pdf
26643,SKM/NS/78A10/2017/166,Sikkim,,,,27.502,88.5375,,,,uploaded landslide_report.pdf
26644,SKM/NOR/78A10/2014/004,Sikkim,,,,27.5091,88.53848,,,,uploaded landslide_report.pdf
26645,SKM/NS/78A10/2017/169,Sikkim,,,,27.514972,88.565472,,,,uploaded landslide_report.pdf
26646,SKM/NOR/78A10/2014/005,Sikkim,,,,27.5152,88.56456,,,,uploaded landslide_report.pdf
26647,SKM/NS/78A10/2017/170,Sikkim,,,,27.516444,88.587361,,,,uploaded landslide_report.pdf
26648,SKM/NS/78A10/2017/167,Sikkim,,,,27.517278,88.539667,,,,uploaded landslide_report.pdf
26649,SKM/NS/78A10/2017/168,Sikkim,,,,27.517306,88.542889,,,,uploaded landslide_report.pdf
26650,SKM/NS/78A10/2017/175,Sikkim,,,,27.527194,88.603222,,,,uploaded landslide_report.pdf
26651,SKM/NS/78A10/2017/171,Sikkim,,,,27.527333,88.590778,,,,uploaded landslide_report.pdf
26652,SKM/NS/78A10/2017/176,Sikkim,,,,27.527722,88.607972,,,,uploaded landslide_report.pdf
26653,SKM/NS/78A10/2017/174,Sikkim,,,,27.527917,88.60225,,,,uploaded landslide_report.pdf
26654,SKM/NS/78A10/2017/173,Sikkim,,,,27.528722,88.600833,,,,uploaded landslide_report.pdf
26655,SKM/NS/78A10/2017/172,Sikkim,,,,27.529639,88.598139,,,,uploaded landslide_report.pdf
26656,SKM/NS/78A10/2017/177,Sikkim,,,,27.531667,88.606333,,,,uploaded landslide_report.pdf
26657,SKM/NS/78A10/2017/178,Sikkim,,,,27.533722,88.609278,,,,uploaded landslide_report.pdf
26658,SKM/NS/78A10/2017/179,Sikkim,,,,27.535056,88.610194,,,,uploaded landslide_report.pdf
26659,SK/ED/78A6/2016/01,Sikkim,,,,27.535333,88.497972,,,,uploaded landslide_report.pdf
26660,SKM/NS/78A10/2017/180,Sikkim,,,,27.5435,88.628306,,,,uploaded landslide_report.pdf
26661,SKM/NS/78A10/2017/196,Sikkim,,,,27.54375,88.58475,,,,uploaded landslide_report.pdf
26662,SKM/NS/78A10/2017/181,Sikkim,,,,27.545694,88.636,,,,uploaded landslide_report.pdf
26663,SKM/NS/78A10/2017/195,Sikkim,,,,27.545861,88.585194,,,,uploaded landslide_report.pdf
26664,SKM/NS/78A10/2017/194,Sikkim,,,,27.546333,88.586472,,,,uploaded landslide_report.pdf
26665,SKM/NS/78A10/2017/190,Sikkim,,,,27.547111,88.602667,,,,uploaded landslide_report.pdf
26666,SKM/NS/78A10/2017/182,Sikkim,,,,27.548417,88.641944,,,,uploaded landslide_report.pdf
26667,SKM/NS/78A10/2017/191,Sikkim,,,,27.549194,88.583556,,,,uploaded landslide_report.pdf
26668,SKM/NS/78A10/2017/183,Sikkim,,,,27.549306,88.644889,,,,uploaded landslide_report.pdf
26669,SKM/NS/78A10/2017/184,Sikkim,,,,27.550917,88.646056,,,,uploaded landslide_report.pdf
26670,SKM/NS/78A10/2017/185,Sikkim,,,,27.552528,88.653528,,,,uploaded landslide_report.pdf
26671,SKM/NS/78A10/2017/189,Sikkim,,,,27.552861,88.622306,,,,uploaded landslide_report.pdf
26672,SKM/NS/78A10/2017/192,Sikkim,,,,27.553556,88.581222,,,,uploaded landslide_report.pdf
26673,SKM/NS/78A10/2017/193,Sikkim,,,,27.553583,88.577194,,,,uploaded landslide_report.pdf
26674,SKM/NS/78A10/2017/186,Sikkim,,,,27.554889,88.654444,,,,uploaded landslide_report.pdf
26675,SKM/NS/78A10/2017/188,Sikkim,,,,27.55525,88.647556,,,,uploaded landslide_report.pdf
26676,SKM/NS/78A10/2017/187,Sikkim,,,,27.575444,88.651417,,,,uploaded landslide_report.pdf
26677,SKM/NS/78A10/2017/197,Sikkim,,,,27.609056,88.652028,,,,uploaded landslide_report.pdf
26678,SKM/NS/78A10/2017/198,Sikkim,,,,27.611333,88.655222,,,,uploaded landslide_report.pdf
26679,SKM/NS/78A10/2017/199,Sikkim,,,,27.613444,88.656528,,,,uploaded landslide_report.pdf
26680,SKM/NS/78A10/2017/230,Sikkim,,,,27.61775,88.623639,,,,uploaded landslide_report.pdf
26681,SKM/NS/78A10/2017/229,Sikkim,,,,27.619722,88.618861,,,,uploaded landslide_report.pdf
26682,SKM/NS/78A10/2017/228,Sikkim,,,,27.621806,88.618694,,,,uploaded landslide_report.pdf
26683,SKM/NS/78A10/2017/200,Sikkim,,,,27.628083,88.685306,,,,uploaded landslide_report.pdf
26684,SKM/NS/78A10/2017/202,Sikkim,,,,27.629361,88.695194,,,,uploaded landslide_report.pdf
26685,SKM/NS/78A10/2017/201,Sikkim,,,,27.6295,88.692778,,,,uploaded landslide_report.pdf
26686,SKM/NS/78A10/2017/227,Sikkim,,,,27.629944,88.619833,,,,uploaded landslide_report.pdf
26687,SKM/NS/78A10/2017/203,Sikkim,,,,27.637167,88.712028,,,,uploaded landslide_report.pdf
26688,SKM/NS/78A10/2017/204,Sikkim,,,,27.638694,88.711694,,,,uploaded landslide_report.pdf
26689,SKM/NS/78A10/2017/226,Sikkim,,,,27.641139,88.612,,,,uploaded landslide_report.pdf
26690,SKM/NS/78A10/2017/225,Sikkim,,,,27.652861,88.607,,,,uploaded landslide_report.pdf
26691,SKM/NS/78A10/2017/224,Sikkim,,,,27.662444,88.602556,,,,uploaded landslide_report.pdf
26692,SKM/NS/78A10/2017/205,Sikkim,,,,27.675778,88.733417,,,,uploaded landslide_report.pdf
26693,SKM/NS/78A10/2017/223,Sikkim,,,,27.676722,88.597194,,,,uploaded landslide_report.pdf
26694,SKM/NS/78A10/2017/206,Sikkim,,,,27.686389,88.73875,,,,uploaded landslide_report.pdf
26695,SKM/NS/78A10/2017/222,Sikkim,,,,27.697139,88.57025,,,,uploaded landslide_report.pdf
26696,SKM/NS/78A10/2017/221,Sikkim,,,,27.700444,88.566083,,,,uploaded landslide_report.pdf
26697,SKM/NS/78A10/2017/220,Sikkim,,,,27.701333,88.565083,,,,uploaded landslide_report.pdf
26698,SKM/NS/78A10/2017/219,Sikkim,,,,27.703917,88.562306,,,,uploaded landslide_report.pdf
26699,SKM/NS/78A10/2017/218,Sikkim,,,,27.704028,88.56175,,,,uploaded landslide_report.pdf
26700,SKM/NS/78A10/2017/217,Sikkim,,,,27.704306,88.560694,,,,uploaded landslide_report.pdf
26701,SKM/NS/78A10/2017/216,Sikkim,,,,27.713944,88.557361,,,,uploaded landslide_report.pdf
26702,SKM/NS/78A10/2017/215,Sikkim,,,,27.723611,88.550472,,,,uploaded landslide_report.pdf
26703,SKM/NS/78A10/2017/214,Sikkim,,,,27.724222,88.552861,,,,uploaded landslide_report.pdf
26704,SKM/NS/78A10/2017/213,Sikkim,,,,27.726083,88.54975,,,,uploaded landslide_report.pdf
26705,SKM/NS/78A10/2017/212,Sikkim,,,,27.728472,88.551667,,,,uploaded landslide_report.pdf
26706,SKM/NS/78A10/2017/211,Sikkim,,,,27.735278,88.54925,,,,uploaded landslide_report.pdf
26707,SKM/NS/78A10/2017/210,Sikkim,,,,27.74075,88.54525,,,,uploaded landslide_report.pdf
26708,SKM/NS/78A10/2017/209,Sikkim,,,,27.740944,88.545361,,,,uploaded landslide_report.pdf
26709,SKM/NS/78A10/2017/208,Sikkim,,,,27.745194,88.544278,,,,uploaded landslide_report.pdf
26710,SKM/NS/78A10/2017/207,Sikkim,,,,27.749111,88.542972,,,,uploaded landslide_report.pdf
26711,SKM/EAST/78A12/2015/001,Sikkim,,,,27.18822222,88.56238889,,,,uploaded landslide_report.pdf
26712,SKM/EAST/78A12/2015/002,Sikkim,,,,27.179,88.53313889,,,,uploaded landslide_report.pdf
26713,SKM/NORTH/78A11/2015/003,Sikkim,,,,27.46166,88.52341,,,,uploaded landslide_report.pdf
26714,SKM/EAST/78A11/2015/004,Sikkim,,,,27.33208,88.50902,,,,uploaded landslide_report.pdf
26724,SK/NS/78A11/,Sikkim,,,,27.38107778,88.64063333,,,,uploaded landslide_report.pdf
26729,Sikkim/NK/78A11/2022/SP1,Sikkim,,,,27.5401,88.56929167,,,,uploaded landslide_report.pdf
26730,Sikkim/NK/78A10/2022/II,Sikkim,,,,27.55314167,88.62179722,,,,uploaded landslide_report.pdf
26732,Sikkim/NK/78A10/2022/III,Sikkim,,,,27.54810833,88.60807778,,,,uploaded landslide_report.pdf
26733,Sikkim/NK/78A10/2022/IV,Sikkim,,,,27.55236944,88.58208333,,,,uploaded landslide_report.pdf
26766,SK/ES/78A11/2021/1,Sikkim,,,,27.38155556,88.63883333,,,,uploaded landslide_report.pdf
26782,SKM/Gangtok/78A11/2022,Sikkim,,,,27.2535,88.54141667,,,,uploaded landslide_report.pdf
26785,SKM/Namchi/78A08/2022/Doro,Sikkim,,,,27.11955556,88.32275,,,,uploaded landslide_report.pdf
26786,SKM/Soreng/78A08/2022/Kamli,Sikkim,,,,27.190191,88.325507,,,,uploaded landslide_report.pdf
26787,SKM/Gangtok/78A11/2022,Sikkim,,,,27.32633333,88.59544444,,,,uploaded landslide_report.pdf
26788,SKM/Namchi/78A08/2022/Gom,Sikkim,,,,27.11236111,88.32455556,,,,uploaded landslide_report.pdf
26791,SKM/ES/78,Sikkim,,,,27.24883333,88.60191667,,,,uploaded landslide_report.pdf
26794,SKM/Gangtok/78A11/2023/01/,Sikkim,,,,27.39336667,88.52236944,,,,uploaded landslide_report.pdf
26798,SKM/Geyzing/78A08/2022/01,Sikkim,,,,27.19950556,88.32696111,,,,uploaded landslide_report.pdf
26801,SKM/Namchi/78A08/2022/01,Sikkim,,,,27.09725,88.3825,,,,uploaded landslide_report.pdf
26802,SKM/Pakyong/78A12/2023,Sikkim,,,,27.17748333,88.52165833,,,,uploaded landslide_report.pdf
26805,SKM/MAN/78A10/10/2023,Sikkim,,,,27.54308333,88.62675,,,,uploaded landslide_report.pdf
26806,SKM/MAN/78A11/11/2023,Sikkim,,,,27.40251944,88.51868056,,,,uploaded landslide_report.pdf
26808,SI/GAN/78A07/2024/48,Sikkim,,,,27.2525,88.4606,,,,uploaded landslide_report.pdf
26809,SI/GAN/78A08/2025/01,Sikkim,,,,27.248882,88.476747,,,,uploaded landslide_report.pdf
26810,SI/MAN/78A11/2025/1,Sikkim,,,,27.4432,88.6087,,,,uploaded landslide_report.pdf
26811,SI/GYA/78A03/2025/01,Sikkim,,,,27.327977,88.152281,,,,uploaded landslide_report.pdf
26812,SI/GTK/78A11/2025/02,Sikkim,,,,27.372611,88.541022,,,,uploaded landslide_report.pdf
26813,SI/GTK/78A11/2025/03,Sikkim,,,,27.33787,88.609377,,,,uploaded landslide_report.pdf
26816,SKM-01/2012-13,Sikkim,,,,27.26063889,88.71438889,,,,uploaded landslide_report.pdf
26817,SKM-02/2012-13,Sikkim,,,,27.26616667,88.72697222,,,,uploaded landslide_report.pdf
26818,SKM-03/2012-13,Sikkim,,,,27.26544444,88.72252778,,,,uploaded landslide_report.pdf
26819,SKM-04/2012-13,Sikkim,,,,27.37441667,88.54505556,,,,uploaded landslide_report.pdf
26820,SKM-05/2012-13,Sikkim,,,,27.36977778,88.54466667,,,,uploaded landslide_report.pdf
26821,SKM-06/2012-13,Sikkim,,,,27.59027778,88.65394444,,,,uploaded landslide_report.pdf
26822,SKM-07/2012-13,Sikkim,,,,27.57502778,88.65402778,,,,uploaded landslide_report.pdf
26823,SKM-08/2012-13,Sikkim,,,,27.56111111,88.65452778,,,,uploaded landslide_report.pdf
26824,SKM-09/2012-13,Sikkim,,,,27.52838889,88.59972222,,,,uploaded landslide_report.pdf
26825,SKM-10/2012-13,Sikkim,,,,27.56941667,88.65272222,,,,uploaded landslide_report.pdf
26826,SKM-11/2012-13,Sikkim,,,,27.51491667,88.56313889,,,,uploaded landslide_report.pdf
26827,SKM/78A11/2009,Sikkim,,,,27.51444444,88.56777778,,,,uploaded landslide_report.pdf
26828,7253,Sikkim,,,,27.25102,88.460004,,,,uploaded landslide_report.pdf
26829,TR/DHA/84A02/2015/55,Tripura,,,,23.653556,92.035139,,,,uploaded landslide_report.pdf
26830,TR/DHA/84A02/2015/19,Tripura,,,,23.663361,92.015111,,,,uploaded landslide_report.pdf
26831,TR/DHA/84A02/2015/5,Tripura,,,,23.678056,92.038028,,,,uploaded landslide_report.pdf
26832,TR/DHA/84A02/2015/6,Tripura,,,,23.679,92.039278,,,,uploaded landslide_report.pdf
26833,TR/DHA/84A02/2015/17,Tripura,,,,23.687417,92.054528,,,,uploaded landslide_report.pdf
26834,TR/DHA/84A02/2015/16,Tripura,,,,23.691167,92.055444,,,,uploaded landslide_report.pdf
26835,TR/DHA/84A02/2015/18,Tripura,,,,23.692222,92.015833,,,,uploaded landslide_report.pdf
26836,TR/DHA/84A02/2015/1,Tripura,,,,23.693,92.054472,,,,uploaded landslide_report.pdf
26837,TR/DHA/84A02/2015/2,Tripura,,,,23.693,92.014361,,,,uploaded landslide_report.pdf
26838,TR/DHA/84A02/2015/15,Tripura,,,,23.694139,92.013278,,,,uploaded landslide_report.pdf
26839,TR/NTR/84A02/2015/4,Tripura,,,,23.697694,92.071194,,,,uploaded landslide_report.pdf
26840,TR/DHA/84A02/2015/21,Tripura,,,,21.0,92.044694,,,,uploaded landslide_report.pdf
26841,TR/NTR/84A02/2015/54,Tripura,,,,23.727194,92.242722,,,,uploaded landslide_report.pdf
26842,TR/DHA/84A01/2015/23,Tripura,,,,23.0,92.125833,,,,uploaded landslide_report.pdf
26844,TR/GMT/79M10/2018/007,Tripura,,,,23.794253,91.553533,,,,uploaded landslide_report.pdf
26845,TR/DHA/84A01/2015/39,Tripura,,,,23.797306,92.120417,,,,uploaded landslide_report.pdf
26846,TR/DHA/84A01/2015/38,Tripura,,,,23.805528,92.120417,,,,uploaded landslide_report.pdf
26847,TR/DHA/84A01/2015/22,Tripura,,,,22.0,92.094417,,,,uploaded landslide_report.pdf
26848,TR/NTR/84A05/2015/3,Tripura,,,,23.824722,92.260722,,,,uploaded landslide_report.pdf
26849,TR/DHA/84A01/2015/20,Tripura,,,,20.0,92.023389,,,,uploaded landslide_report.pdf
26850,TRI/TRI-W/79M05/2009/G-1,Tripura,,,,23.85417,91.34361,,,,uploaded landslide_report.pdf
26851,TR/NTR/84A01/2015/37,Tripura,,,,23.882833,92.241583,,,,uploaded landslide_report.pdf
26852,TR/NTR/84A05/2015/25,Tripura,,,,25.0,92.272528,,,,uploaded landslide_report.pdf
26853,TR/NTR/84A05/2015/32,Tripura,,,,23.891083,92.288361,,,,uploaded landslide_report.pdf
26854,TR/NTR/84A05/2015/30,Tripura,,,,30.0,92.288056,,,,uploaded landslide_report.pdf
26855,TR/NTR/84A05/2015/26,Tripura,,,,26.0,92.272667,,,,uploaded landslide_report.pdf
26856,TR/NTR/84A05/2015/31,Tripura,,,,23.894667,92.287972,,,,uploaded landslide_report.pdf
26857,TR/NTR/84A05/2015/28,Tripura,,,,28.0,92.296667,,,,uploaded landslide_report.pdf
26858,TR/NTR/84A05/2015/27,Tripura,,,,27.0,92.283361,,,,uploaded landslide_report.pdf
26859,TR/NTR/84A05/2015/33,Tripura,,,,23.896806,92.283361,,,,uploaded landslide_report.pdf
26860,TR/NTR/84A05/2015/34,Tripura,,,,23.897556,92.282889,,,,uploaded landslide_report.pdf
26861,TR/NTR/84A05/2015/29,Tripura,,,,29.0,92.279222,,,,uploaded landslide_report.pdf
26862,TR/NTR/84A05/2015/14,Tripura,,,,23.906917,92.271944,,,,uploaded landslide_report.pdf
26863,TR/NTR/84A05/2015/13,Tripura,,,,23.914472,92.27125,,,,uploaded landslide_report.pdf
26864,TR/NTR/84A05/2015/12,Tripura,,,,23.927194,92.275389,,,,uploaded landslide_report.pdf
26865,TR/NTR/84A01/2015/10,Tripura,,,,23.953333,92.233139,,,,uploaded landslide_report.pdf
26869,TR/DHA/84D04/2015/56,Tripura,,,,24.028194,92.091861,,,,uploaded landslide_report.pdf
26870,TR/NTR/84D08/2015/35,Tripura,,,,24.031139,92.2535,,,,uploaded landslide_report.pdf
26871,TR/DHA/84D04/2015/57,Tripura,,,,24.0335,92.100694,,,,uploaded landslide_report.pdf
26872,TR/DHA/84D04/2015/58,Tripura,,,,24.039139,92.106944,,,,uploaded landslide_report.pdf
26873,TR/NTR/84D08/2015/7,Tripura,,,,24.048556,92.314306,,,,uploaded landslide_report.pdf
26874,TR/NTR/84D08/2015/11,Tripura,,,,24.063194,92.28225,,,,uploaded landslide_report.pdf
26875,TR/NTR/84D08/2015/47,Tripura,,,,24.066639,92.277417,,,,uploaded landslide_report.pdf
26876,TR/NTR/84D08/2015/49,Tripura,,,,24.068472,92.290833,,,,uploaded landslide_report.pdf
26877,TR/NTR/84D08/2015/48,Tripura,,,,24.069444,92.287167,,,,uploaded landslide_report.pdf
26878,TR/NTR/84D08/2015/50,Tripura,,,,24.069556,92.291361,,,,uploaded landslide_report.pdf
26879,TR/NTR/84D08/2015/51,Tripura,,,,24.070611,92.290944,,,,uploaded landslide_report.pdf
26880,TR/NTR/84D08/2015/52,Tripura,,,,24.071167,92.291694,,,,uploaded landslide_report.pdf
26881,TR/NTR/84D08/2015/45,Tripura,,,,24.106444,92.276389,,,,uploaded landslide_report.pdf
26882,TR/NTR/84D08/2015/44,Tripura,,,,24.107028,92.276667,,,,uploaded landslide_report.pdf
26883,TR/NTR/84D08/2015/43,Tripura,,,,24.129083,92.277667,,,,uploaded landslide_report.pdf
26884,TR/NTR/84D08/2015/42,Tripura,,,,24.133306,92.27775,,,,uploaded landslide_report.pdf
26885,TR/NTR/84D08/2015/41,Tripura,,,,24.134722,92.277639,,,,uploaded landslide_report.pdf
26886,TR/NTR/84D08/2015/8,Tripura,,,,24.139861,92.319167,,,,uploaded landslide_report.pdf
26887,TR/NTR/84D08/2015/9,Tripura,,,,24.141694,92.322306,,,,uploaded landslide_report.pdf
26888,TR/NTR/84D08/2015/40,Tripura,,,,24.142722,92.273583,,,,uploaded landslide_report.pdf
26889,TR/NTR/84D08/2015/46,Tripura,,,,24.165583,92.268389,,,,uploaded landslide_report.pdf
26890,TR/DHA/84D08/2015/24,Tripura,,,,24.0,92.258111,,,,uploaded landslide_report.pdf
26891,TR/NTR/84D08/2015/36,Tripura,,,,24.228111,92.287417,,,,uploaded landslide_report.pdf
26892,TR/NTR/84D04/2015/53,Tripura,,,,24.240194,92.247861,,,,uploaded landslide_report.pdf
26893,TR/WTR/79M05/2018/003,Tripura,,,,24.325444,94.232583,,,,uploaded landslide_report.pdf
26894,TR/WTR/78P08/2018/001,Tripura,,,,24.781694,93.776056,,,,uploaded landslide_report.pdf
26895,TR/WTR/78P/08/2018/002,Tripura,,,,24.791306,93.735667,,,,uploaded landslide_report.pdf
26896,4682,Tripura,,,,23.993632,91.858355,,,,uploaded landslide_report.pdf
26897,TR-3/09-10,Tripura,,,,23.9,91.75622222,,,,uploaded landslide_report.pdf
26898,TR-4/09-10,Tripura,,,,23.89569444,91.76525,,,,uploaded landslide_report.pdf
26899,TR-5/09-10,Tripura,,,,23.88888889,91.78888889,,,,uploaded landslide_report.pdf
26900,TR-6/09-10,Tripura,,,,23.912,91.83852778,,,,uploaded landslide_report.pdf
26901,Tripura/Dhalai/78P16/2017/001,Tripura,,,,24.17072222,91.76697222,,,,uploaded landslide_report.pdf
26902,Tripura/Dhalai/78P16/2017/002,Tripura,,,,24.16966667,91.76686111,,,,uploaded landslide_report.pdf
26903,TR/BEL/79M/08/2021/02,Tripura,,,,23.22966667,91.49532222,,,,uploaded landslide_report.pdf
26904,TR/BEL/79M/07/2021/01,Tripura,,,,23.25229444,91.48825,,,,uploaded landslide_report.pdf
26905,4698,Tripura,,,,24.384311,92.126028,,,,uploaded landslide_report.pdf
26906,5706,Tripura,,,,24.477126,92.205369,,,,uploaded landslide_report.pdf
26907,5707,Tripura,,,,24.48556,92.212277,,,,uploaded landslide_report.pdf
26908,5708,Tripura,,,,24.489749,92.170312,,,,uploaded landslide_report.pdf
26909,5711,Tripura,,,,24.320111,92.216955,,,,uploaded landslide_report.pdf
26910,5712,Tripura,,,,24.314206,92.225824,,,,uploaded landslide_report.pdf
26911,5713,Tripura,,,,24.309993,92.22714,,,,uploaded landslide_report.pdf
26912,5714,Tripura,,,,24.352076,92.225188,,,,uploaded landslide_report.pdf
26913,5715,Tripura,,,,24.356023,92.225478,,,,uploaded landslide_report.pdf
26914,5716,Tripura,,,,24.4012,92.237233,,,,uploaded landslide_report.pdf
26915,5717,Tripura,,,,24.413873,92.241309,,,,uploaded landslide_report.pdf
26916,5718,Tripura,,,,24.414992,92.241894,,,,uploaded landslide_report.pdf
26917,5719,Tripura,,,,24.419026,92.242991,,,,uploaded landslide_report.pdf
26918,5720,Tripura,,,,24.43797,92.250464,,,,uploaded landslide_report.pdf
26919,5721,Tripura,,,,24.4349,92.249371,,,,uploaded landslide_report.pdf
26920,5722,Tripura,,,,24.437066,92.249961,,,,uploaded landslide_report.pdf
26921,5724,Tripura,,,,24.033017,92.26034,,,,uploaded landslide_report.pdf
26922,5745,Tripura,,,,24.24263,92.212137,,,,uploaded landslide_report.pdf
26923,5746,Tripura,,,,24.209473,92.27134,,,,uploaded landslide_report.pdf
26924,5781,Tripura,,,,23.91951111,91.87873333,,,,uploaded landslide_report.pdf
26925,7454,Tripura,,,,23.802772,91.272189,,,,uploaded landslide_report.pdf
